experiment_start,2025-05-28 09:31:01
frame,label,fps,infer_time_ms,confidence,cpu_percent,ram_percent
1,soap dispenser,1.58,430.25,0.0735,24.1,26.0
2,lotion,1.08,317.60,0.0455,27.5,26.3
3,soap dispenser,1.44,119.65,0.0691,52.9,27.1
4,lotion,1.85,30.19,0.1651,53.4,26.7
5,perfume,2.24,31.88,0.2962,56.9,27.2
6,perfume,2.58,49.46,0.9529,53.8,27.0
7,perfume,2.94,18.70,0.9536,53.8,27.2
8,perfume,3.27,25.82,0.9624,49.0,26.7
9,perfume,3.54,48.15,0.9817,58.4,27.2
10,perfume,3.76,53.68,0.9828,60.4,27.1
11,perfume,4.03,28.17,0.9791,55.8,27.2
12,perfume,4.28,33.44,0.9800,55.2,26.8
13,perfume,4.51,22.56,0.9768,57.6,27.2
14,perfume,4.74,27.69,0.9728,51.3,26.8
15,perfume,4.96,26.61,0.9768,56.9,27.3
16,perfume,5.17,27.96,0.9775,53.6,27.2
17,perfume,5.35,34.22,0.9756,55.4,27.2
18,perfume,5.50,44.50,0.9725,56.1,27.4
19,perfume,5.66,30.62,0.9749,54.6,27.3
20,perfume,5.83,24.35,0.9732,59.2,27.3
21,perfume,5.98,42.34,0.9743,56.7,27.3
22,perfume,6.13,25.22,0.9742,50.9,27.3
23,perfume,6.28,27.90,0.9775,58.6,26.8
24,perfume,6.34,33.85,0.9739,50.8,27.4
25,perfume,6.36,29.21,0.9754,50.0,27.4
26,perfume,6.44,20.55,0.9726,52.2,27.4
27,perfume,6.50,23.60,0.9767,52.6,27.3
28,perfume,6.46,19.50,0.9741,51.7,27.0
29,perfume,6.44,28.83,0.9758,49.6,26.7
30,perfume,6.47,25.74,0.9749,51.0,26.7
31,perfume,6.54,13.48,0.9716,56.7,27.2
32,perfume,6.61,14.75,0.9745,49.0,27.2
33,perfume,6.68,15.50,0.9761,53.5,27.2
34,perfume,6.75,17.68,0.9774,53.4,27.2
35,perfume,6.85,15.07,0.9751,52.4,26.6
36,perfume,6.88,16.26,0.9755,51.6,27.1
37,perfume,6.95,14.96,0.9739,51.0,27.1
38,perfume,7.02,16.18,0.9747,51.4,27.1
39,perfume,7.10,29.25,0.9752,52.0,26.9
40,perfume,7.17,18.19,0.9757,52.7,26.8
41,perfume,7.23,21.37,0.9781,50.7,26.7
42,perfume,7.28,14.21,0.9742,52.1,26.6
43,perfume,7.36,13.78,0.9773,54.6,27.2
44,perfume,7.42,15.38,0.9752,51.8,27.2
45,perfume,7.45,13.66,0.9721,47.6,27.2
46,perfume,7.39,14.13,0.9753,51.0,27.2
47,perfume,7.29,12.42,0.9780,43.5,26.7
48,perfume,7.29,30.58,0.9783,49.3,26.7
49,perfume,7.35,18.35,0.9524,50.0,27.2
50,perfume,7.37,26.95,0.9482,55.4,27.2
51,perfume,7.40,18.81,0.9047,51.1,27.2
52,perfume,7.43,26.12,0.9074,49.7,27.1
53,perfume,7.47,24.07,0.9090,52.5,27.2
54,perfume,7.52,15.01,0.9117,52.7,27.1
55,perfume,7.56,17.69,0.7806,49.4,26.7
56,perfume,7.61,23.30,0.7667,54.0,27.2
57,perfume,7.64,15.11,0.8768,49.3,27.2
58,perfume,7.71,13.80,0.9094,52.7,27.2
59,perfume,7.77,18.54,0.9055,50.0,27.2
60,perfume,7.83,24.07,0.8506,55.6,27.2
61,perfume,7.87,14.30,0.8247,52.5,27.2
62,perfume,7.93,20.17,0.8815,53.2,27.1
63,perfume,7.96,18.61,0.8984,51.4,26.8
64,perfume,7.99,19.50,0.9216,50.7,26.8
65,perfume,8.04,19.66,0.8591,52.8,26.6
66,perfume,8.05,20.22,0.8706,50.0,26.8
67,perfume,8.08,17.35,0.9461,52.8,26.6
68,perfume,8.14,14.75,0.8824,54.4,27.1
69,perfume,8.07,20.14,0.8016,50.3,27.1
70,perfume,8.06,30.25,0.8112,51.4,26.7
71,perfume,8.05,22.74,0.8067,52.1,26.7
72,perfume,8.07,24.24,0.8302,53.3,26.7
73,perfume,8.08,27.23,0.8313,52.6,26.5
74,perfume,8.05,12.69,0.8858,49.2,26.6
75,perfume,8.07,19.61,0.8727,50.3,27.1
76,perfume,8.10,17.84,0.8557,50.0,27.1
77,perfume,8.12,21.40,0.7997,51.0,27.0
78,perfume,8.14,16.06,0.7036,54.0,27.0
79,perfume,8.18,18.18,0.7106,53.3,27.0
80,perfume,8.20,13.69,0.6932,52.7,27.0
81,perfume,8.24,13.97,0.6987,49.1,27.1
82,perfume,8.29,15.70,0.7523,53.7,27.0
83,perfume,8.33,16.33,0.7884,53.8,27.0
84,perfume,8.35,14.27,0.7630,49.7,26.9
85,perfume,8.39,17.13,0.7367,57.4,27.1
86,perfume,8.44,14.17,0.7362,52.6,27.0
87,perfume,8.48,13.58,0.7808,54.5,27.1
88,perfume,8.45,18.83,0.7019,48.7,27.0
89,perfume,8.49,18.59,0.8122,56.8,27.0
90,saltshaker,8.52,25.93,0.0740,51.3,27.0
91,cleaver,8.57,20.57,0.0339,53.8,27.1
92,whiskey jug,8.60,26.42,0.0547,53.7,27.1
93,whiskey jug,8.64,16.81,0.0580,48.5,26.7
94,envelope,8.67,29.68,0.0599,57.1,27.0
95,envelope,8.70,26.23,0.1122,57.1,27.1
96,paper towel,8.68,15.75,0.0858,51.9,27.1
97,paper towel,8.69,14.20,0.1851,50.0,27.1
98,paper towel,8.71,14.76,0.1123,49.6,27.1
99,paper towel,8.70,19.34,0.2062,50.2,26.7
100,paper towel,8.70,18.44,0.1444,48.3,27.1
101,paper towel,8.71,17.35,0.1867,51.6,27.1
102,paper towel,8.69,15.95,0.1488,50.2,27.1
103,paper towel,8.70,25.81,0.1818,51.2,27.1
104,paper towel,8.67,17.97,0.1683,47.9,26.6
105,paper towel,8.65,16.12,0.1898,50.0,26.6
106,paper towel,8.65,16.24,0.1367,49.2,26.6
107,paper towel,8.62,19.80,0.1774,47.9,26.6
108,paper towel,8.61,21.57,0.1727,47.6,26.6
109,paper towel,8.62,19.18,0.1300,50.9,26.7
110,paper towel,8.62,16.36,0.1080,50.0,26.4
111,paper towel,8.63,24.82,0.1939,50.9,26.6
112,paper towel,8.61,35.68,0.1558,53.0,26.7
113,paper towel,8.60,13.02,0.1343,51.0,26.5
114,paper towel,8.60,15.36,0.1803,49.0,26.6
115,paper towel,8.61,13.84,0.1181,49.4,26.6
116,paper towel,8.61,18.88,0.1597,50.6,27.1
117,paper towel,8.62,16.99,0.1798,51.6,27.1
118,paper towel,8.64,20.14,0.1866,51.7,27.1
119,paper towel,8.61,12.72,0.1508,48.7,26.6
120,paper towel,8.59,20.58,0.1136,49.8,26.6
121,toilet tissue,8.56,12.70,0.1066,49.6,26.5
122,cleaver,8.56,15.45,0.1616,48.6,26.5
123,piggy bank,8.51,11.43,0.0946,47.5,26.5
124,ocarina,8.51,23.11,0.0799,50.5,26.6
125,ocarina,8.52,33.45,0.0933,54.4,27.1
126,ocarina,8.52,23.93,0.1380,51.9,27.1
127,ocarina,8.55,24.06,0.0732,53.1,27.1
128,ocarina,8.58,18.49,0.0735,51.5,26.7
129,ocarina,8.60,21.00,0.0600,54.3,27.1
130,ocarina,8.61,36.85,0.0560,58.0,27.1
131,ocarina,8.64,22.38,0.0545,60.7,27.1
132,ocarina,8.66,22.28,0.0654,51.5,26.8
133,ocarina,8.69,21.54,0.0523,55.2,27.1
134,ocarina,8.71,14.39,0.0509,52.5,27.1
135,ocarina,8.74,14.69,0.0512,52.3,26.8
136,ocarina,8.76,17.72,0.0611,52.6,26.7
137,ocarina,8.76,23.11,0.0500,52.8,26.8
138,piggy bank,8.78,19.34,0.0344,53.2,27.1
139,piggy bank,8.80,13.81,0.0456,49.1,27.2
140,piggy bank,8.83,14.90,0.0465,54.8,27.2
141,ocarina,8.84,14.67,0.0538,49.6,26.8
142,ocarina,8.86,17.81,0.0731,51.1,26.8
143,ocarina,8.88,15.68,0.0375,54.1,27.2
144,ocarina,8.90,20.56,0.0264,53.4,27.2
145,cup,8.93,15.34,0.0224,55.8,26.6
146,coffee mug,8.95,15.22,0.0260,54.5,27.2
147,teapot,8.97,13.80,0.0211,50.0,27.2
148,teapot,8.99,17.08,0.0225,51.9,27.2
149,teapot,9.00,24.13,0.0267,51.9,26.9
150,teapot,9.03,14.86,0.0245,54.8,27.2
151,teapot,9.04,17.16,0.0186,51.4,27.2
152,teapot,9.06,16.90,0.0247,53.3,27.2
153,teapot,9.08,21.55,0.0330,51.7,27.2
154,cup,9.10,19.94,0.0534,53.2,26.9
155,coffee mug,9.13,16.64,0.0537,53.3,27.1
156,cup,9.16,13.35,0.0179,53.0,26.7
157,coffee mug,9.18,13.05,0.0258,51.4,27.3
158,cup,9.19,24.16,0.0466,56.4,27.0
159,coffee mug,9.21,14.84,0.0480,54.0,27.1
160,coffee mug,9.22,16.70,0.0389,51.2,26.8
161,coffee mug,9.24,16.68,0.0410,53.7,27.2
162,coffee mug,9.26,19.65,0.0370,51.5,27.2
163,coffee mug,9.28,19.43,0.0398,54.9,27.1
164,coffee mug,9.26,20.97,0.0398,49.3,27.2
165,coffee mug,9.26,24.34,0.0442,52.0,27.2
166,coffee mug,9.27,28.00,0.0457,49.1,27.1
167,coffee mug,9.28,15.26,0.0451,50.9,26.9
168,coffee mug,9.28,20.35,0.0436,52.7,27.1
169,coffee mug,9.28,36.35,0.0401,50.6,26.8
170,coffee mug,9.31,14.19,0.0467,55.2,27.2
171,coffee mug,9.29,21.02,0.0421,49.1,26.8
172,coffee mug,9.31,17.13,0.0466,55.3,27.1
173,coffee mug,9.33,26.09,0.0460,52.7,27.1
174,coffee mug,9.36,14.90,0.0462,60.6,26.7
175,coffee mug,9.37,21.57,0.0495,51.0,26.7
176,coffee mug,9.37,18.69,0.0439,52.8,26.6
177,coffee mug,9.38,13.42,0.0490,53.0,27.1
178,coffee mug,9.41,15.01,0.0484,52.1,27.1
179,coffee mug,9.43,15.34,0.0498,54.3,27.0
180,coffee mug,9.46,13.24,0.0518,53.7,27.1
181,coffee mug,9.47,16.20,0.0522,50.9,27.1
182,coffee mug,9.50,16.77,0.0505,55.7,27.1
183,coffee mug,9.51,20.08,0.0506,56.8,27.1
184,coffee mug,9.53,15.51,0.0469,57.8,27.1
185,coffee mug,9.54,18.66,0.0491,50.4,26.8
186,coffee mug,9.55,14.14,0.0484,48.7,27.1
187,coffee mug,9.55,14.30,0.0505,54.2,26.6
188,coffee mug,9.57,15.31,0.0518,53.2,27.1
189,coffee mug,9.58,15.71,0.0468,48.8,27.1
190,coffee mug,9.57,37.31,0.0521,51.9,27.1
191,coffee mug,9.59,22.40,0.0499,57.4,27.1
192,coffee mug,9.59,25.34,0.0470,53.5,26.9
193,coffee mug,9.61,15.01,0.0516,50.9,27.1
194,coffee mug,9.63,14.90,0.0534,50.6,27.1
195,coffee mug,9.65,13.16,0.0473,54.4,26.6
196,coffee mug,9.65,15.62,0.0506,53.7,27.1
197,coffee mug,9.67,16.92,0.0515,54.2,27.1
198,coffee mug,9.70,12.83,0.0519,55.1,26.6
199,coffee mug,9.72,17.72,0.0469,54.9,27.1
200,coffee mug,9.73,22.96,0.0502,50.8,27.1
201,coffee mug,9.75,12.11,0.0499,56.7,26.6
202,coffee mug,9.77,12.91,0.0441,54.7,27.1
203,coffee mug,9.78,15.57,0.0438,51.6,27.1
204,coffee mug,9.80,22.91,0.0481,52.5,26.7
205,coffee mug,9.79,15.06,0.0567,49.5,27.1
206,coffee mug,9.80,13.97,0.0498,54.2,26.7
207,coffee mug,9.81,14.02,0.0510,52.6,27.1
208,coffee mug,9.79,17.20,0.0472,49.1,27.1
209,coffee mug,9.81,23.60,0.0524,59.0,26.6
210,coffee mug,9.80,19.67,0.0375,52.6,26.7
211,coffee mug,9.78,17.44,0.0317,50.4,27.2
212,coffee mug,9.79,15.21,0.0529,48.7,26.7
213,coffee mug,9.80,17.80,0.0457,53.6,27.1
214,coffee mug,9.81,15.72,0.0570,51.0,27.2
215,coffee mug,9.82,14.48,0.0637,52.7,27.0
216,coffee mug,9.83,17.47,0.0582,52.8,26.7
217,cup,9.85,22.69,0.0445,57.1,27.1
218,cup,9.87,14.47,0.0498,50.0,27.1
219,cup,9.88,15.63,0.0367,55.2,26.8
220,cup,9.89,18.37,0.0324,53.2,27.2
221,coffee mug,9.90,14.14,0.0469,50.0,27.2
222,cup,9.92,16.72,0.0492,58.1,26.9
223,cup,9.92,17.04,0.0424,48.3,26.9
224,cup,9.94,16.10,0.0921,57.5,27.2
225,cup,9.97,13.84,0.0420,53.5,27.2
226,cup,9.98,15.80,0.0393,54.0,27.2
227,cup,10.00,15.85,0.0426,52.4,27.2
228,cup,10.00,15.92,0.0529,52.8,27.2
229,cup,10.01,15.86,0.0518,52.4,26.7
230,coffee mug,10.02,14.70,0.0407,49.3,27.1
231,cup,10.02,19.19,0.0380,53.6,27.2
232,coffee mug,10.03,14.06,0.0404,50.0,27.2
233,cup,10.03,25.30,0.0376,49.7,27.2
234,coffee mug,10.04,14.29,0.0425,53.5,27.1
235,coffee mug,10.04,14.23,0.0431,56.7,27.2
236,coffee mug,10.05,16.89,0.0488,54.6,27.2
237,coffee mug,10.06,24.06,0.0471,56.1,27.2
238,coffee mug,10.06,17.86,0.0441,49.0,27.2
239,coffee mug,10.08,16.45,0.0467,56.7,27.2
240,coffee mug,10.09,15.14,0.0447,50.9,26.7
241,coffee mug,10.48,14.12,0.0481,50.4,27.2
242,coffee mug,10.49,13.18,0.0540,52.0,27.2
243,coffee mug,10.48,13.69,0.0523,48.9,27.2
244,coffee mug,10.48,15.93,0.0460,52.6,27.1
245,coffee mug,10.49,14.16,0.0500,51.2,27.2
246,coffee mug,10.48,13.34,0.0386,50.0,27.2
247,cup,10.49,15.30,0.0394,52.6,27.2
248,coffee mug,10.51,17.97,0.0411,52.3,26.7
249,coffee mug,10.52,12.38,0.0460,52.6,27.2
250,coffee mug,10.51,23.44,0.0451,50.8,27.1
251,coffee mug,10.52,13.07,0.0437,54.4,27.2
252,coffee mug,10.52,12.38,0.0434,49.7,27.1
253,coffee mug,10.53,14.20,0.0419,52.9,26.8
254,coffee mug,10.51,23.39,0.0437,49.0,27.1
255,coffee mug,10.51,17.62,0.0490,50.0,27.1
256,coffee mug,10.52,15.60,0.0446,52.2,26.6
257,coffee mug,10.53,20.21,0.0481,50.4,27.1
258,coffee mug,10.52,42.45,0.0406,55.6,27.1
259,coffee mug,10.54,21.10,0.0457,59.1,26.8
260,coffee mug,10.53,20.01,0.0452,53.6,27.1
261,coffee mug,10.54,13.71,0.0444,51.9,27.2
262,coffee mug,10.54,14.08,0.0443,50.7,27.1
263,coffee mug,10.55,14.47,0.0480,53.6,27.1
264,coffee mug,10.55,17.21,0.0458,50.0,27.1
265,coffee mug,10.55,19.39,0.0464,50.3,27.1
266,coffee mug,10.54,18.96,0.0419,49.4,27.1
267,coffee mug,10.54,13.36,0.0429,51.0,27.1
268,coffee mug,10.53,13.49,0.0473,49.2,26.6
269,coffee mug,10.53,14.70,0.0431,48.5,26.7
270,coffee mug,10.53,13.40,0.0464,51.2,26.6
271,coffee mug,10.54,14.48,0.0416,53.9,27.1
272,coffee mug,10.55,17.10,0.0457,55.6,27.2
273,coffee mug,10.55,13.34,0.0458,52.9,27.1
274,coffee mug,10.56,14.38,0.0419,49.6,27.1
275,coffee mug,10.55,24.86,0.0453,50.6,27.1
276,coffee mug,10.55,18.59,0.0595,55.1,27.1
277,cup,10.56,13.19,0.0517,50.3,26.8
278,cup,10.55,27.17,0.0400,50.9,26.7
279,coffee mug,10.56,14.74,0.0402,57.4,27.2
280,cup,10.57,16.98,0.0680,56.4,27.1
281,cup,10.58,13.27,0.0219,50.5,26.8
282,cup,10.59,18.10,0.0271,57.3,27.2
283,cup,10.59,21.23,0.0258,53.0,27.2
284,cup,10.60,15.81,0.0192,55.6,27.2
285,coffee mug,10.60,14.24,0.0145,56.4,26.9
286,coffee mug,10.61,13.14,0.0176,49.0,27.2
287,cup,10.61,18.07,0.0220,50.4,27.2
288,cup,10.62,13.01,0.0220,56.7,27.2
289,cup,10.63,16.74,0.0679,53.7,27.2
290,cup,10.63,21.38,0.0379,49.6,26.9
291,cup,10.64,21.38,0.0414,55.0,26.7
292,cup,10.63,19.30,0.0341,53.1,27.2
293,coffee mug,10.64,16.87,0.0228,50.0,26.7
294,cup,10.64,26.41,0.0240,55.8,27.2
295,coffee mug,10.64,30.39,0.0299,53.4,27.3
296,coffee mug,10.65,18.55,0.0315,53.1,27.0
297,coffee mug,10.64,37.23,0.0292,51.6,27.1
298,coffee mug,10.65,17.51,0.0270,50.5,27.1
299,coffee mug,10.64,14.03,0.0311,49.7,26.7
300,coffee mug,10.66,19.06,0.0286,57.5,27.2
301,coffee mug,10.65,17.30,0.0316,50.6,27.1
302,coffee mug,10.67,14.41,0.0323,51.2,27.1
303,coffee mug,10.66,16.92,0.0261,50.6,27.2
304,coffee mug,10.67,15.99,0.0304,53.3,26.8
305,coffee mug,10.67,19.61,0.0307,50.3,27.0
306,coffee mug,10.66,21.97,0.0285,55.2,27.1
307,coffee mug,10.67,14.87,0.0303,54.0,26.8
308,coffee mug,10.67,14.63,0.0283,50.4,26.6
309,coffee mug,10.67,14.45,0.0302,51.4,27.1
310,coffee mug,10.68,11.95,0.0317,50.4,27.1
311,coffee mug,10.69,18.26,0.0341,52.8,27.1
312,coffee mug,10.69,16.95,0.0308,51.2,27.0
313,coffee mug,10.69,16.32,0.0297,49.3,27.0
314,coffee mug,10.69,15.52,0.0317,50.3,26.8
315,coffee mug,10.70,17.78,0.0294,55.1,27.2
316,coffee mug,10.72,13.29,0.0296,56.6,27.3
317,coffee mug,10.72,16.81,0.0290,51.3,27.2
318,coffee mug,10.73,15.33,0.0289,51.6,27.0
319,coffee mug,10.74,16.24,0.0268,52.0,27.2
320,coffee mug,10.75,18.18,0.0303,52.0,26.6
321,coffee mug,10.76,19.18,0.0293,57.1,27.1
322,coffee mug,10.76,13.78,0.0296,50.3,27.1
323,coffee mug,10.77,14.57,0.0334,52.1,27.1
324,coffee mug,10.77,16.38,0.0332,52.4,27.1
325,coffee mug,10.78,16.87,0.0329,53.5,26.8
326,coffee mug,10.77,14.58,0.0334,49.4,26.8
327,coffee mug,10.78,13.54,0.0286,54.5,27.1
328,coffee mug,10.78,16.08,0.0391,50.7,27.1
329,cup,10.76,26.24,0.0321,49.3,27.1
330,coffee mug,10.77,24.46,0.0494,55.8,27.1
331,coffee mug,10.77,25.77,0.0339,55.8,27.1
332,coffee mug,10.75,21.75,0.0310,52.0,26.8
333,cup,10.74,14.44,0.0336,50.0,27.2
334,cup,10.74,16.24,0.0248,51.0,26.8
335,cup,10.73,12.43,0.0359,52.9,27.2
336,cup,10.74,16.69,0.0296,48.1,26.7
337,cup,10.73,18.63,0.0343,54.0,27.2
338,cup,10.73,19.59,0.0227,51.4,27.2
339,cup,10.75,16.36,0.0326,57.0,26.8
340,cup,10.74,24.33,0.0685,52.5,27.2
341,pencil sharpener,10.73,14.74,0.0789,49.5,27.1
342,cleaver,10.71,22.54,0.0898,52.3,27.2
343,quill,10.71,15.15,0.0600,48.2,27.2
344,envelope,10.70,21.06,0.1394,52.4,27.1
345,paper towel,10.70,24.16,0.1880,50.9,27.2
346,paper towel,10.70,22.21,0.1758,52.2,27.2
347,paper towel,10.70,23.86,0.1981,50.4,27.1
348,paper towel,10.71,21.79,0.1881,52.1,26.7
349,paper towel,10.72,25.93,0.1906,54.3,27.2
350,bath towel,10.72,41.64,0.1526,53.7,27.2
351,paper towel,10.70,15.41,0.1546,52.7,26.8
352,bath towel,10.69,13.04,0.1808,53.4,27.3
353,bath towel,10.67,26.29,0.1944,49.8,27.1
354,bath towel,10.66,30.85,0.1857,50.8,27.3
355,bath towel,10.64,15.20,0.1854,50.5,26.6
356,paper towel,10.62,14.68,0.1377,49.0,27.1
357,bath towel,10.58,24.38,0.1909,50.0,27.2
358,bath towel,10.54,11.69,0.1790,44.6,26.6
359,bath towel,10.53,19.19,0.3109,49.6,26.6
360,cleaver,10.51,13.37,0.0864,48.3,26.7
361,mouse,10.51,24.02,0.0348,48.8,27.1
362,punching bag,10.52,23.60,0.0744,55.9,27.2
363,dumbbell,10.52,16.72,0.0740,51.4,26.8
364,lens cap,10.53,25.14,0.1491,49.1,27.2
365,mouse,10.53,21.19,0.1195,53.4,27.2
366,mouse,10.54,18.81,0.1305,53.3,27.2
367,mouse,10.55,17.56,0.1681,48.8,26.9
368,mouse,10.56,21.87,0.4722,59.1,27.2
369,mouse,10.57,17.92,0.4334,58.4,26.9
370,mouse,10.58,21.33,0.5349,58.1,27.2
371,mouse,10.59,22.71,0.3397,50.6,27.2
372,mouse,10.60,16.47,0.3179,55.6,27.3
373,mouse,10.62,17.97,0.2939,52.5,27.0
374,mouse,10.63,15.56,0.2842,61.5,27.3
375,mouse,10.64,14.39,0.2558,50.5,27.3
376,mouse,10.65,16.23,0.3209,53.0,27.3
377,mouse,10.66,16.14,0.3618,57.3,27.1
378,mouse,10.67,13.47,0.4870,53.1,26.7
379,mouse,10.68,19.66,0.3761,58.6,27.2
380,mouse,10.69,14.08,0.2156,53.0,26.8
381,mouse,10.70,14.09,0.4365,63.7,27.2
382,mouse,10.72,15.15,0.5425,50.0,27.2
383,mouse,10.73,15.66,0.5845,57.8,27.3
384,mouse,10.74,14.51,0.5722,54.1,27.2
385,mouse,10.76,18.97,0.6319,50.7,27.2
386,mouse,10.77,15.30,0.5714,54.9,27.2
387,mouse,10.77,16.98,0.4170,51.3,27.2
388,mouse,10.78,21.77,0.4730,52.5,27.2
389,mouse,10.77,20.72,0.4138,51.2,27.2
390,mouse,10.78,16.25,0.5038,53.1,27.2
391,mouse,10.77,15.82,0.4343,50.0,27.2
392,mouse,10.78,16.22,0.4230,51.0,26.7
393,mouse,10.78,20.61,0.4024,52.7,27.2
394,mouse,10.78,17.01,0.4705,51.5,26.7
395,mouse,10.78,15.19,0.4332,48.8,26.8
396,mouse,10.77,22.81,0.4215,53.7,26.8
397,mouse,10.78,20.75,0.3865,52.0,27.2
398,mouse,10.79,22.06,0.4943,52.6,27.2
399,mouse,10.79,25.02,0.3638,58.4,26.8
400,mouse,10.80,25.35,0.4332,58.0,27.2
401,mouse,10.79,23.17,0.4077,49.7,27.2
402,mouse,10.78,17.80,0.3940,50.9,26.7
403,mouse,10.78,20.92,0.4088,49.4,27.1
404,mouse,10.78,17.83,0.3837,53.0,27.2
405,mouse,10.79,17.21,0.3625,53.1,27.1
406,mouse,10.78,19.68,0.3970,50.8,27.2
407,mouse,10.78,18.15,0.4411,50.8,26.8
408,mouse,10.79,23.68,0.4327,54.0,27.2
409,mouse,10.79,14.60,0.4457,48.6,27.1
410,mouse,10.78,20.00,0.4789,49.7,26.6
411,mouse,10.78,14.78,0.4860,50.8,26.9
412,mouse,10.78,17.97,0.4403,55.7,26.7
413,mouse,10.77,16.48,0.4393,49.2,27.1
414,mouse,10.76,25.68,0.4663,51.0,27.1
415,mouse,10.74,15.59,0.4365,47.4,27.2
416,mouse,10.73,14.84,0.3651,51.1,27.1
417,mouse,10.72,26.04,0.3935,49.0,26.6
418,mouse,10.72,13.82,0.4375,49.2,26.6
419,mouse,10.72,15.60,0.4411,55.6,27.1
420,mouse,10.71,12.78,0.4401,52.4,27.2
421,mouse,10.71,14.40,0.4039,49.1,27.2
422,mouse,10.71,15.50,0.4483,53.4,27.2
423,mouse,10.70,18.14,0.4814,49.7,26.7
424,mouse,10.69,15.91,0.4201,50.5,26.6
425,mouse,10.68,12.72,0.4093,49.8,26.6
426,mouse,10.67,14.69,0.4145,52.1,26.6
427,mouse,10.68,16.94,0.4467,50.0,27.1
428,mouse,10.68,22.05,0.4142,55.9,26.9
429,mouse,10.64,11.85,0.4504,42.6,26.6
430,mouse,10.62,11.41,0.5046,47.5,26.6
431,mouse,10.63,16.97,0.4455,52.1,27.1
432,mouse,10.63,20.22,0.5024,52.1,27.1
433,mouse,10.63,15.79,0.4466,52.1,27.1
434,mouse,10.63,16.52,0.4609,47.9,26.6
435,mouse,10.63,17.68,0.4198,52.0,27.2
436,mouse,10.63,17.72,0.3909,51.9,27.2
437,mouse,10.63,23.41,0.4442,54.3,27.2
438,mouse,10.63,18.27,0.4011,53.2,27.2
439,mouse,10.63,16.56,0.4754,55.9,27.3
440,mouse,10.63,20.69,0.3958,48.5,27.3
441,mouse,10.64,21.29,0.4366,56.5,26.9
442,mouse,10.64,15.52,0.4476,48.3,27.3
443,mouse,10.65,19.37,0.4609,57.9,27.3
444,mouse,10.66,18.51,0.4662,54.2,26.9
445,mouse,10.66,18.36,0.4172,52.0,26.8
446,mouse,10.65,21.30,0.3444,50.3,27.1
447,mouse,10.64,14.84,0.4071,51.4,27.2
448,mouse,10.65,16.29,0.4219,48.7,26.8
449,mouse,10.65,20.42,0.3859,53.8,27.0
450,mouse,10.66,15.44,0.3609,55.5,27.0
451,mouse,10.66,24.22,0.4095,52.4,27.1
452,mouse,10.66,20.77,0.4266,50.6,27.1
453,mouse,10.66,16.03,0.3624,48.9,27.2
454,mouse,10.66,15.30,0.3261,50.0,27.2
455,mouse,10.66,21.63,0.3975,54.7,27.1
456,mouse,10.66,16.66,0.4486,51.3,27.2
457,mouse,10.67,16.60,0.4635,55.6,27.2
458,mouse,10.66,14.17,0.4351,50.0,27.1
459,mouse,10.66,20.15,0.4530,50.0,27.2
460,mouse,10.66,20.95,0.4473,53.9,27.1
461,mouse,10.64,18.21,0.3700,52.6,27.2
462,mouse,10.64,13.89,0.3906,52.5,27.2
463,mouse,10.63,18.24,0.3985,50.0,27.2
464,mouse,10.63,16.51,0.4366,52.3,27.2
465,mouse,10.61,19.45,0.4863,51.0,27.2
466,mouse,10.61,13.85,0.4361,50.0,26.7
467,mouse,10.61,12.83,0.4955,50.4,27.2
468,mouse,10.61,15.92,0.5122,53.3,27.2
469,mouse,10.62,13.79,0.7299,50.8,27.2
470,caldron,10.62,29.44,0.1043,54.0,26.9
471,caldron,10.62,21.75,0.1468,50.5,27.2
472,piggy bank,10.62,14.36,0.1436,51.6,27.1
473,mouse,10.63,17.53,0.0392,51.5,27.2
474,piggy bank,10.15,258.38,0.0763,11.8,26.7
475,piggy bank,10.14,110.41,0.0667,54.9,26.7
476,mouse,10.13,95.75,0.0641,52.7,26.7
477,red wine,10.12,83.61,0.0851,52.5,26.7
478,red wine,10.14,12.25,0.0466,53.1,27.1
479,envelope,10.15,17.90,0.0235,52.6,27.2
480,envelope,10.16,14.94,0.0521,54.5,27.2
481,paper towel,10.17,23.51,0.0810,61.6,27.2
482,paper towel,10.17,21.20,0.1872,57.6,27.2
483,paper towel,10.18,21.89,0.1281,55.6,26.8
484,paper towel,10.19,18.13,0.1698,53.7,27.2
485,paper towel,10.19,13.04,0.2017,49.3,27.2
486,paper towel,10.19,16.71,0.1771,51.3,26.7
487,paper towel,10.17,11.27,0.1866,48.8,26.7
488,toilet tissue,10.15,18.39,0.1132,46.9,26.7
489,remote control,10.15,19.77,0.1244,49.7,26.7
490,remote control,10.16,15.94,0.3326,50.7,26.7
491,remote control,10.16,19.63,0.5906,51.7,27.2
492,remote control,10.16,14.96,0.4369,53.0,27.2
493,remote control,10.15,17.66,0.5380,50.6,27.2
494,remote control,10.16,18.92,0.4259,54.8,27.2
495,remote control,10.16,14.90,0.5790,51.9,27.1
496,remote control,10.17,13.83,0.3768,51.8,26.7
497,remote control,10.18,12.84,0.2285,50.6,27.2
498,remote control,10.18,16.26,0.2448,52.4,27.2
499,remote control,10.18,16.14,0.4160,54.2,26.8
500,remote control,10.19,26.05,0.4426,55.5,27.2
501,remote control,10.19,29.40,0.4597,54.3,27.2
502,remote control,10.20,13.38,0.4410,50.0,26.7
503,remote control,10.20,17.09,0.2787,55.2,27.2
504,remote control,10.20,28.17,0.2896,56.0,27.2
505,remote control,10.21,18.63,0.3520,56.4,27.1
506,remote control,10.22,16.33,0.2777,52.2,27.1
507,remote control,10.22,14.67,0.3188,52.5,27.2
508,remote control,10.22,17.40,0.2478,52.8,27.2
509,remote control,10.23,22.97,0.2190,54.2,27.2
510,remote control,10.24,15.48,0.2420,53.2,27.2
511,remote control,10.25,15.28,0.2481,52.5,27.2
512,remote control,10.25,15.79,0.1711,52.7,26.8
513,remote control,10.25,18.23,0.1751,50.3,26.9
514,remote control,10.26,13.59,0.2103,52.5,27.1
515,remote control,10.25,18.25,0.3043,49.0,27.1
516,remote control,10.22,17.82,0.3542,48.0,26.6
517,remote control,10.20,11.52,0.2963,48.2,26.6
518,remote control,10.20,18.18,0.2130,50.3,26.6
519,remote control,10.20,12.87,0.5002,50.7,26.6
520,remote control,10.20,18.04,0.2527,52.1,27.1
521,remote control,10.19,21.96,0.2936,50.6,26.7
522,remote control,10.19,28.90,0.4540,50.3,26.5
523,remote control,10.19,23.85,0.2516,52.9,27.1
524,remote control,10.18,27.22,0.2097,56.0,26.6
525,remote control,10.18,15.09,0.1904,51.0,27.1
526,remote control,10.19,19.41,0.1403,51.9,27.1
527,remote control,10.19,19.88,0.1560,54.2,26.8
528,remote control,10.20,16.34,0.1794,51.5,27.2
529,remote control,10.20,22.68,0.1593,51.4,27.1
530,remote control,10.21,16.14,0.1207,54.4,26.8
531,remote control,10.22,13.76,0.1836,52.1,27.2
532,remote control,10.22,18.64,0.1435,54.1,27.2
533,cellular telephone,10.22,13.93,0.1248,52.6,27.2
534,remote control,10.22,19.06,0.1658,51.5,27.2
535,remote control,10.23,21.73,0.1653,52.8,27.2
536,remote control,10.23,28.21,0.1418,55.1,26.7
537,remote control,10.22,23.47,0.2330,48.7,26.7
538,remote control,10.19,13.30,0.2935,45.9,26.6
539,remote control,10.17,12.52,0.3358,49.2,26.6
540,remote control,10.16,14.30,0.3514,46.6,26.6
541,remote control,10.15,12.45,0.3470,48.7,26.7
542,remote control,10.13,13.48,0.4088,50.0,26.7
543,remote control,10.13,14.42,0.3150,53.0,26.6
544,remote control,10.12,14.80,0.3670,48.2,26.7
545,remote control,10.11,13.28,0.4222,49.8,26.5
546,remote control,10.09,13.59,0.3954,47.2,26.7
547,remote control,10.09,20.55,0.3018,49.0,26.8
548,remote control,10.09,12.68,0.2941,50.3,26.5
549,remote control,10.09,20.37,0.1774,51.6,27.1
550,remote control,10.10,14.65,0.2795,49.0,26.8
551,remote control,10.10,18.85,0.2099,55.9,27.1
552,remote control,10.11,13.77,0.1298,50.7,27.1
553,remote control,10.11,18.42,0.1411,51.9,27.1
554,remote control,10.12,17.89,0.1445,51.5,27.1
555,remote control,10.12,14.48,0.1436,56.5,27.1
556,remote control,10.12,14.73,0.1279,51.0,27.3
557,remote control,10.13,13.85,0.1492,55.0,27.0
558,remote control,10.13,23.12,0.1253,52.6,27.2
559,remote control,10.14,14.81,0.1345,53.2,26.8
560,remote control,10.13,22.69,0.1548,50.8,27.2
561,remote control,10.14,15.38,0.1407,53.7,27.2
562,remote control,10.14,17.59,0.1389,49.0,27.2
563,remote control,10.31,16.53,0.1527,50.3,26.6
564,remote control,10.31,13.75,0.1667,56.7,27.1
565,remote control,10.31,16.14,0.2047,52.2,27.1
566,remote control,10.31,21.55,0.1906,52.4,27.1
567,remote control,10.31,18.40,0.1790,49.1,27.1
568,remote control,10.31,13.26,0.2268,53.7,27.1
569,remote control,10.32,20.06,0.2359,51.2,26.8
570,remote control,10.32,15.54,0.1909,50.3,26.8
571,remote control,10.32,22.29,0.4141,53.8,26.7
572,remote control,10.31,18.43,0.6786,51.9,26.7
573,remote control,10.30,18.00,0.4787,49.6,27.0
574,remote control,10.30,13.54,0.2286,50.3,27.1
575,remote control,10.29,21.53,0.3089,50.4,26.6
576,remote control,10.28,16.81,0.2779,49.7,26.6
577,remote control,10.28,18.23,0.2042,49.6,26.6
578,remote control,10.27,17.43,0.2231,47.7,26.6
579,remote control,10.27,21.65,0.1628,49.7,26.6
580,remote control,10.26,15.76,0.1682,50.2,26.6
581,remote control,10.25,12.65,0.1901,48.8,26.6
582,remote control,10.23,12.80,0.2175,50.6,26.6
583,remote control,10.23,15.88,0.2257,47.5,26.6
584,remote control,10.22,13.30,0.1912,50.0,26.6
585,remote control,10.21,12.53,0.1705,48.0,26.7
586,remote control,10.20,13.39,0.3625,46.2,26.5
587,remote control,10.20,19.09,0.2034,52.9,27.1
588,cocktail shaker,10.20,25.10,0.0347,50.7,27.3
589,cleaver,10.20,15.99,0.0330,54.6,27.0
590,cleaver,10.20,27.02,0.0306,51.9,26.6
591,cleaver,10.21,18.42,0.0679,56.8,27.2
592,cleaver,10.21,19.13,0.0720,53.1,27.1
593,tray,10.22,17.16,0.0566,51.9,26.6
594,quill,10.22,14.08,0.1156,52.1,27.2
595,quill,10.22,15.01,0.1005,50.3,27.2
596,envelope,10.22,14.16,0.1023,51.9,27.2
597,quill,10.21,20.83,0.0926,50.9,27.0
598,quill,10.19,12.09,0.1451,48.2,26.5
599,quill,10.18,17.96,0.1190,50.9,26.7
600,quill,10.17,11.70,0.1633,47.1,26.6
601,quill,10.15,12.34,0.1584,48.1,26.6
602,quill,10.15,15.01,0.1292,49.2,26.7
603,quill,10.14,19.00,0.1821,50.3,26.7
604,quill,10.14,22.77,0.1247,52.2,27.1
605,quill,10.14,17.53,0.1275,50.4,27.1
606,quill,10.14,22.49,0.1530,52.0,27.1
607,quill,10.12,13.71,0.1636,49.3,26.6
608,quill,10.12,14.74,0.1870,48.7,26.6
609,quill,10.11,13.56,0.1179,47.1,26.6
610,quill,10.10,32.29,0.1505,50.9,27.1
611,quill,10.09,32.56,0.1433,50.8,27.1
612,quill,10.09,22.44,0.1565,49.7,27.2
613,quill,10.08,14.23,0.1658,48.4,26.7
614,quill,10.07,20.41,0.1356,51.9,26.7
615,quill,10.06,12.19,0.1751,48.3,26.7
616,quill,10.06,23.00,0.1729,47.7,26.7
617,quill,10.05,17.98,0.1715,51.4,26.5
618,quill,10.05,17.36,0.1640,50.3,26.6
619,quill,10.04,36.27,0.2133,48.6,26.6
620,quill,10.04,15.95,0.2146,50.0,27.1
621,quill,10.04,14.47,0.2161,52.7,27.1
622,quill,10.04,26.43,0.1464,52.0,27.1
623,quill,10.03,20.72,0.1365,50.3,27.1
624,quill,10.03,12.72,0.1508,50.6,27.1
625,quill,10.03,13.27,0.1630,50.7,27.1
626,quill,10.03,14.30,0.1685,48.9,27.1
627,quill,10.03,17.31,0.1758,50.0,27.1
628,quill,10.02,16.16,0.1600,48.7,26.6
629,quill,10.01,16.00,0.1592,49.5,26.7
630,letter opener,10.01,20.06,0.1200,53.2,26.6
631,quill,9.99,13.01,0.1512,40.5,26.7
632,quill,9.96,12.33,0.1782,42.4,26.7
633,quill,9.95,11.44,0.2438,46.5,26.7
634,quill,9.95,12.43,0.1587,47.1,26.7
635,quill,9.93,11.68,0.1450,47.0,26.7
636,quill,9.92,14.94,0.1607,49.6,26.7
637,quill,9.91,15.49,0.1546,47.4,26.7
638,quill,9.91,24.88,0.1402,50.9,27.1
639,quill,9.91,18.90,0.1680,50.3,27.2
640,quill,9.91,17.01,0.1597,50.2,26.7
641,quill,9.91,14.02,0.1707,48.2,26.7
642,quill,9.89,13.40,0.1483,48.5,26.7
643,quill,9.89,15.49,0.1891,53.6,26.6
644,quill,9.87,20.80,0.1725,48.6,26.7
645,quill,9.86,10.81,0.1054,47.9,26.5
646,letter opener,9.85,12.26,0.1374,48.8,26.6
647,quill,9.85,13.67,0.1594,50.2,26.6
648,quill,9.85,17.22,0.1330,50.5,26.7
649,quill,9.84,16.06,0.1456,49.1,26.7
650,quill,9.82,14.29,0.1610,48.7,26.7
651,quill,9.81,12.28,0.1895,43.8,26.6
652,quill,9.78,13.76,0.1606,34.4,26.6
653,quill,9.76,12.84,0.1476,48.3,26.8
654,quill,9.76,16.33,0.1772,49.4,26.5
655,letter opener,9.75,15.24,0.1105,54.0,26.6
656,quill,9.74,12.23,0.1369,48.7,26.6
657,quill,9.73,13.30,0.1283,46.5,26.6
658,quill,9.72,14.07,0.1114,50.5,26.6
659,quill,9.72,12.52,0.1430,48.1,26.6
660,quill,9.70,11.05,0.1294,47.2,26.6
661,quill,9.70,14.41,0.1484,47.3,26.6
662,quill,9.69,10.85,0.1416,46.6,26.6
663,quill,9.68,21.60,0.1272,48.9,26.6
664,quill,9.68,17.04,0.1201,50.6,26.6
665,quill,9.67,15.06,0.1114,49.1,26.6
666,quill,9.66,13.36,0.1112,47.2,26.6
667,quill,9.66,15.05,0.1511,49.2,26.6
668,quill,9.63,11.00,0.1434,38.1,26.6
669,quill,9.62,11.87,0.0796,47.0,26.6
670,screwdriver,9.62,25.41,0.0212,50.3,26.6
671,crossword puzzle,9.62,24.16,0.0442,52.9,27.2
672,Maltese dog,9.62,15.88,0.0389,52.5,26.9
673,chow,9.63,26.68,0.0499,56.2,27.2
674,teddy,9.64,19.15,0.0403,49.4,27.2
675,cocker spaniel,9.64,15.57,0.0747,56.6,27.2
676,cocker spaniel,9.65,17.54,0.1104,53.7,27.0
677,golden retriever,9.65,14.52,0.1745,49.3,27.1
678,golden retriever,9.65,14.86,0.2040,52.2,26.8
679,golden retriever,9.65,53.89,0.1564,55.0,26.9
680,golden retriever,9.66,13.78,0.1613,57.3,27.1
681,Labrador retriever,9.67,15.50,0.1476,51.5,27.1
682,golden retriever,9.67,26.27,0.1678,50.9,26.7
683,golden retriever,9.67,18.72,0.1849,59.3,27.2
684,golden retriever,9.67,17.57,0.1806,49.4,26.9
685,golden retriever,9.68,14.24,0.2317,56.8,27.2
686,golden retriever,9.68,17.35,0.2384,52.4,27.2
687,golden retriever,9.68,16.73,0.2772,52.5,27.2
688,golden retriever,9.68,15.79,0.1963,51.0,27.2
689,golden retriever,9.69,14.96,0.1926,54.4,26.7
690,golden retriever,9.69,22.92,0.2352,59.7,27.0
691,golden retriever,9.70,14.82,0.1991,55.7,27.1
692,golden retriever,9.70,25.02,0.2207,50.0,27.1
693,golden retriever,9.71,18.74,0.2246,50.5,27.2
694,golden retriever,9.71,15.49,0.3392,58.0,27.1
695,golden retriever,9.72,16.85,0.3147,58.5,26.8
696,Labrador retriever,9.72,14.80,0.2007,49.2,27.1
697,golden retriever,9.72,20.69,0.2157,55.0,26.6
698,golden retriever,9.73,23.50,0.2726,53.6,27.1
699,golden retriever,9.73,14.34,0.2547,50.6,27.1
700,golden retriever,9.73,12.97,0.2633,53.2,27.1
701,golden retriever,9.74,17.15,0.2194,51.4,27.1
702,golden retriever,9.74,16.79,0.2513,50.9,26.6
703,golden retriever,9.74,17.02,0.2481,50.0,27.1
704,golden retriever,9.75,17.02,0.2434,53.3,27.1
705,golden retriever,9.75,13.57,0.2263,51.5,26.6
706,golden retriever,9.76,14.59,0.2226,52.6,27.2
707,golden retriever,9.77,16.94,0.2209,52.5,26.8
708,golden retriever,9.77,18.69,0.2510,57.3,27.2
709,golden retriever,9.78,15.86,0.2667,48.5,26.8
710,golden retriever,9.79,20.02,0.2569,55.1,27.2
711,golden retriever,9.79,19.36,0.2478,51.3,27.1
712,golden retriever,9.80,15.18,0.2587,53.2,27.2
713,golden retriever,9.81,15.35,0.2365,56.4,26.8
714,golden retriever,9.81,14.47,0.2520,53.8,27.2
715,Labrador retriever,9.82,16.43,0.2501,54.3,26.9
716,Labrador retriever,9.83,19.44,0.2376,52.2,26.6
717,golden retriever,9.83,15.99,0.2280,54.6,27.1
718,golden retriever,9.83,21.52,0.2463,51.7,27.1
719,golden retriever,9.84,17.85,0.2251,54.8,26.7
720,golden retriever,9.84,35.23,0.2202,51.6,27.2
721,golden retriever,9.84,42.06,0.2294,62.2,27.1
722,Labrador retriever,9.85,19.75,0.2488,52.9,27.1
723,golden retriever,9.86,24.38,0.2123,56.0,27.2
724,golden retriever,9.86,23.64,0.2072,57.3,26.7
725,golden retriever,9.87,19.92,0.2297,58.3,27.2
726,golden retriever,9.87,23.69,0.2224,54.3,26.8
727,golden retriever,9.88,16.00,0.2012,57.9,27.2
728,Labrador retriever,9.89,15.45,0.1977,55.7,26.7
729,Labrador retriever,9.89,14.60,0.1860,55.6,27.2
730,golden retriever,9.90,21.20,0.2067,54.9,26.8
731,golden retriever,9.91,14.06,0.2113,51.5,27.2
732,golden retriever,9.91,20.30,0.2160,57.1,26.7
733,Labrador retriever,9.92,16.45,0.1990,54.2,27.2
734,golden retriever,9.93,14.32,0.2096,59.3,26.7
735,golden retriever,9.93,13.92,0.1754,54.5,27.2
736,Labrador retriever,9.94,13.14,0.1769,54.4,27.2
737,Labrador retriever,9.95,16.17,0.1899,58.3,27.2
738,golden retriever,9.95,14.93,0.2231,55.4,27.2
739,golden retriever,9.96,21.41,0.2196,55.0,27.2
740,golden retriever,9.97,18.64,0.2272,55.0,27.2
741,golden retriever,9.97,16.50,0.2143,51.8,27.2
742,golden retriever,9.98,13.65,0.2085,55.1,27.2
743,golden retriever,9.99,17.79,0.2065,55.7,26.9
744,golden retriever,10.00,15.22,0.2104,57.5,27.2
745,golden retriever,10.00,19.88,0.2053,55.4,27.2
746,golden retriever,10.01,15.65,0.2077,53.9,27.2
747,golden retriever,10.02,18.98,0.2045,53.8,27.2
748,Labrador retriever,10.02,14.56,0.1991,50.0,27.2
749,golden retriever,10.03,25.26,0.2138,56.3,27.2
750,golden retriever,10.03,24.18,0.1824,57.3,26.7
751,golden retriever,10.04,16.35,0.2000,55.9,27.2
752,golden retriever,10.04,22.24,0.2118,55.2,27.2
753,golden retriever,10.05,16.20,0.2107,52.5,27.2
754,golden retriever,10.06,14.39,0.2010,55.1,27.2
755,Labrador retriever,10.06,13.81,0.2104,56.5,27.2
756,Labrador retriever,10.07,20.70,0.1890,53.1,27.2
757,Labrador retriever,10.08,15.05,0.1735,51.5,27.2
758,golden retriever,10.08,12.34,0.1776,64.7,26.9
759,Labrador retriever,10.09,13.33,0.1782,50.0,27.2
760,Labrador retriever,10.10,16.85,0.1976,62.4,26.6
761,Labrador retriever,10.10,17.49,0.1960,66.3,27.1
762,golden retriever,10.11,13.19,0.1723,56.3,27.1
763,Labrador retriever,10.12,17.19,0.1942,60.0,27.1
764,golden retriever,10.12,13.42,0.2504,52.9,27.1
765,golden retriever,10.13,22.07,0.2696,57.6,27.1
766,golden retriever,10.14,14.31,0.3082,52.2,27.1
767,golden retriever,10.14,16.68,0.2959,57.9,27.1
768,golden retriever,10.15,13.56,0.3122,56.4,27.1
769,golden retriever,10.16,14.91,0.2763,49.3,26.6
770,golden retriever,10.16,19.99,0.1839,54.7,27.1
771,golden retriever,10.17,15.88,0.2777,57.6,26.7
772,golden retriever,10.17,13.78,0.2971,53.8,27.1
773,golden retriever,10.18,14.40,0.2906,54.1,26.7
774,golden retriever,10.19,15.01,0.3823,53.6,27.2
775,Labrador retriever,10.19,14.49,0.3113,56.3,27.2
776,golden retriever,10.20,21.64,0.4235,51.6,27.2
777,golden retriever,10.21,17.72,0.2360,54.3,26.8
778,golden retriever,10.21,15.08,0.2582,56.4,27.2
779,golden retriever,10.22,14.62,0.2927,52.2,26.8
780,golden retriever,10.23,13.69,0.2898,56.6,27.2
781,golden retriever,10.23,14.72,0.2546,55.1,26.7
782,golden retriever,10.24,22.45,0.2584,52.2,27.2
783,golden retriever,10.24,23.03,0.2494,55.2,27.1
784,golden retriever,10.24,19.30,0.2387,51.4,27.2
785,golden retriever,10.24,15.68,0.2333,51.6,26.9
786,golden retriever,10.25,26.47,0.2318,52.4,27.3
787,golden retriever,10.25,37.05,0.2108,51.6,27.3
788,golden retriever,10.25,36.69,0.2484,56.6,26.9
789,golden retriever,10.26,25.17,0.2135,54.9,27.3
790,golden retriever,10.26,19.70,0.2306,56.2,27.0
791,golden retriever,10.26,22.65,0.2259,55.7,27.2
792,golden retriever,10.26,22.64,0.2338,50.6,27.1
793,golden retriever,10.26,23.56,0.2311,50.4,26.7
794,golden retriever,10.26,21.58,0.2112,63.1,27.1
795,Labrador retriever,10.26,14.84,0.1947,51.9,27.1
796,Labrador retriever,10.26,15.69,0.2020,53.2,27.1
797,golden retriever,10.27,19.15,0.1565,50.0,27.1
798,golden retriever,10.27,17.62,0.1520,50.3,27.1
799,golden retriever,10.27,13.72,0.1633,52.1,27.1
800,golden retriever,10.28,15.29,0.1673,55.3,27.1
801,golden retriever,10.28,15.90,0.1559,54.4,27.0
802,golden retriever,10.28,17.23,0.1528,53.3,27.1
803,golden retriever,10.28,16.51,0.1564,48.6,27.2
804,golden retriever,10.29,18.61,0.1540,53.8,27.2
805,golden retriever,10.29,14.64,0.1437,48.6,27.2
806,golden retriever,10.30,18.44,0.1370,55.9,27.2
807,golden retriever,10.30,15.23,0.1242,53.5,26.8
808,golden retriever,10.31,17.87,0.1373,53.2,27.2
809,golden retriever,10.31,16.59,0.1249,49.1,27.2
810,golden retriever,10.31,14.44,0.1170,58.8,26.8
811,golden retriever,10.32,14.15,0.1206,51.6,27.2
812,golden retriever,10.32,24.45,0.1174,51.2,27.2
813,golden retriever,10.32,21.52,0.1289,54.3,27.2
814,golden retriever,10.33,14.38,0.1170,51.0,26.7
815,golden retriever,10.33,18.78,0.1226,54.8,27.2
816,golden retriever,10.33,29.94,0.1195,52.8,27.2
817,golden retriever,10.34,15.96,0.1274,51.0,27.2
818,golden retriever,10.34,18.79,0.1227,48.7,26.9
819,golden retriever,10.34,14.72,0.1254,52.5,27.3
820,golden retriever,10.35,14.58,0.1665,57.5,27.3
821,golden retriever,10.36,15.12,0.1753,51.2,27.3
822,golden retriever,10.36,14.68,0.2047,55.0,27.3
823,golden retriever,10.37,14.94,0.1793,50.6,27.0
824,golden retriever,10.37,17.46,0.2746,61.4,27.2
825,golden retriever,10.37,18.22,0.4774,56.0,27.1
826,golden retriever,10.37,13.35,0.5997,51.0,26.8
827,golden retriever,10.38,16.74,0.3312,50.0,26.7
828,golden retriever,10.36,37.16,0.4129,49.7,27.2
829,golden retriever,10.36,13.92,0.2187,46.3,26.7
830,golden retriever,10.34,17.29,0.1657,48.9,26.7
831,golden retriever,10.33,11.79,0.1258,47.5,26.7
832,golden retriever,10.32,11.60,0.1102,47.0,26.7
833,golden retriever,10.31,14.85,0.1148,48.0,26.7
834,golden retriever,10.30,11.63,0.1340,47.5,26.7
835,golden retriever,10.28,12.38,0.1379,45.3,26.7
836,golden retriever,10.28,21.19,0.1302,51.1,26.7
837,cocker spaniel,10.28,13.97,0.0785,50.8,27.2
838,cocker spaniel,10.28,30.57,0.1319,57.4,27.2
839,cocker spaniel,10.28,14.98,0.1016,54.7,27.1
840,cocker spaniel,10.27,13.45,0.1087,49.7,26.7
841,cocker spaniel,10.26,12.68,0.0777,47.6,26.8
842,cocker spaniel,10.25,11.71,0.0768,47.6,26.7
843,golden retriever,10.20,88.96,0.0701,40.9,26.6
844,cocker spaniel,10.19,12.80,0.1055,46.6,26.7
845,golden retriever,10.17,33.53,0.0621,40.6,26.5
846,golden retriever,10.12,103.22,0.3321,40.2,26.7
847,golden retriever,10.11,20.05,0.1276,48.5,26.7
848,golden retriever,10.10,12.58,0.1096,48.6,26.7
849,golden retriever,10.10,19.56,0.1167,50.2,26.7
850,golden retriever,10.10,22.23,0.1005,51.7,26.7
851,golden retriever,10.09,16.56,0.1135,48.8,26.6
852,golden retriever,10.09,20.99,0.1201,51.0,26.6
853,golden retriever,10.09,13.85,0.0945,49.5,26.6
854,golden retriever,10.09,17.82,0.1101,51.0,27.1
855,golden retriever,10.09,23.21,0.1112,52.1,27.1
856,golden retriever,10.08,14.56,0.0993,47.4,26.6
857,golden retriever,10.06,12.40,0.0995,39.7,26.6
858,Labrador retriever,10.06,14.18,0.0979,48.1,26.6
859,golden retriever,10.06,30.10,0.2083,51.3,26.6
860,Labrador retriever,10.05,16.27,0.1131,49.4,27.1
861,Labrador retriever,10.05,14.29,0.0876,53.7,26.7
862,golden retriever,10.04,12.63,0.1051,49.1,26.7
863,Labrador retriever,10.04,13.74,0.1398,51.1,26.6
864,golden retriever,10.03,13.56,0.2890,48.3,26.6
865,golden retriever,10.02,97.08,0.3365,17.1,26.7
866,Border terrier,10.01,14.77,0.0295,48.9,26.7
867,goldfish,9.96,62.65,0.1469,34.3,26.8
868,goldfish,9.96,20.60,0.4984,50.6,26.8
869,goldfish,9.94,14.64,0.4140,47.9,26.8
870,goldfish,9.94,17.92,0.3425,49.6,26.8
871,goldfish,9.93,17.75,0.5215,46.6,26.8
872,goldfish,9.92,14.74,0.3940,47.9,26.5
873,goldfish,9.90,15.32,0.4375,38.2,26.7
874,goldfish,9.90,22.70,0.2102,49.8,26.7
875,sunglasses,9.90,35.97,0.0797,50.9,27.2
876,goldfish,9.90,21.59,0.1538,53.9,27.2
877,goldfish,9.90,15.03,0.2152,50.0,27.1
878,goldfish,9.90,14.44,0.3906,52.6,27.2
879,goldfish,9.90,26.25,0.3000,54.2,27.1
880,goldfish,9.91,28.59,0.6625,57.5,27.2
881,goldfish,9.91,16.28,0.7254,56.9,26.9
882,goldfish,9.91,20.09,0.7600,54.5,26.7
883,goldfish,9.91,17.06,0.8059,54.7,27.2
884,goldfish,9.92,15.63,0.7280,55.4,27.2
885,goldfish,9.92,24.68,0.6362,49.7,27.3
886,goldfish,9.92,17.93,0.4397,53.8,27.0
887,goldfish,9.93,21.82,0.7193,61.2,27.2
888,goldfish,9.93,15.34,0.6275,52.1,27.2
889,goldfish,9.93,15.94,0.3028,48.2,26.8
890,goldfish,9.93,22.42,0.3505,56.8,27.2
891,goldfish,9.94,15.48,0.4975,55.4,27.2
892,goldfish,9.94,26.39,0.5092,50.4,26.8
893,goldfish,9.94,25.41,0.5448,52.9,27.2
894,goldfish,9.95,21.65,0.6193,53.7,27.2
895,goldfish,9.95,15.18,0.4952,54.5,27.1
896,goldfish,9.95,16.05,0.4825,55.1,26.8
897,goldfish,9.95,18.91,0.5010,51.6,26.8
898,goldfish,9.95,30.44,0.4572,51.9,26.6
899,goldfish,9.95,16.81,0.4246,51.3,26.7
900,goldfish,9.95,16.80,0.4626,50.6,26.8
901,goldfish,9.95,31.42,0.5070,52.7,27.2
902,goldfish,9.96,21.55,0.4746,53.5,27.2
903,goldfish,9.95,15.75,0.4433,50.3,27.1
904,goldfish,9.95,14.41,0.4935,49.4,27.2
905,goldfish,9.95,24.05,0.4954,58.7,27.2
906,goldfish,9.96,14.25,0.4845,49.6,27.2
907,goldfish,9.96,14.68,0.4591,54.5,27.2
908,goldfish,9.96,14.57,0.4669,52.6,26.8
909,goldfish,9.96,59.90,0.4852,51.9,26.8
910,goldfish,9.97,18.67,0.4396,56.8,27.2
911,goldfish,9.97,15.16,0.4705,51.3,27.1
912,goldfish,9.97,18.25,0.4855,51.7,26.8
913,goldfish,9.97,15.17,0.5030,52.3,26.6
914,goldfish,9.98,19.74,0.3579,51.1,27.2
915,goldfish,9.98,16.73,0.3873,52.7,27.2
916,goldfish,9.98,13.97,0.4958,52.8,27.2
917,goldfish,9.98,18.26,0.4771,52.3,27.0
918,goldfish,9.99,14.75,0.2832,51.3,27.2
919,goldfish,9.98,17.01,0.2445,49.7,26.9
920,goldfish,9.99,18.16,0.4598,52.8,26.8
921,goldfish,9.98,19.49,0.3963,51.2,26.6
922,goldfish,9.99,16.25,0.4454,56.4,27.2
923,goldfish,9.99,14.44,0.5011,48.3,27.2
924,goldfish,9.98,16.38,0.5165,50.8,27.2
925,goldfish,9.98,14.99,0.5843,52.2,27.1
926,goldfish,9.98,22.57,0.5634,50.8,27.2
927,goldfish,9.98,14.16,0.5668,52.8,26.9
928,goldfish,9.99,18.45,0.5289,52.6,26.9
929,goldfish,9.98,13.92,0.5391,55.5,27.2
930,goldfish,9.99,18.24,0.5259,54.3,27.2
931,goldfish,9.98,19.90,0.5233,51.6,27.1
932,goldfish,9.98,21.26,0.5983,49.6,27.1
933,goldfish,9.97,13.97,0.5645,51.0,26.7
934,goldfish,9.97,14.83,0.5247,49.7,26.7
935,goldfish,9.97,24.90,0.5195,52.3,27.2
936,goldfish,9.97,36.98,0.5029,50.0,26.6
937,goldfish,9.97,17.04,0.4033,54.3,27.1
938,goldfish,9.97,26.07,0.4936,54.7,27.3
939,goldfish,9.97,14.62,0.4056,49.0,27.1
940,goldfish,9.97,21.24,0.5424,48.8,27.2
941,goldfish,9.96,14.30,0.3502,49.0,27.2
942,goldfish,9.96,11.77,0.5197,50.4,26.7
943,goldfish,9.95,13.16,0.2002,49.0,26.7
944,web site,9.95,12.88,0.0739,48.3,26.7
945,web site,9.95,24.03,0.0586,49.2,26.6
946,web site,9.94,14.60,0.0479,53.8,26.6
947,web site,9.94,13.83,0.0365,48.8,26.6
948,web site,9.94,15.29,0.0463,51.3,26.6
949,web site,9.94,22.71,0.0564,53.1,27.2
950,web site,9.95,17.46,0.0276,51.8,27.2
951,macaque,9.95,17.30,0.0558,48.5,26.8
952,wallaby,9.95,13.67,0.0560,54.1,27.1
953,wallaby,9.95,17.47,0.0789,54.3,27.1
954,wallaby,9.95,16.13,0.2842,49.3,27.2
955,wallaby,9.95,24.20,0.3263,52.8,27.2
956,wallaby,9.95,17.64,0.2422,50.8,27.2
957,wallaby,9.96,13.77,0.1415,49.6,27.1
958,wallaby,9.96,15.54,0.0542,55.2,26.8
959,wallaby,9.96,22.16,0.0635,51.6,26.7
960,wallaby,9.96,20.50,0.0305,51.6,27.2
961,wood rabbit,9.96,20.83,0.0303,53.5,27.1
962,wallaby,9.96,19.29,0.0199,49.3,27.2
963,wallaby,9.97,20.85,0.0290,53.2,27.1
964,wallaby,9.97,20.41,0.0271,51.3,27.2
965,wallaby,9.97,19.80,0.0362,52.0,26.7
966,wallaby,9.98,24.92,0.1433,53.6,27.2
967,wallaby,9.98,17.06,0.2382,55.0,27.2
968,wallaby,9.98,16.90,0.4018,46.5,26.7
969,wallaby,9.98,26.71,0.4917,55.1,27.2
970,wallaby,9.99,12.89,0.4229,54.8,27.2
971,wallaby,9.99,15.21,0.4493,56.3,27.2
972,wallaby,9.99,19.88,0.4031,52.2,27.2
973,wallaby,9.99,27.58,0.5482,49.4,27.2
974,wallaby,9.99,15.61,0.4227,55.0,26.7
975,wallaby,10.00,20.99,0.5034,52.6,27.2
976,wallaby,10.00,27.36,0.4342,54.5,27.2
977,wallaby,10.00,22.99,0.3137,53.6,26.9
978,wallaby,10.00,17.77,0.5286,53.6,27.3
979,wallaby,10.01,15.48,0.3109,51.8,27.3
980,wallaby,10.01,18.17,0.3116,51.6,26.8
981,wallaby,10.01,18.40,0.2488,51.7,27.3
982,wallaby,10.01,15.57,0.3144,53.4,27.3
983,wallaby,10.01,30.14,0.3609,50.7,27.0
984,wallaby,10.02,16.95,0.4874,51.0,27.1
985,wallaby,10.02,15.38,0.3182,54.2,26.6
986,wallaby,10.02,14.86,0.2754,49.6,27.1
987,wallaby,10.02,14.13,0.4991,50.3,27.2
988,wallaby,10.03,18.65,0.4175,57.5,27.2
989,wallaby,10.03,13.82,0.5045,49.5,27.2
990,wallaby,10.03,22.10,0.4606,53.8,27.2
991,wallaby,10.03,17.55,0.4947,50.0,27.1
992,wallaby,10.03,17.42,0.4199,51.5,27.2
993,wallaby,10.04,14.64,0.1290,54.6,27.2
994,Norfolk terrier,10.04,17.12,0.0298,52.7,26.8
995,paintbrush,10.04,19.54,0.0826,52.6,27.2
996,spindle,10.05,21.28,0.0499,58.5,27.1
997,hummingbird,10.05,20.98,0.0591,55.3,26.6
998,maillot,10.06,17.48,0.0849,56.9,27.1
999,pencil sharpener,10.06,14.08,0.0561,50.7,26.7
1000,pencil sharpener,10.07,15.69,0.0271,57.8,27.1
1001,television,10.07,12.80,0.0411,50.7,26.6
1002,pencil sharpener,10.08,13.73,0.0644,54.2,27.1
1003,iPod,10.08,14.58,0.0403,55.7,26.6
1004,television,10.08,17.28,0.0502,52.1,27.0
1005,television,10.09,13.56,0.0340,51.4,27.1
1006,television,10.08,21.63,0.0981,49.7,27.1
1007,television,10.07,13.41,0.1076,40.5,26.6
1008,mailbag,10.06,13.84,0.0496,47.1,26.6
1009,television,10.06,21.39,0.0408,49.2,26.6
1010,macaque,10.06,15.57,0.0940,50.6,26.6
1011,television,10.06,20.81,0.1266,50.0,26.6
1012,macaque,10.06,15.77,0.0589,48.6,26.6
1013,macaque,10.06,12.77,0.0927,50.0,26.6
1014,macaque,10.06,14.07,0.0640,49.3,27.2
1015,television,10.06,31.87,0.1045,50.3,27.0
1016,wallaby,10.06,25.46,0.0848,52.1,27.1
1017,wallaby,10.06,16.91,0.1688,49.7,27.2
1018,television,10.06,15.93,0.0864,56.3,27.1
1019,wallaby,10.06,15.34,0.0929,47.7,26.8
1020,iPod,10.06,19.22,0.0375,53.8,27.2
1021,television,10.06,17.23,0.0764,55.0,27.2
1022,television,10.07,16.51,0.1485,53.2,26.8
1023,iPod,10.07,13.49,0.1096,51.9,27.2
1024,iPod,10.07,15.77,0.1186,51.3,27.2
1025,iPod,10.07,17.09,0.0998,50.0,27.2
1026,jigsaw puzzle,10.08,19.06,0.1166,55.6,27.2
1027,iPod,10.08,12.90,0.1052,53.6,27.2
1028,cellular telephone,10.08,19.59,0.1621,50.2,27.2
1029,iPod,10.08,16.86,0.1041,49.0,27.1
1030,wallaby,10.08,22.78,0.0897,51.7,26.7
1031,iPod,10.07,18.67,0.0637,48.9,26.7
1032,iPod,10.04,87.06,0.0989,41.1,26.7
1033,iPod,10.03,14.55,0.1623,48.4,26.7
1034,iPod,10.02,12.17,0.1198,48.2,26.7
1035,iPod,10.02,13.00,0.1376,49.8,26.7
1036,tray,10.01,13.53,0.0625,49.8,26.7
1037,television,10.01,17.73,0.0520,50.3,26.7
1038,tray,10.01,14.05,0.1055,50.9,27.2
1039,tray,10.01,21.45,0.0950,49.3,27.2
1040,tray,10.01,26.86,0.0563,51.9,26.7
1041,iPod,10.01,21.38,0.0482,51.1,27.2
1042,tray,10.01,16.13,0.0407,50.7,27.2
1043,iPod,10.01,12.92,0.0386,50.3,27.2
1044,wallaby,10.01,14.54,0.0353,51.4,27.3
1045,wallaby,10.01,16.87,0.0524,50.7,27.3
1046,tray,10.01,19.66,0.0570,50.6,26.8
1047,tray,10.01,24.30,0.0746,50.3,27.3
1048,iPod,10.01,28.27,0.0688,52.7,27.2
1049,wallaby,10.01,17.84,0.1008,50.0,27.0
1050,tray,10.01,19.19,0.0578,52.8,27.2
1051,wallaby,10.01,13.22,0.0630,51.0,27.0
1052,television,10.01,21.97,0.0421,51.8,27.2
1053,iPod,10.01,14.94,0.0443,50.0,27.0
1054,iPod,10.01,24.14,0.0745,56.0,27.2
1055,iPod,10.01,13.76,0.0592,51.4,27.2
1056,iPod,10.01,24.29,0.0407,47.4,27.2
1057,iPod,10.01,14.08,0.0523,52.0,27.2
1058,wallaby,10.01,21.45,0.0532,52.2,27.2
1059,iPod,10.01,15.27,0.0512,48.9,27.2
1060,wallaby,10.01,19.64,0.0527,50.0,27.2
1061,wallaby,10.01,22.45,0.0581,49.7,27.2
1062,iPod,10.01,12.70,0.0743,50.4,27.2
1063,cellular telephone,10.01,15.44,0.1658,50.4,27.2
1064,cellular telephone,10.01,15.85,0.1452,50.0,27.0
1065,iPod,10.01,14.81,0.1324,54.5,26.8
1066,iPod,10.01,18.66,0.1200,51.8,27.1
1067,iPod,10.01,29.62,0.0696,51.0,27.2
1068,lighter,9.96,96.58,0.0835,28.9,26.7
1069,sunglasses,9.96,28.10,0.0805,54.7,27.2
1070,lighter,9.96,18.82,0.0833,56.0,27.1
1071,lighter,9.96,21.32,0.0675,51.7,27.1
1072,lighter,9.96,15.17,0.4335,50.6,26.8
1073,iPod,9.96,14.27,0.1981,51.8,27.2
1074,lighter,9.96,23.04,0.0569,52.4,27.2
1075,lighter,9.96,21.68,0.1105,52.3,27.3
1076,tray,9.97,17.78,0.0336,53.0,27.3
1077,iPod,9.97,20.58,0.0369,52.0,27.2
1078,iPod,9.97,22.87,0.0589,49.1,27.3
1079,iPod,9.97,17.43,0.0874,57.0,27.3
1080,mouse,9.98,21.77,0.0849,51.9,26.5
1081,iPod,9.98,25.11,0.0578,54.0,27.2
1082,mixing bowl,9.98,15.84,0.0317,56.2,26.9
1083,sunglass,9.99,29.18,0.0293,54.5,27.2
1084,switch,9.99,25.06,0.0383,55.2,27.2
1085,mouse,9.99,19.68,0.0288,51.9,27.2
1086,modem,10.00,16.39,0.0558,55.6,26.8
1087,modem,10.00,16.57,0.0591,54.3,27.2
1088,hook,10.01,17.02,0.0449,55.1,26.8
1089,spotlight,10.01,14.84,0.0384,56.2,27.2
1090,soap dispenser,10.02,15.21,0.0338,51.9,26.7
1091,microphone,10.02,19.15,0.0331,54.3,27.2
1092,microphone,10.02,27.30,0.0390,55.4,26.8
1093,microphone,10.03,17.30,0.0370,57.1,27.2
1094,microphone,10.03,15.60,0.0329,57.3,26.7
1095,modem,10.04,15.66,0.0392,57.0,27.2
1096,modem,10.04,19.03,0.0594,51.7,27.2
1097,modem,10.04,15.01,0.0625,54.5,27.2
1098,modem,10.05,17.37,0.0279,56.2,27.2
1099,modem,10.05,13.35,0.0348,56.8,27.2
1100,sunglass,10.06,27.57,0.3561,57.4,27.2
1101,sunglass,10.06,16.61,0.1710,61.8,27.2
1102,sunglass,10.06,25.05,0.1543,57.7,26.8
1103,sunglass,10.07,13.60,0.1573,58.9,27.2
1104,sunglass,10.07,12.46,0.2269,61.5,27.2
1105,sunglass,10.08,20.13,0.2513,53.7,27.2
1106,sunglass,10.08,14.96,0.3178,52.6,27.2
1107,sunglass,10.09,19.22,0.2684,55.8,27.2
1108,sunglass,10.09,14.98,0.2169,49.5,27.2
1109,modem,10.09,14.54,0.0633,56.5,27.2
1110,modem,10.09,18.09,0.1036,49.5,27.2
1111,modem,10.10,16.81,0.0946,53.8,26.7
1112,modem,10.10,13.74,0.0866,54.4,27.2
1113,modem,10.10,16.70,0.0376,59.8,27.2
1114,sunglass,10.11,11.75,0.0799,48.5,27.0
1115,modem,10.11,15.53,0.0624,51.0,27.2
1116,modem,10.11,15.22,0.0586,57.4,27.2
1117,modem,10.11,14.71,0.0572,53.9,27.2
1118,sunglass,10.12,16.17,0.1015,52.1,27.2
1119,sunglass,10.12,17.06,0.3456,50.5,27.2
1120,sunglass,10.12,22.17,0.1442,49.6,27.2
1121,sunglass,10.12,16.07,0.1473,53.8,27.2
1122,sunglass,10.12,17.48,0.2638,49.4,26.9
1123,sunglass,10.13,17.49,0.1953,55.7,27.3
1124,sunglass,10.13,19.50,0.2792,53.5,27.1
1125,sunglass,10.13,16.81,0.2726,53.7,26.7
1126,sunglass,10.14,18.84,0.2566,55.0,27.2
1127,sunglass,10.14,16.24,0.2695,52.7,27.2
1128,sunglass,10.14,15.93,0.3742,54.7,27.2
1129,sunglass,10.15,17.95,0.3512,52.5,27.2
1130,sunglass,10.15,22.74,0.3147,58.1,26.9
1131,sunglass,10.16,16.36,0.2648,56.7,27.2
1132,sunglass,10.16,15.16,0.3220,52.9,27.2
1133,sunglass,10.16,18.41,0.2702,62.4,27.2
1134,sunglass,10.17,23.73,0.3249,54.9,27.2
1135,sunglass,10.17,18.03,0.3400,54.3,26.9
1136,sunglass,10.17,13.24,0.3989,59.7,27.2
1137,sunglass,10.18,19.81,0.4241,56.0,26.9
1138,sunglass,10.18,18.83,0.4537,54.1,27.2
1139,sunglass,10.19,19.90,0.4073,52.4,26.7
1140,sunglass,10.19,21.78,0.4167,57.7,27.2
1141,sunglass,10.19,18.63,0.3585,58.8,26.7
1142,sunglass,10.20,20.50,0.3813,52.4,27.2
1143,sunglass,10.20,17.74,0.3233,54.3,26.7
1144,sunglass,10.21,22.67,0.3469,55.6,27.2
1145,sunglass,10.21,19.57,0.3254,52.6,26.7
1146,sunglass,10.21,20.37,0.4180,56.7,27.2
1147,sunglass,10.22,15.25,0.3732,55.1,27.2
1148,sunglass,10.22,15.14,0.4290,58.4,27.2
1149,sunglass,10.23,14.24,0.3394,54.7,27.2
1150,sunglass,10.23,16.19,0.3742,55.0,26.8
1151,sunglass,10.24,18.08,0.4104,55.6,27.2
1152,sunglass,10.24,14.35,0.4135,53.2,26.7
1153,sunglass,10.24,22.05,0.4340,55.0,27.3
1154,sunglass,10.25,13.57,0.4331,57.9,26.8
1155,sunglass,10.25,23.28,0.3956,53.0,27.3
1156,sunglass,10.26,13.61,0.4294,55.4,27.3
1157,sunglass,10.26,18.30,0.4184,52.2,27.3
1158,sunglass,10.27,14.73,0.4705,54.5,27.1
1159,sunglass,10.27,17.29,0.4698,57.7,27.2
1160,sunglass,10.28,14.16,0.4767,51.5,27.3
1161,sunglass,10.28,27.81,0.4101,59.8,27.3
1162,sunglass,10.28,15.59,0.4237,50.8,27.3
1163,sunglass,10.29,20.52,0.4425,55.0,26.9
1164,sunglass,10.29,15.18,0.4331,55.8,27.3
1165,sunglass,10.30,15.26,0.4165,57.1,26.9
1166,sunglass,10.30,14.61,0.4218,56.4,27.3
1167,sunglass,10.31,13.84,0.4190,53.6,26.8
1168,sunglass,10.31,13.41,0.4325,57.8,27.2
1169,sunglass,10.32,13.90,0.4312,59.2,27.2
1170,sunglass,10.32,15.96,0.4157,50.0,27.2
1171,sunglass,10.33,16.26,0.4087,58.8,27.2
1172,sunglass,10.33,18.21,0.3761,53.7,27.3
1173,sunglass,10.33,14.63,0.4392,58.7,27.3
1174,sunglass,10.34,18.28,0.4450,64.8,27.2
1175,sunglass,10.34,13.53,0.4607,56.3,27.2
1176,sunglass,10.35,15.41,0.4268,61.0,27.2
1177,sunglass,10.35,13.78,0.5125,54.9,27.2
1178,sunglass,10.36,20.21,0.4246,57.1,27.1
1179,sunglass,10.36,13.85,0.4385,60.3,27.2
1180,sunglass,10.36,18.44,0.3428,56.4,26.9
1181,sunglass,10.37,15.42,0.3392,49.3,27.2
1182,sunglass,10.37,20.03,0.3029,57.0,26.8
1183,sunglass,10.38,15.70,0.3748,59.0,27.2
1184,sunglass,10.38,14.44,0.3662,56.6,26.7
1185,sunglass,10.39,15.70,0.3783,52.2,27.2
1186,sunglass,10.39,13.22,0.3824,55.6,27.2
1187,sunglass,10.40,13.73,0.3903,52.2,27.2
1188,sunglass,10.40,14.53,0.3808,56.6,27.2
1189,sunglass,10.41,14.90,0.3707,52.3,26.8
1190,sunglass,10.41,15.54,0.3379,55.4,27.2
1191,sunglass,10.41,18.19,0.3284,50.0,26.7
1192,sunglass,10.42,15.11,0.3895,56.8,27.2
1193,sunglass,10.42,13.52,0.4023,58.9,27.2
1194,sunglass,10.43,13.84,0.3436,50.5,27.2
1195,sunglass,10.43,14.67,0.3364,55.3,26.7
1196,sunglass,10.43,13.62,0.3266,52.6,27.2
1197,sunglass,10.44,23.74,0.3299,53.8,26.8
1198,sunglass,10.44,18.10,0.3318,56.4,27.2
1199,sunglass,10.45,14.62,0.3304,53.8,27.2
1200,sunglass,10.45,12.88,0.3336,52.2,27.2
1201,sunglass,10.45,17.15,0.3139,51.6,27.2
1202,sunglass,10.46,14.88,0.3633,50.7,27.2
1203,sunglass,10.46,12.91,0.3933,59.1,27.2
1204,sunglass,10.47,13.87,0.3934,54.5,27.2
1205,sunglass,10.46,15.08,0.3124,49.5,27.2
1206,sunglass,10.47,13.60,0.3090,52.3,26.9
1207,sunglass,10.47,13.54,0.3296,57.1,27.3
1208,sunglass,10.48,16.32,0.2911,53.1,26.9
1209,sunglass,10.48,18.72,0.3143,57.9,27.3
1210,sunglass,10.48,15.69,0.3729,48.8,27.0
1211,sunglass,10.48,26.23,0.3671,54.1,26.7
1212,sunglass,10.48,25.08,0.3275,55.6,26.8
1213,sunglass,10.48,16.78,0.2667,56.4,27.2
1214,sunglass,10.49,17.37,0.2650,48.6,27.2
1215,sunglass,10.49,17.50,0.2824,54.7,27.2
1216,sunglass,10.50,14.46,0.2581,56.4,26.7
1217,sunglass,10.50,14.75,0.2917,53.2,27.2
1218,sunglass,10.50,12.28,0.2892,51.2,27.2
1219,sunglass,10.51,16.42,0.2916,58.4,27.2
1220,sunglass,10.51,15.93,0.2979,56.2,27.2
1221,sunglass,10.51,17.23,0.3084,51.2,26.7
1222,sunglass,10.51,19.36,0.3568,56.1,27.2
1223,sunglass,10.51,15.05,0.3886,49.7,27.2
1224,sunglass,10.52,16.81,0.3397,52.5,26.8
1225,sunglass,10.52,18.54,0.3664,53.8,27.2
1226,sunglass,10.52,16.74,0.3327,51.8,27.2
1227,sunglass,10.53,26.01,0.3208,57.1,26.7
1228,sunglass,10.53,29.83,0.3462,57.4,27.2
1229,sunglass,10.53,15.32,0.3402,51.9,27.2
1230,sunglass,10.54,17.88,0.3394,57.1,27.2
1231,sunglass,10.54,13.61,0.3454,50.0,26.9
1232,sunglass,10.55,18.74,0.3244,57.9,27.3
1233,sunglass,10.55,13.29,0.3247,52.9,26.7
1234,sunglass,10.55,17.06,0.3776,54.5,27.2
1235,sunglass,10.56,12.77,0.3426,48.2,26.7
1236,sunglass,10.56,18.14,0.3622,61.2,27.3
1237,sunglass,10.56,14.84,0.3024,52.7,27.3
1238,sunglass,10.56,16.43,0.3530,47.6,27.2
1239,sunglass,10.57,18.50,0.3649,57.3,27.2
1240,sunglass,10.57,18.49,0.3015,54.3,27.3
1241,sunglass,10.57,17.48,0.3498,53.8,27.2
1242,sunglass,10.57,19.42,0.3515,53.1,27.3
1243,sunglass,10.58,13.72,0.3296,50.0,27.3
1244,sunglass,10.58,15.55,0.3890,52.1,27.3
1245,sunglass,10.58,14.64,0.3294,54.7,27.2
1246,sunglass,10.58,17.90,0.3203,54.5,27.2
1247,sunglass,10.58,16.37,0.3855,52.9,27.2
1248,sunglass,10.58,19.54,0.4230,51.0,26.8
1249,sunglass,10.58,14.02,0.3753,52.4,27.2
1250,sunglass,10.58,14.98,0.4039,51.3,26.7
1251,sunglass,10.59,22.76,0.3782,54.3,27.2
1252,sunglass,10.59,19.47,0.3887,50.0,27.2
1253,sunglass,10.59,18.23,0.3254,52.7,27.2
1254,sunglass,10.60,13.58,0.3686,54.8,27.0
1255,sunglass,10.60,16.18,0.3593,51.2,27.2
1256,sunglass,10.61,14.88,0.3980,60.0,27.2
1257,sunglass,10.61,13.09,0.3526,53.0,27.2
1258,sunglass,10.61,16.95,0.3712,50.0,27.1
1259,sunglass,10.62,16.59,0.4235,56.8,27.2
1260,sunglass,10.62,15.83,0.4335,52.2,26.8
1261,sunglass,10.71,15.76,0.3457,61.7,27.2
1262,sunglass,10.71,13.12,0.3503,55.6,27.2
1263,sunglass,10.72,15.11,0.3043,58.8,27.2
1264,sunglass,10.72,12.93,0.3374,52.3,27.2
1265,sunglass,10.73,15.24,0.2966,52.2,27.2
1266,sunglass,10.73,20.08,0.3599,58.5,27.2
1267,sunglass,10.73,24.38,0.2036,53.4,27.2
1268,iPod,10.73,15.78,0.0752,55.7,26.7
1269,iPod,10.74,16.06,0.0584,49.0,27.2
1270,axolotl,10.74,18.28,0.0204,52.7,26.9
1271,axolotl,10.74,21.21,0.0177,58.1,27.3
1272,Granny Smith,10.74,18.86,0.0211,50.7,27.3
1273,cleaver,10.74,15.05,0.0338,50.7,27.1
1274,envelope,10.74,14.68,0.0440,56.0,27.3
1275,fountain pen,10.74,19.51,0.0307,52.8,27.2
1276,quill,10.74,19.11,0.0641,50.3,27.2
1277,quill,10.73,20.72,0.1147,51.5,27.2
1278,quill,10.73,17.18,0.1097,50.6,27.2
1279,quill,10.73,14.61,0.1560,48.0,26.7
1280,letter opener,10.72,14.00,0.1342,49.6,26.7
1281,quill,10.72,19.72,0.1052,50.0,26.7
1282,quill,10.71,20.04,0.1211,48.0,26.7
1283,quill,10.71,23.02,0.1331,51.8,26.7
1284,quill,10.70,27.09,0.1439,49.3,26.7
1285,quill,10.70,16.67,0.1299,48.9,26.7
1286,letter opener,10.69,21.06,0.1015,48.3,26.7
1287,letter opener,10.69,26.41,0.1115,51.1,27.2
1288,quill,10.69,38.21,0.1129,52.8,27.2
1289,quill,10.69,25.55,0.1304,48.6,27.2
1290,letter opener,10.69,24.25,0.1133,53.3,26.8
1291,quill,10.68,50.32,0.1412,52.9,27.2
1292,quill,10.67,20.61,0.1492,51.0,26.7
1293,letter opener,10.67,17.49,0.1460,52.9,27.2
1294,letter opener,10.66,15.11,0.1212,44.9,26.7
1295,quill,10.60,66.31,0.1635,24.5,26.7
1296,lighter,10.56,79.71,0.2352,38.7,26.7
1297,pencil sharpener,10.56,24.20,0.1016,51.1,26.8
1298,pencil sharpener,10.56,16.40,0.0770,50.4,27.3
1299,pencil sharpener,10.56,29.39,0.0776,54.4,27.3
1300,lighter,10.56,19.44,0.0842,52.1,27.3
1301,lighter,10.56,17.06,0.0685,50.3,27.3
1302,pencil sharpener,10.56,20.42,0.0560,50.0,27.3
1303,lighter,10.56,18.35,0.0619,51.4,27.3
1304,lighter,10.56,20.10,0.0588,50.7,27.3
1305,lighter,10.56,18.25,0.0531,52.9,27.2
1306,lighter,10.56,14.74,0.0592,51.9,27.2
1307,pencil sharpener,10.56,23.22,0.0523,50.3,27.3
1308,lighter,10.56,25.10,0.0552,52.1,27.3
1309,lighter,10.56,26.70,0.0572,56.9,27.2
1310,pencil sharpener,10.56,17.35,0.0648,53.1,26.9
1311,pencil sharpener,10.56,14.90,0.0567,52.2,27.3
1312,pencil sharpener,10.56,15.68,0.0524,49.5,26.9
1313,pencil sharpener,10.56,14.97,0.0547,56.6,27.2
1314,pencil sharpener,10.57,19.76,0.0598,52.3,27.3
1315,pencil sharpener,10.56,22.51,0.0482,51.3,27.2
1316,soap dispenser,10.56,17.15,0.0459,50.5,26.8
1317,pencil sharpener,10.56,23.16,0.0466,54.0,27.2
1318,pencil sharpener,10.56,21.68,0.0489,53.1,27.2
1319,lighter,10.56,25.02,0.0467,50.9,27.2
1320,soap dispenser,10.56,25.03,0.0443,52.4,27.2
1321,pencil sharpener,10.56,33.41,0.0521,54.9,27.2
1322,soap dispenser,10.56,25.19,0.0500,54.5,27.2
1323,soap dispenser,10.56,27.83,0.0481,49.5,27.2
1324,soap dispenser,10.55,16.76,0.0451,49.0,26.7
1325,lighter,10.55,14.75,0.0487,48.8,26.7
1326,pencil sharpener,10.54,12.69,0.0519,47.7,26.7
1327,pencil sharpener,10.54,13.11,0.0472,49.0,26.7
1328,lighter,10.53,11.34,0.0435,47.7,26.7
1329,pencil sharpener,10.53,24.34,0.0474,50.3,26.7
1330,pencil sharpener,10.53,12.40,0.0559,49.5,26.7
1331,pencil sharpener,10.53,15.52,0.0506,47.8,26.8
1332,pencil sharpener,10.53,18.59,0.0512,49.7,26.7
1333,lighter,10.52,11.49,0.0505,47.2,26.7
1334,pencil sharpener,10.52,23.34,0.0503,50.6,26.7
1335,pencil sharpener,10.51,11.30,0.0511,46.5,26.7
1336,pencil sharpener,10.51,16.47,0.0474,51.7,26.7
1337,pencil sharpener,10.50,12.30,0.0494,49.3,26.7
1338,pencil sharpener,10.50,23.65,0.0496,52.6,26.7
1339,soap dispenser,10.50,11.68,0.0489,48.0,26.7
1340,soap dispenser,10.49,13.63,0.0470,48.8,26.7
1341,pencil sharpener,10.50,15.88,0.0498,48.9,27.2
1342,pencil sharpener,10.50,15.30,0.0467,52.6,27.2
1343,lighter,10.50,16.50,0.0472,50.0,27.2
1344,lighter,10.50,16.31,0.0486,51.2,27.2
1345,lighter,10.50,11.76,0.0524,52.3,27.1
1346,lighter,10.49,16.38,0.0492,51.5,27.2
1347,pencil sharpener,10.50,18.81,0.0495,52.4,27.2
1348,pencil sharpener,10.50,15.62,0.0500,49.4,27.2
1349,pencil sharpener,10.49,18.62,0.0514,49.0,26.7
1350,lighter,10.49,20.89,0.0483,51.0,27.2
1351,perfume,10.49,26.15,0.0477,53.5,27.2
1352,lighter,10.50,23.92,0.0477,53.5,27.2
1353,pencil sharpener,10.48,13.47,0.0454,37.6,26.7
1354,pencil sharpener,10.47,11.52,0.0513,49.4,26.8
1355,pencil sharpener,10.47,23.49,0.0532,49.5,26.7
1356,soap dispenser,10.47,13.55,0.0413,48.7,26.7
1357,pencil sharpener,10.47,15.71,0.0402,52.2,27.2
1358,lighter,10.46,13.08,0.0463,46.8,26.7
1359,lighter,10.42,103.17,0.0554,35.5,26.7
1360,pencil sharpener,10.42,14.28,0.1374,46.9,26.7
1361,pencil sharpener,10.41,14.26,0.1449,48.2,26.7
1362,paper towel,10.41,16.77,0.0601,50.0,27.2
1363,quill,10.40,21.38,0.1320,50.6,26.7
1364,quill,10.39,16.73,0.1477,48.6,26.7
1365,quill,10.39,17.74,0.1410,49.6,26.8
1366,quill,10.39,19.96,0.1258,50.9,27.2
1367,quill,10.35,95.47,0.1783,37.3,26.8
1368,quill,10.35,13.69,0.1688,49.8,26.8
1369,quill,10.32,94.73,0.2137,37.3,26.8
1370,quill,10.31,12.73,0.1388,47.3,26.8
1371,quill,10.30,11.70,0.2092,46.4,26.8
1372,letter opener,10.29,13.92,0.1258,46.3,26.8
1373,quill,10.28,11.26,0.1327,40.5,26.8
1374,quill,10.28,11.92,0.1625,48.6,26.8
1375,quill,10.27,11.32,0.1561,48.1,26.8
1376,quill,10.27,11.86,0.1656,46.6,26.8
1377,quill,10.27,14.06,0.1393,49.1,26.8
1378,quill,10.27,22.26,0.1807,50.6,26.8
1379,quill,10.27,16.31,0.1732,50.8,27.2
1380,quill,10.26,13.49,0.1840,44.5,26.8
1381,quill,10.22,86.23,0.1633,31.2,26.8
1382,quill,10.22,21.07,0.1416,48.2,26.8
1383,quill,10.22,15.14,0.1935,51.1,26.8
1384,quill,10.21,15.80,0.1592,50.7,26.8
1385,quill,10.21,13.77,0.1456,47.7,26.8
1386,quill,10.20,11.89,0.1715,48.1,26.8
1387,quill,10.20,16.20,0.1239,49.7,26.8
1388,quill,10.20,11.65,0.1648,47.5,26.8
1389,quill,10.19,23.75,0.1327,49.5,26.8
1390,quill,10.19,14.68,0.1334,50.7,26.8
1391,quill,10.19,18.74,0.1737,50.3,26.8
1392,quill,10.19,19.48,0.1470,50.3,26.8
1393,quill,10.19,17.89,0.2184,50.9,27.4
1394,letter opener,10.19,17.46,0.1440,51.5,26.9
1395,quill,10.19,16.60,0.1910,49.4,26.8
1396,quill,10.19,15.96,0.1673,49.3,26.7
1397,quill,10.18,15.44,0.1759,50.0,26.8
1398,quill,10.18,12.68,0.1668,48.8,26.8
1399,quill,10.18,24.06,0.1693,57.6,27.3
1400,quill,10.18,14.57,0.1674,56.9,27.3
1401,quill,10.18,14.33,0.1718,49.1,27.3
1402,quill,10.17,11.47,0.1696,46.9,26.8
1403,letter opener,10.17,15.40,0.1384,49.8,26.8
1404,quill,10.17,15.61,0.1685,51.8,27.3
1405,quill,10.16,11.82,0.1700,40.3,26.8
1406,quill,10.16,11.10,0.1878,47.0,26.8
1407,quill,10.15,12.44,0.1427,48.3,26.8
1408,quill,10.15,17.71,0.1638,48.6,26.8
1409,quill,10.15,11.34,0.1202,45.9,26.8
1410,quill,10.14,12.35,0.1385,41.5,26.8
1411,quill,10.13,12.62,0.1403,46.7,26.8
1412,quill,10.12,16.05,0.1658,50.7,26.8
1413,quill,10.12,17.58,0.1660,51.0,26.8
1414,quill,10.11,13.63,0.1534,41.4,26.8
1415,quill,10.11,27.23,0.1866,51.0,26.8
1416,quill,10.10,11.78,0.1680,48.7,26.8
1417,quill,10.10,12.01,0.1762,45.9,26.8
1418,quill,10.10,12.86,0.1704,49.5,26.8
1419,quill,10.10,16.78,0.2229,47.9,26.8
1420,quill,10.10,16.43,0.1995,50.3,26.8
1421,quill,10.10,14.08,0.1661,47.9,26.8
1422,quill,10.10,16.89,0.1773,51.6,27.3
1423,quill,10.09,14.33,0.1535,48.2,26.8
1424,quill,10.09,13.40,0.1526,50.8,27.3
1425,quill,10.09,19.08,0.1475,49.5,27.3
1426,quill,10.09,11.63,0.1431,49.1,26.7
1427,quill,10.08,13.43,0.1361,50.3,26.8
1428,quill,10.07,13.84,0.1806,48.4,26.7
1429,quill,10.07,16.25,0.1961,47.5,26.7
1430,quill,10.06,12.59,0.1667,47.0,26.7
1431,quill,10.06,11.25,0.1702,48.8,26.7
1432,quill,10.06,15.15,0.2049,48.1,26.8
1433,quill,10.05,13.98,0.1600,49.2,26.7
1434,letter opener,10.05,21.82,0.1302,50.3,26.7
1435,quill,10.05,11.46,0.1454,46.7,26.7
1436,quill,10.04,12.86,0.1906,43.8,26.7
1437,quill,10.03,14.06,0.1823,47.6,26.7
1438,quill,10.02,11.11,0.2063,46.2,26.7
1439,quill,10.02,15.43,0.2249,50.2,26.7
1440,quill,10.01,13.09,0.1373,48.4,26.7
1441,quill,10.01,17.49,0.1731,48.6,26.7
1442,quill,10.01,15.53,0.1839,48.9,26.7
1443,quill,10.01,20.41,0.1355,49.5,26.7
1444,quill,10.00,13.19,0.1383,47.6,26.7
1445,screwdriver,10.00,19.12,0.1271,49.4,26.7
1446,quill,9.99,12.96,0.1014,46.6,26.7
1447,lighter,9.99,13.91,0.0393,49.5,26.7
1448,lipstick,9.99,13.87,0.1134,49.2,26.7
1449,lipstick,9.98,12.67,0.1951,45.5,26.7
1450,lipstick,9.97,15.48,0.2412,48.7,26.7
1451,lipstick,9.97,26.19,0.0767,48.7,26.7
1452,lotion,9.97,21.34,0.2355,50.5,26.8
1453,lotion,9.96,17.28,0.2899,50.2,26.8
1454,lotion,9.95,17.05,0.2168,47.0,26.8
1455,lotion,9.95,16.98,0.2026,47.3,26.8
1456,lotion,9.95,28.80,0.3450,48.9,26.8
1457,lotion,9.95,32.63,0.3419,50.9,27.2
1458,lotion,9.94,35.50,0.2986,49.4,26.8
1459,lotion,9.94,29.52,0.3100,48.4,26.8
1460,lotion,9.93,16.41,0.2913,48.2,26.8
1461,lotion,9.93,18.61,0.2908,50.0,27.3
1462,lotion,9.93,20.66,0.2585,51.7,27.3
1463,lotion,9.93,16.35,0.2994,49.6,26.9
1464,lotion,9.93,19.12,0.2732,53.8,27.3
1465,lotion,9.93,23.23,0.2514,51.8,26.8
1466,lotion,9.92,31.66,0.2998,53.2,27.3
1467,lotion,9.92,21.15,0.2814,53.9,27.0
1468,lotion,9.92,25.26,0.2462,50.7,27.2
1469,lotion,9.92,18.73,0.2664,51.3,27.2
1470,lotion,9.92,24.95,0.2482,52.4,27.2
1471,lotion,9.92,23.35,0.2633,50.2,27.2
1472,lotion,9.92,21.66,0.2920,48.3,27.2
1473,lotion,9.92,17.30,0.2665,52.0,27.3
1474,lotion,9.92,17.73,0.2673,51.9,27.1
1475,lotion,9.91,18.57,0.2606,49.2,27.3
1476,lotion,9.91,20.21,0.2758,52.4,26.8
1477,lotion,9.91,11.52,0.2699,45.6,26.8
1478,lotion,9.90,19.66,0.2713,48.3,26.8
1479,lotion,9.89,12.63,0.2669,34.6,26.8
1480,lotion,9.89,11.80,0.2658,47.2,26.8
1481,lotion,9.88,12.11,0.2789,49.8,26.8
1482,lotion,9.88,13.64,0.2519,49.1,26.8
1483,lotion,9.87,11.13,0.2484,47.3,26.8
1484,lotion,9.93,16.00,0.2488,50.6,26.6
1485,lotion,9.92,13.44,0.2625,46.4,26.7
1486,lotion,9.92,15.53,0.2616,47.7,26.7
1487,lotion,9.92,16.31,0.2706,49.1,26.7
1488,lotion,9.92,13.63,0.2911,48.1,26.7
1489,lotion,9.91,26.04,0.2834,48.9,26.7
1490,lotion,9.91,12.09,0.2808,51.7,26.7
1491,lotion,9.91,19.74,0.2919,52.1,26.7
1492,lotion,9.91,34.90,0.2846,50.6,27.2
1493,lotion,9.91,13.58,0.2945,49.2,26.7
1494,lotion,9.91,20.39,0.2884,50.4,27.2
1495,lotion,9.91,20.74,0.2882,47.8,26.7
1496,lotion,9.91,13.06,0.2630,50.8,26.8
1497,lotion,9.90,16.72,0.2675,43.1,26.7
1498,lotion,9.89,11.53,0.2766,46.1,26.7
1499,sunscreen,9.86,53.80,0.2486,28.8,26.8
1500,lotion,9.84,27.44,0.2636,33.4,26.8
1501,lotion,9.82,132.97,0.2196,39.2,26.7
1502,lotion,9.75,103.05,0.2478,17.2,26.8
1503,lotion,9.71,110.70,0.2511,26.0,26.8
1504,lotion,9.69,78.39,0.2637,37.8,26.8
1505,lotion,9.68,49.97,0.2515,51.2,26.8
1506,lotion,9.68,15.71,0.2704,46.7,26.7
1507,lotion,9.65,98.64,0.2601,35.8,26.7
1508,sunscreen,9.65,22.29,0.2524,49.2,26.8
1509,lotion,9.59,98.11,0.2699,16.4,26.8
1510,lotion,9.58,14.68,0.2701,48.5,26.8
1511,lotion,9.58,14.73,0.2686,48.1,26.8
1512,lotion,9.57,15.66,0.2544,48.3,26.8
1513,lotion,9.54,95.50,0.2586,31.3,26.8
1514,sunscreen,9.53,77.26,0.2435,38.5,26.8
1515,lotion,9.52,27.02,0.2443,46.4,26.8
1516,lotion,9.51,14.86,0.2723,49.5,26.8
1517,sunscreen,9.49,87.24,0.2392,30.4,26.8
1518,lotion,9.48,14.52,0.2600,38.7,26.8
1519,lotion,9.47,12.27,0.2426,47.0,26.8
1520,lotion,9.46,14.26,0.2724,43.8,26.8
1521,lotion,9.46,13.35,0.2631,45.6,26.9
1522,lotion,9.45,14.93,0.2855,48.8,26.7
1523,lotion,9.45,12.72,0.2534,48.9,26.8
1524,lotion,9.45,24.51,0.2659,49.7,26.8
1525,lotion,9.45,27.14,0.2739,52.5,26.7
1526,sunscreen,9.45,16.02,0.2493,54.7,27.2
1527,lotion,9.45,20.61,0.2684,55.3,27.2
1528,lotion,9.45,45.67,0.2751,51.8,26.8
1529,lotion,9.45,22.24,0.2828,51.9,27.2
1530,lotion,9.45,14.96,0.2528,50.0,27.2
1531,lotion,9.45,17.57,0.2838,50.9,26.8
1532,lotion,9.45,13.56,0.2654,50.8,27.3
1533,lotion,9.45,15.82,0.2602,47.9,27.3
1534,lotion,9.44,12.41,0.2573,47.3,26.8
1535,lotion,9.44,29.94,0.2678,50.2,26.8
1536,sunscreen,9.43,12.45,0.2029,42.0,26.8
1537,lotion,9.43,11.47,0.2363,48.9,26.8
1538,ladle,9.43,19.62,0.0278,48.5,26.8
1539,ladle,9.42,11.11,0.1124,46.4,26.8
1540,quill,9.41,12.25,0.1093,32.5,26.8
1541,quill,9.39,87.63,0.1374,38.9,26.8
1542,quill,9.38,11.55,0.1290,47.5,26.8
1543,syringe,9.38,14.75,0.0678,50.0,26.8
1544,safety pin,9.38,18.58,0.0604,47.5,26.8
1545,coffee mug,9.34,94.01,0.0346,23.2,26.8
1546,teapot,9.30,96.21,0.0485,23.9,26.8
1547,coffee mug,9.30,14.22,0.0220,47.5,26.8
1548,coffee mug,9.30,25.30,0.0394,49.6,26.8
1549,coffee mug,9.29,14.57,0.0220,43.1,26.8
1550,coffee mug,9.28,12.45,0.0221,40.1,26.7
1551,coffee mug,9.28,13.59,0.0415,45.1,26.7
1552,coffee mug,9.27,14.60,0.0397,48.7,26.8
1553,coffee mug,9.26,57.34,0.0440,37.5,26.8
1554,coffee mug,9.23,54.56,0.0396,33.9,26.8
1555,coffee mug,9.23,24.32,0.0453,49.1,26.8
1556,coffee mug,9.23,14.21,0.0468,48.1,26.8
1557,coffee mug,9.21,84.80,0.0447,37.6,26.8
1558,coffee mug,9.21,17.64,0.0424,48.6,26.8
1559,coffee mug,9.20,27.45,0.0467,48.7,26.8
1560,coffee mug,9.20,16.80,0.0429,48.4,26.8
1561,coffee mug,9.20,34.37,0.0432,54.2,26.8
1562,coffee mug,9.20,15.85,0.0434,49.3,26.8
1563,coffee mug,9.20,17.02,0.0394,50.3,26.8
1564,coffee mug,9.20,16.71,0.0447,49.7,26.8
1565,coffee mug,9.20,20.60,0.0465,50.5,26.9
1566,coffee mug,9.20,37.64,0.0493,48.5,26.8
1567,coffee mug,9.20,14.11,0.0445,51.4,27.3
1568,coffee mug,9.20,14.66,0.0468,48.5,27.2
1569,coffee mug,9.20,16.49,0.0466,52.1,27.2
1570,coffee mug,9.20,18.71,0.0479,51.1,27.3
1571,coffee mug,9.20,18.88,0.0425,50.9,27.2
1572,coffee mug,9.20,28.15,0.0418,49.8,27.2
1573,coffee mug,9.20,15.72,0.0464,50.5,27.2
1574,coffee mug,9.20,16.13,0.0466,46.9,26.7
1575,coffee mug,9.19,12.39,0.0422,40.1,26.7
1576,coffee mug,9.18,13.85,0.0424,45.7,26.7
1577,coffee mug,9.16,85.95,0.0431,39.0,26.8
1578,coffee mug,9.16,29.44,0.0405,50.2,26.8
1579,coffee mug,9.16,21.51,0.0428,49.1,26.8
1580,coffee mug,9.16,32.86,0.0437,52.1,27.3
1581,coffee mug,9.15,11.99,0.0473,40.8,26.8
1582,coffee mug,9.15,12.16,0.0457,45.7,26.8
1583,coffee mug,9.15,12.92,0.0441,48.0,26.8
1584,coffee mug,9.14,12.53,0.0434,47.0,26.8
1585,coffee mug,9.14,12.23,0.0476,48.0,26.8
1586,coffee mug,9.13,71.89,0.0447,38.9,26.8
1587,coffee mug,9.12,10.79,0.0416,49.8,26.8
1588,coffee mug,9.12,12.20,0.0456,47.8,26.8
1589,coffee mug,9.12,11.64,0.0431,47.6,26.8
1590,coffee mug,9.12,12.58,0.0449,48.1,26.8
1591,coffee mug,9.11,51.95,0.0443,40.7,26.8
1592,coffee mug,9.10,11.11,0.0351,47.3,26.8
1593,coffee mug,9.10,11.02,0.0404,47.2,26.8
1594,coffee mug,9.10,17.05,0.0285,48.8,26.8
1595,teapot,9.09,11.64,0.0286,45.2,26.9
1596,cup,9.09,27.70,0.0910,52.4,27.3
1597,quill,9.09,18.81,0.0616,47.9,26.9
1598,letter opener,9.09,18.10,0.0886,50.0,26.6
1599,ladle,9.09,11.80,0.0913,52.0,26.8
1600,quill,9.09,16.31,0.1144,51.3,27.2
1601,letter opener,9.09,14.64,0.1385,49.5,26.8
1602,letter opener,9.08,11.64,0.1711,41.0,26.8
1603,letter opener,9.08,20.86,0.2004,47.6,26.8
1604,letter opener,9.07,12.80,0.2346,41.8,26.8
1605,letter opener,9.03,90.22,0.2139,20.7,26.9
experiment_end,2025-05-28 09:34:00
average,,9.89,20.3,0.236,51.4,27.0
