experiment_start,2025-05-27 03:01:43
frame,label,fps,infer_time_ms,confidence,cpu_percent,ram_percent
1,knee pad,12.00,44.08,0.2582,3.9,28.3
2,knee pad,8.62,32.93,0.1270,51.5,28.9
3,saltshaker,10.71,21.56,0.1094,54.4,28.9
4,saltshaker,12.27,22.82,0.3572,47.8,28.9
5,strainer,12.39,24.09,0.2055,49.6,29.0
6,teapot,11.33,21.23,0.2369,49.5,29.0
7,teapot,10.58,23.76,0.2441,47.1,28.9
8,cup,9.68,21.25,0.3272,45.4,28.9
9,cup,9.24,22.41,0.2190,46.8,28.9
10,cup,8.54,21.62,0.2893,46.1,28.9
11,cup,8.29,22.84,0.2961,45.3,29.0
12,cup,8.42,17.37,0.2720,47.1,29.0
13,coffee mug,8.34,21.45,0.4194,51.9,28.8
14,coffee mug,8.44,19.65,0.4555,50.6,28.9
15,coffee mug,8.49,18.39,0.2448,44.6,28.9
16,cup,8.46,19.25,0.5781,47.8,28.9
17,cup,8.31,19.67,0.4852,45.9,29.0
18,cup,8.08,21.00,0.4974,47.3,29.0
19,cup,7.94,20.82,0.4483,46.6,29.0
20,cup,7.96,17.98,0.4234,47.7,29.0
21,cup,8.07,20.98,0.4377,50.7,29.0
22,cup,8.18,22.92,0.4381,49.3,28.8
23,cup,8.24,20.58,0.4235,47.8,28.8
24,cup,8.42,20.51,0.4479,50.0,28.8
25,cup,8.54,20.74,0.4652,48.3,28.9
26,cup,8.68,19.77,0.4476,52.1,29.0
27,cup,8.79,21.24,0.4423,47.3,29.0
28,cup,8.80,25.84,0.4347,50.3,29.1
29,cup,8.84,23.60,0.4453,54.5,29.2
30,cup,8.74,21.44,0.4667,55.2,31.0
31,cup,8.67,28.66,0.4723,53.1,32.3
32,cup,8.70,27.75,0.4347,54.8,29.1
33,cup,8.79,26.83,0.4297,51.2,29.0
34,cup,8.82,26.25,0.4470,49.0,29.0
35,cup,8.82,27.43,0.4474,49.7,29.0
36,cup,8.78,38.31,0.4448,49.5,29.0
37,cup,8.89,24.92,0.4454,48.5,29.0
38,cup,8.92,26.29,0.4721,49.0,29.1
39,cup,8.98,24.29,0.4617,48.8,29.1
40,cup,9.00,30.62,0.4384,47.6,28.9
41,cup,9.11,26.09,0.4595,56.8,28.9
42,cup,9.15,29.51,0.4443,48.3,28.9
43,cup,9.16,34.89,0.4603,48.4,29.0
44,cup,9.20,27.86,0.4369,49.3,29.1
45,cup,9.26,23.71,0.4435,49.6,29.1
46,cup,9.32,26.30,0.4584,51.7,29.1
47,cup,9.24,28.70,0.4595,50.2,29.1
48,cup,9.28,27.81,0.4479,47.4,29.2
49,cup,9.32,22.50,0.4583,51.1,29.1
50,cup,9.35,27.72,0.4527,51.0,29.1
51,cup,9.33,27.82,0.4394,48.9,29.2
52,cup,9.40,24.76,0.4338,49.0,29.2
53,cup,9.47,24.01,0.4155,49.0,29.2
54,cup,9.39,25.87,0.4204,49.8,29.2
55,cup,9.24,19.75,0.4372,47.3,29.2
56,cup,9.25,20.52,0.4200,49.7,29.2
57,cup,9.19,20.32,0.4295,48.5,29.1
58,cup,9.15,23.90,0.4580,46.2,28.9
59,cup,9.03,19.62,0.4328,45.4,29.0
60,cup,8.99,19.08,0.4384,46.4,29.0
61,cup,8.97,20.01,0.4206,48.8,29.0
62,cup,8.91,20.50,0.4258,47.0,29.1
63,cup,8.82,19.27,0.4535,45.2,29.1
64,cup,8.72,19.67,0.4286,46.0,29.1
65,cup,8.63,18.74,0.4208,46.4,29.1
66,cup,8.59,21.32,0.4490,45.9,29.1
67,cup,8.63,23.77,0.4522,53.0,28.9
68,cup,8.69,20.28,0.4474,52.1,29.0
69,cup,8.69,18.18,0.4336,50.5,29.0
70,cup,8.68,19.26,0.4484,44.9,29.0
71,cup,8.71,19.79,0.4174,50.7,29.1
72,cup,8.70,21.41,0.4279,46.9,29.1
73,cup,8.69,21.91,0.4310,48.8,29.1
74,cup,8.70,23.57,0.4544,47.2,29.1
75,cup,8.69,23.71,0.4535,48.3,29.1
76,cup,8.51,18.92,0.4315,33.4,29.1
77,cup,8.29,19.65,0.5540,29.5,29.1
78,cup,8.12,20.44,0.1819,32.0,29.1
79,cup,8.04,21.47,0.3563,47.7,29.1
80,teapot,8.00,19.89,0.2383,45.2,29.1
81,coffeepot,8.00,20.53,0.3029,48.4,29.1
82,coffeepot,8.02,20.81,0.2995,48.5,29.1
83,cup,8.04,19.84,0.3898,46.5,29.1
84,coffee mug,8.07,20.88,0.3519,49.6,29.1
85,cup,8.10,21.91,0.4212,47.9,29.1
86,cup,8.14,21.38,0.4098,48.6,29.1
87,cup,8.18,21.33,0.4321,47.9,29.1
88,cup,8.22,22.79,0.4731,49.1,28.9
89,cup,8.26,20.69,0.4644,53.0,29.0
90,cup,8.30,21.86,0.4607,50.0,29.0
91,cup,8.35,24.87,0.4235,56.3,29.0
92,cup,8.39,20.79,0.4122,51.7,29.1
93,cup,8.41,20.32,0.4208,51.3,29.1
94,cup,8.44,22.20,0.4063,51.3,28.9
95,cup,8.49,21.58,0.4121,52.5,29.0
96,cup,8.52,21.23,0.4225,49.6,29.0
97,cup,8.55,20.69,0.3607,49.6,29.0
98,cup,8.60,23.25,0.3695,51.3,29.1
99,cup,8.65,23.26,0.3639,49.4,29.1
100,cup,8.70,21.13,0.3772,49.3,29.1
101,cup,8.75,21.78,0.3877,57.1,29.1
102,cup,8.77,21.95,0.3655,50.3,29.1
103,cup,8.79,22.62,0.3649,45.8,29.1
104,cup,8.83,23.34,0.3977,53.8,29.1
105,cup,8.86,22.57,0.3710,57.4,29.1
106,cup,8.87,25.38,0.3508,49.1,28.9
107,cup,8.91,22.92,0.3833,49.5,28.9
108,cup,8.95,22.09,0.3945,48.8,28.9
109,cup,8.98,23.69,0.4289,52.6,29.0
110,cup,9.00,24.56,0.4982,48.4,29.1
111,cup,9.03,24.26,0.5109,52.3,29.1
112,cup,9.08,20.91,0.4875,53.2,29.1
113,cup,9.12,22.90,0.1961,51.3,29.1
114,pitcher,9.15,23.06,0.2421,49.5,29.1
115,coffee mug,9.18,21.08,0.2204,50.0,29.1
116,coffee mug,9.19,20.99,0.2939,49.0,29.1
117,coffeepot,9.19,21.88,0.3887,47.4,29.1
118,teapot,9.17,21.76,0.2719,47.3,29.1
119,saltshaker,9.19,21.98,0.4474,49.6,29.1
120,coffeepot,9.22,22.33,0.1831,50.9,29.1
121,ladle,9.21,24.10,0.0484,46.1,28.8
122,ladle,9.23,20.24,0.0822,50.4,28.9
123,envelope,9.25,19.90,0.1013,47.7,28.9
124,envelope,9.25,21.80,0.2440,47.5,28.9
125,envelope,9.25,22.56,0.3040,49.7,29.1
126,envelope,9.27,20.93,0.3073,47.9,29.1
127,envelope,9.25,22.47,0.2510,45.9,29.1
128,envelope,9.27,20.46,0.3030,48.4,29.1
129,envelope,9.28,22.82,0.2507,53.4,29.1
130,envelope,9.28,21.79,0.2532,48.0,29.1
131,envelope,9.29,21.23,0.2285,49.3,29.1
132,envelope,9.31,22.06,0.2428,52.6,29.1
133,envelope,9.30,19.24,0.1963,50.0,29.1
134,envelope,9.32,24.17,0.2253,51.2,29.1
135,envelope,9.34,25.97,0.2243,50.0,29.1
136,envelope,9.33,24.31,0.2483,50.0,29.1
137,envelope,9.32,21.21,0.2334,49.2,29.1
138,envelope,9.34,21.28,0.2532,52.0,29.1
139,envelope,9.34,22.62,0.1957,45.9,29.1
140,envelope,9.36,23.62,0.2283,51.2,29.1
141,envelope,9.37,24.16,0.1766,48.4,29.1
142,envelope,9.35,22.41,0.1624,47.8,29.1
143,rubber eraser,9.35,22.23,0.0646,47.6,29.1
144,Band Aid,9.31,30.29,0.2009,46.0,29.1
145,Band Aid,9.33,26.01,0.1857,50.4,29.1
146,bathing cap,9.33,23.98,0.2035,48.1,29.1
147,dumbbell,9.32,26.44,0.1771,46.4,29.1
148,sunscreen,9.33,35.08,0.1241,51.2,29.1
149,dumbbell,9.33,24.05,0.1197,52.8,29.1
150,dumbbell,9.32,33.46,0.1460,48.3,29.1
151,mouse,9.30,27.89,0.3360,48.8,29.1
152,mouse,9.30,22.18,0.5304,47.1,29.1
153,mouse,9.30,20.97,0.8867,48.7,29.1
154,mouse,9.32,21.71,0.5617,47.3,29.1
155,mouse,9.33,23.00,0.4359,48.9,29.1
156,mouse,9.34,23.25,0.5735,45.0,29.1
157,mouse,9.33,23.26,0.7786,47.3,29.1
158,mouse,9.32,21.82,0.8181,49.2,29.1
159,mouse,9.35,23.28,0.5162,48.5,29.1
160,mouse,9.35,21.70,0.6582,46.3,29.1
161,mouse,9.37,22.27,0.6968,47.8,29.1
162,mouse,9.39,24.91,0.5870,54.7,29.1
163,mouse,9.42,26.95,0.6386,49.0,29.1
164,mouse,9.43,27.41,0.6537,48.8,29.1
165,mouse,9.45,21.06,0.5970,47.8,29.1
166,mouse,9.47,24.65,0.6998,51.2,29.1
167,mouse,9.49,25.83,0.6798,49.5,29.1
168,mouse,9.51,21.24,0.6646,46.6,29.1
169,mouse,9.52,20.50,0.6313,50.8,29.1
170,mouse,9.53,25.28,0.6688,49.0,29.1
171,mouse,9.55,25.40,0.5457,51.4,29.1
172,mouse,9.57,27.08,0.5961,51.2,29.1
173,mouse,9.58,23.44,0.6579,53.7,29.1
174,mouse,9.58,24.45,0.5589,47.7,29.1
175,mouse,9.55,20.94,0.6024,45.6,29.1
176,mouse,9.53,32.53,0.6140,47.2,29.1
177,mouse,9.50,25.28,0.6313,46.7,29.1
178,mouse,9.50,23.47,0.5552,46.1,29.1
179,mouse,9.50,26.60,0.5579,50.0,29.1
180,mouse,9.51,26.08,0.6430,48.8,29.1
181,mouse,9.23,21.44,0.6608,49.5,29.1
182,mouse,9.24,23.08,0.5657,51.2,29.1
183,mouse,9.25,22.78,0.5700,50.4,29.1
184,mouse,9.26,26.39,0.6891,48.5,29.1
185,mouse,9.26,29.63,0.5753,49.7,29.1
186,mouse,9.26,29.32,0.6047,48.9,29.1
187,mouse,9.26,23.75,0.6670,47.2,29.1
188,mouse,9.26,26.93,0.5894,48.6,29.1
189,mouse,9.27,24.97,0.6353,48.6,29.1
190,mouse,9.28,26.13,0.6482,48.0,29.1
191,mouse,9.27,24.41,0.6196,49.0,29.1
192,mouse,9.27,25.18,0.6309,55.2,29.1
193,mouse,9.29,23.50,0.6402,53.8,29.1
194,mouse,9.30,26.11,0.6430,51.4,29.1
195,mouse,9.31,23.30,0.5780,51.7,29.1
196,mouse,9.32,20.72,0.6161,47.6,29.1
197,mouse,9.33,22.91,0.6041,51.2,29.1
198,mouse,9.35,24.55,0.5814,46.0,29.1
199,mouse,9.37,22.72,0.5893,54.3,29.1
200,mouse,9.38,21.76,0.6320,45.0,29.1
201,mouse,9.38,24.03,0.6347,48.6,29.1
202,mouse,9.39,27.41,0.6652,50.0,28.9
203,mouse,9.39,22.67,0.6391,49.1,29.0
204,mouse,9.41,21.81,0.6516,51.9,29.0
205,mouse,9.41,22.00,0.6213,45.9,29.0
206,mouse,9.41,25.53,0.6001,48.0,29.1
207,mouse,9.42,22.84,0.6038,47.0,29.1
208,mouse,9.43,22.82,0.6292,47.7,29.1
209,mouse,9.42,22.25,0.5868,49.8,29.1
210,mouse,9.42,23.02,0.5791,47.4,29.1
211,mouse,9.41,24.83,0.6021,45.6,29.1
212,mouse,9.41,24.61,0.6120,53.5,29.1
213,mouse,9.42,25.90,0.5713,50.0,29.1
214,mouse,9.43,25.04,0.5794,53.6,29.1
215,mouse,9.44,23.89,0.6302,56.2,29.1
216,mouse,9.46,23.79,0.6102,47.5,29.1
217,mouse,9.46,22.43,0.5184,52.7,29.1
218,mouse,9.48,24.49,0.5308,56.3,29.1
219,mouse,9.50,23.77,0.5687,57.3,29.1
220,mouse,9.52,23.44,0.5679,51.7,29.1
221,mouse,9.54,22.81,0.5901,52.6,29.1
222,mouse,9.55,23.78,0.8699,49.5,29.1
223,remote control,9.56,41.54,0.1936,49.0,29.1
224,coffee mug,9.58,22.77,0.4053,53.1,29.1
225,remote control,9.59,23.62,0.8228,50.0,29.1
226,lighter,9.61,29.91,0.1179,51.1,28.9
227,cassette,9.63,23.82,0.1854,55.6,29.0
228,iPod,9.63,24.81,0.2450,46.4,29.0
229,tape player,9.62,23.99,0.1382,50.5,29.0
230,remote control,9.62,26.40,0.6644,50.5,29.2
231,cellular telephone,9.62,25.97,0.1096,50.0,29.2
232,wallet,9.64,24.07,0.1079,50.0,29.2
233,remote control,9.66,25.00,0.5618,50.6,29.2
234,remote control,9.67,25.79,0.5070,50.0,29.2
235,remote control,9.67,23.12,0.4620,46.9,29.2
236,remote control,9.67,22.01,0.4412,48.6,29.2
237,remote control,9.69,24.02,0.5251,50.4,29.2
238,remote control,9.69,24.64,0.7006,48.7,29.2
239,remote control,9.70,24.22,0.6610,48.9,29.2
240,remote control,9.71,23.63,0.5342,50.4,29.2
241,remote control,9.72,25.73,0.6923,59.5,29.2
242,remote control,9.73,23.43,0.6778,47.9,29.2
243,remote control,9.75,26.84,0.6112,53.2,29.2
244,remote control,9.76,24.60,0.5576,48.2,29.2
245,remote control,9.77,23.45,0.5671,50.8,29.2
246,remote control,9.78,21.87,0.6380,48.5,29.2
247,remote control,9.79,23.14,0.8003,52.3,29.2
248,remote control,9.80,25.11,0.7674,50.8,29.2
249,remote control,9.81,23.96,0.7888,52.0,29.2
250,remote control,9.81,23.54,0.7746,47.0,29.2
251,remote control,9.83,22.84,0.7941,52.3,29.2
252,remote control,9.83,21.20,0.6968,48.7,29.2
253,remote control,9.83,22.13,0.5394,48.8,29.2
254,remote control,9.85,21.61,0.4934,47.9,29.2
255,remote control,9.85,23.52,0.5102,48.4,29.2
256,remote control,9.82,23.61,0.5004,45.3,29.2
257,remote control,9.81,25.14,0.4910,49.3,29.2
258,remote control,9.80,23.97,0.5542,46.6,29.2
259,remote control,9.80,25.46,0.5294,48.1,29.2
260,remote control,9.81,22.09,0.5658,52.4,29.2
261,remote control,9.79,24.35,0.4975,46.2,29.2
262,remote control,9.80,22.21,0.5095,50.0,29.2
263,remote control,9.81,23.86,0.5099,47.5,29.2
264,remote control,9.80,25.42,0.4604,52.4,29.2
265,remote control,9.81,23.82,0.4332,49.7,29.2
266,remote control,9.82,23.61,0.1726,50.0,29.2
267,remote control,9.83,24.49,0.2198,51.1,29.2
268,reflex camera,9.84,23.16,0.1302,47.7,29.2
269,oscilloscope,9.85,25.43,0.5594,51.2,29.2
270,oscilloscope,9.85,24.46,0.3442,47.9,29.2
271,oscilloscope,9.85,25.09,0.5061,48.0,29.2
272,oscilloscope,9.85,24.73,0.5895,48.4,29.2
273,remote control,9.84,24.90,0.5132,48.6,29.2
274,remote control,9.83,29.75,0.5598,48.6,29.2
275,oscilloscope,9.82,27.77,0.3455,47.8,29.2
276,remote control,9.82,23.65,0.4976,46.6,29.2
277,remote control,9.83,21.66,0.4040,51.9,29.2
278,remote control,9.83,24.22,0.5217,48.2,29.2
279,remote control,9.84,25.03,0.5009,51.7,29.2
280,remote control,9.85,26.29,0.3892,47.3,29.2
281,remote control,9.85,25.62,0.3031,51.0,29.2
282,remote control,9.82,22.42,0.4719,46.6,29.2
283,remote control,9.81,24.25,0.5522,50.5,29.2
284,remote control,9.79,24.78,0.5996,49.8,29.2
285,remote control,9.78,29.03,0.5435,47.4,29.2
286,remote control,9.77,22.94,0.5110,45.9,29.1
287,remote control,9.75,25.97,0.4224,47.0,29.1
288,remote control,9.75,23.09,0.4954,47.5,29.1
289,remote control,9.75,27.06,0.5143,46.2,28.9
290,remote control,9.75,24.14,0.6247,51.8,28.9
291,remote control,9.74,25.47,0.8638,45.1,28.9
292,remote control,9.74,26.14,0.8771,49.7,28.9
293,remote control,9.75,23.45,0.8610,52.8,29.1
294,remote control,9.75,22.98,0.8750,48.8,29.1
295,remote control,9.74,23.30,0.8565,45.6,29.1
296,remote control,9.74,23.81,0.8187,49.5,29.1
297,remote control,9.73,24.02,0.8073,46.3,29.1
298,remote control,9.72,26.45,0.8566,47.1,29.1
299,remote control,9.71,23.70,0.8504,46.4,29.1
300,remote control,9.72,23.59,0.6537,48.9,29.1
301,remote control,9.72,24.26,0.4450,53.4,29.1
302,remote control,9.72,25.84,0.2938,50.6,29.1
303,remote control,9.72,24.63,0.2892,50.3,29.1
304,remote control,9.73,27.28,0.4433,47.9,29.1
305,remote control,9.73,23.26,0.2101,47.6,29.1
306,vending machine,9.74,25.05,0.1107,49.6,29.1
307,oscilloscope,9.75,26.23,0.2701,48.2,29.1
308,remote control,9.75,24.72,0.4964,51.0,29.1
309,remote control,9.76,22.38,0.3177,50.0,29.1
310,remote control,9.76,35.96,0.5712,54.4,29.1
311,remote control,9.78,25.57,0.3616,48.8,29.1
312,oscilloscope,9.79,24.53,0.5708,54.9,29.1
313,oscilloscope,9.80,27.05,0.2310,51.6,29.1
314,switch,9.82,24.41,0.1603,51.3,29.1
315,switch,9.84,23.42,0.1805,50.6,29.1
316,remote control,9.85,25.20,0.4020,51.1,29.1
317,remote control,9.86,22.43,0.4652,51.3,29.1
318,remote control,9.87,23.75,0.3943,48.0,29.1
319,remote control,9.88,26.13,0.4717,52.4,29.1
320,remote control,9.89,22.75,0.3494,48.0,29.1
321,remote control,9.90,25.19,0.4318,51.4,29.1
322,remote control,9.92,24.05,0.4427,50.5,29.1
323,remote control,9.93,26.33,0.4622,48.5,29.1
324,safe,9.94,25.44,0.2133,52.5,29.1
325,remote control,9.96,24.20,0.0828,52.3,29.1
326,digital clock,9.97,24.03,0.0661,57.5,29.1
327,prison,9.99,21.97,0.2824,55.8,29.1
328,hourglass,9.99,24.57,0.1692,50.0,29.1
329,mouse,10.00,23.90,0.2331,50.0,29.1
330,mouse,10.01,25.16,0.8331,56.9,29.1
331,mouse,10.02,23.54,0.8370,54.8,29.1
332,mouse,10.04,22.96,0.7458,56.5,29.1
333,mouse,10.04,24.33,0.8505,52.5,29.1
334,mouse,10.05,24.92,0.8370,52.7,29.1
335,mouse,10.06,26.10,0.9702,48.0,29.1
336,mouse,10.06,24.08,0.9736,47.8,29.1
337,mouse,10.07,23.60,0.9693,50.0,28.9
338,mouse,10.08,26.36,0.9677,55.6,28.9
339,mouse,10.09,23.29,0.9739,47.5,29.0
340,mouse,10.09,23.23,0.9735,51.1,29.0
341,mouse,10.09,24.81,0.9764,49.1,29.1
342,mouse,10.09,22.56,0.9729,48.0,29.1
343,mouse,10.09,21.12,0.9654,47.9,29.1
344,mouse,10.10,22.68,0.9699,48.4,29.1
345,mouse,10.10,22.14,0.9737,52.1,29.1
346,mouse,10.11,25.04,0.9748,49.6,29.1
347,mouse,10.11,23.10,0.9722,46.9,29.1
348,mouse,10.10,26.36,0.9757,47.1,29.1
349,mouse,10.10,25.17,0.9813,52.0,29.1
350,mouse,10.10,25.07,0.9727,46.9,29.1
351,mouse,10.10,24.96,0.9766,49.6,29.1
352,mouse,10.11,26.23,0.9779,49.6,29.1
353,mouse,10.11,24.84,0.9802,49.6,29.1
354,mouse,10.12,27.18,0.9803,50.5,29.1
355,mouse,10.13,28.80,0.9807,51.5,29.1
356,mouse,10.12,25.73,0.9769,53.5,29.1
357,mouse,10.13,29.11,0.9813,49.6,29.1
358,mouse,10.14,23.91,0.9738,51.5,29.1
359,mouse,10.15,25.40,0.9700,50.4,29.1
360,mouse,10.15,27.06,0.9731,49.3,29.2
361,mouse,10.16,26.20,0.9727,47.4,29.2
362,mouse,10.17,24.34,0.9712,48.5,29.2
363,mouse,10.18,26.52,0.9797,51.1,29.2
364,mouse,10.18,19.96,0.9727,50.9,29.2
365,mouse,10.19,25.31,0.9556,50.9,29.2
366,mouse,10.20,23.47,0.9392,48.5,29.2
367,mouse,10.21,27.05,0.9505,49.5,29.2
368,mouse,10.21,21.81,0.9463,47.6,29.2
369,mouse,10.22,33.93,0.8371,53.8,29.2
370,mouse,10.23,27.36,0.7662,49.4,29.2
371,pencil sharpener,10.25,26.50,0.3791,50.6,29.2
372,space heater,10.26,27.36,0.1179,49.5,29.2
373,perfume,10.26,26.84,0.1881,52.9,29.2
374,perfume,10.27,27.79,0.4376,47.4,29.2
375,perfume,10.28,23.85,0.4604,51.0,29.2
376,perfume,10.28,22.73,0.3353,48.1,29.2
377,perfume,10.28,21.64,0.2493,49.4,29.2
378,perfume,10.28,30.65,0.1638,49.7,29.2
379,perfume,10.29,20.57,0.1741,47.0,29.2
380,perfume,10.28,22.74,0.1763,47.1,29.2
381,perfume,10.28,27.61,0.1832,48.4,29.2
382,perfume,10.29,24.31,0.1969,54.1,29.2
383,perfume,10.29,28.07,0.2051,50.3,29.2
384,perfume,10.29,25.60,0.2019,48.1,29.2
385,perfume,10.30,28.94,0.2030,52.0,28.9
386,broom,10.30,23.63,0.1854,48.5,29.0
387,perfume,10.31,27.50,0.2080,50.4,29.0
388,perfume,10.31,28.33,0.1917,47.6,29.0
389,perfume,10.31,29.31,0.1453,50.8,29.1
390,perfume,10.31,25.96,0.1628,48.2,29.1
391,perfume,10.32,20.39,0.1656,50.5,29.1
392,perfume,10.32,24.08,0.1915,48.7,29.1
393,perfume,10.33,20.76,0.1843,48.8,29.1
394,perfume,10.34,25.08,0.1824,46.6,29.1
395,perfume,10.34,27.62,0.3671,52.8,29.1
396,perfume,10.35,22.48,0.3589,49.1,29.1
397,perfume,10.35,26.89,0.2912,47.6,29.1
398,broom,10.36,27.90,0.2151,51.4,29.1
399,broom,10.36,31.39,0.4340,49.1,29.1
400,vacuum,10.37,29.99,0.2338,48.1,29.1
401,grille,10.38,24.17,0.1807,50.0,29.1
402,grille,10.35,94.80,0.1915,49.8,29.1
403,grille,10.36,27.66,0.1942,52.0,29.1
404,grille,10.34,28.60,0.1571,47.3,29.1
405,grille,10.34,28.59,0.1849,50.7,29.1
406,grille,10.34,25.55,0.1623,52.8,29.1
407,grille,10.34,29.12,0.1598,48.6,29.1
408,grille,10.33,26.83,0.1922,47.3,29.1
409,grille,10.34,22.10,0.2043,49.5,29.1
410,grille,10.34,29.51,0.1919,51.4,29.1
411,grille,10.34,26.21,0.1930,48.4,29.1
412,grille,10.34,21.18,0.1870,48.1,29.1
413,grille,10.34,20.80,0.1879,47.8,29.1
414,grille,10.34,20.62,0.1801,45.2,29.1
415,grille,10.35,30.39,0.1655,48.4,29.1
416,grille,10.35,26.41,0.1738,51.8,29.1
417,grille,10.36,24.06,0.1592,46.9,29.1
418,grille,10.36,23.89,0.1580,48.6,29.1
419,grille,10.36,23.82,0.1621,50.8,29.1
420,vacuum,10.37,25.19,0.1651,51.7,29.1
421,grille,10.38,29.16,0.1667,50.0,29.1
422,vacuum,10.38,28.70,0.2181,48.0,29.1
423,modem,10.39,23.22,0.1018,50.4,29.1
424,grille,10.40,27.56,0.1648,49.0,29.1
425,grille,10.41,27.83,0.1622,49.4,29.1
426,grille,10.42,22.38,0.1956,56.1,29.1
427,grille,10.43,25.13,0.1736,51.1,29.1
428,grille,10.43,28.96,0.2153,47.8,29.1
429,grille,10.41,22.10,0.1964,45.9,29.1
430,grille,10.39,30.53,0.1490,49.3,29.1
431,grille,10.37,29.15,0.1793,44.9,29.1
432,grille,10.35,27.22,0.1673,47.2,29.1
433,grille,10.33,31.62,0.1354,44.8,29.1
434,grille,10.34,23.79,0.1132,49.3,29.1
435,grille,10.34,27.28,0.1167,47.3,29.1
436,grille,10.34,26.39,0.1226,49.0,29.1
437,grille,10.34,39.04,0.1178,47.2,29.1
438,radiator,10.34,31.86,0.1091,52.8,29.1
439,screw,10.35,30.71,0.5456,46.0,29.1
440,mouse,10.36,28.09,0.9075,52.7,29.1
441,mouse,10.36,32.49,0.8944,49.2,29.1
442,mouse,10.37,26.76,0.7251,50.9,29.1
443,mouse,10.38,27.45,0.6857,46.5,29.1
444,mouse,10.39,25.03,0.8938,49.1,29.1
445,mouse,10.39,30.62,0.9406,52.3,29.1
446,mouse,10.40,26.59,0.9567,50.0,29.1
447,mouse,10.39,24.98,0.9724,45.8,29.1
448,mouse,10.38,26.24,0.9674,48.8,29.1
449,mouse,10.38,23.51,0.9670,46.4,29.1
450,mouse,10.39,24.04,0.9680,59.1,29.1
451,mouse,10.38,22.67,0.9604,49.0,29.1
452,mouse,10.37,21.17,0.9743,46.1,29.1
453,mouse,10.36,29.64,0.9747,48.1,29.1
454,mouse,10.35,26.96,0.9767,46.5,29.1
455,mouse,10.25,46.29,0.9734,33.3,29.1
456,mouse,10.23,25.32,0.9793,45.3,29.1
457,mouse,10.21,28.29,0.9746,46.0,28.9
458,mouse,10.09,97.72,0.9739,28.8,29.0
459,mouse,10.10,24.34,0.9748,49.6,29.0
460,mouse,10.10,21.39,0.9763,47.9,29.0
461,mouse,10.10,27.58,0.9749,46.1,29.1
462,mouse,10.10,20.30,0.9694,47.9,29.1
463,mouse,10.11,24.87,0.9711,53.2,29.1
464,mouse,10.11,23.37,0.9666,49.0,29.1
465,mouse,10.12,25.60,0.9676,47.3,29.1
466,mouse,10.13,24.97,0.9553,52.3,29.1
467,mouse,10.13,24.93,0.9667,50.0,29.1
468,mouse,10.14,25.99,0.9731,50.4,29.1
469,mouse,10.14,29.59,0.9697,47.0,28.9
470,mouse,10.15,25.97,0.9687,53.3,29.0
471,mouse,10.16,26.56,0.9668,46.1,29.0
472,mouse,10.16,26.15,0.9736,49.6,29.0
473,mouse,10.17,28.43,0.9768,48.8,29.1
474,mouse,10.17,28.44,0.9775,53.3,29.1
475,mouse,10.18,24.94,0.9687,46.6,29.1
476,mouse,10.18,21.42,0.9678,50.4,29.1
477,mouse,10.19,24.11,0.9644,50.5,29.1
478,mouse,10.19,22.57,0.9695,47.6,29.1
479,mouse,10.20,20.91,0.9778,46.9,29.1
480,mouse,10.20,27.35,0.9743,49.0,29.1
481,mouse,10.21,25.97,0.9720,47.6,29.1
482,mouse,10.21,26.66,0.9365,50.0,29.1
483,mouse,10.22,26.95,0.9473,52.7,29.1
484,piggy bank,10.23,25.91,0.1827,47.4,29.1
485,pencil sharpener,10.23,23.30,0.1282,51.2,29.1
486,switch,10.23,22.92,0.2523,52.1,29.1
487,red wine,10.22,28.00,0.4029,47.4,29.1
488,perfume,10.23,26.46,0.5538,52.4,29.1
489,perfume,10.23,23.04,0.9099,48.8,29.1
490,perfume,10.23,21.99,0.6278,46.3,29.1
491,perfume,10.23,24.75,0.7114,55.1,29.1
492,perfume,10.23,32.30,0.6650,47.4,29.1
493,perfume,10.22,24.28,0.8233,45.5,29.1
494,perfume,10.20,29.62,0.5968,46.7,29.1
495,perfume,10.21,25.29,0.5986,50.0,29.1
496,perfume,10.19,29.27,0.8626,46.9,29.1
497,perfume,10.19,30.62,0.7284,45.2,29.1
498,perfume,10.19,20.10,0.8615,50.3,29.1
499,perfume,10.19,46.28,0.8766,48.3,28.9
500,perfume,10.18,31.59,0.7734,49.7,28.9
501,perfume,10.18,25.07,0.9179,51.9,29.0
502,perfume,10.18,21.20,0.7588,46.3,29.0
503,perfume,10.18,23.06,0.8586,47.6,29.1
504,perfume,10.17,26.97,0.7148,48.9,29.1
505,perfume,10.17,25.52,0.7646,49.3,29.1
506,perfume,10.17,27.77,0.8372,48.3,29.1
507,perfume,10.17,37.58,0.6182,47.7,29.1
508,perfume,10.17,28.55,0.8270,51.9,28.9
509,perfume,10.15,23.59,0.6454,46.0,29.0
510,perfume,10.15,26.14,0.7862,48.4,29.0
511,perfume,10.14,27.87,0.7228,45.9,29.0
512,perfume,10.14,25.53,0.6947,50.3,29.1
513,perfume,10.15,24.40,0.6386,48.2,29.1
514,perfume,10.15,20.41,0.7563,49.3,29.1
515,perfume,10.15,25.64,0.6856,54.5,29.1
516,perfume,10.16,25.29,0.7354,48.8,29.1
517,perfume,10.17,27.97,0.7677,50.0,29.1
518,perfume,10.17,31.24,0.6370,48.1,29.1
519,perfume,10.17,27.16,0.6542,47.8,29.1
520,perfume,10.18,31.45,0.7169,50.5,29.0
521,perfume,10.17,20.97,0.6495,49.3,29.0
522,perfume,10.18,22.40,0.6655,45.7,29.0
523,perfume,10.18,29.47,0.6154,47.2,29.1
524,perfume,10.17,33.73,0.6797,49.7,29.1
525,perfume,10.16,29.49,0.6351,48.1,29.1
526,perfume,10.17,27.32,0.7477,50.4,29.1
527,perfume,10.17,23.61,0.7298,46.5,29.1
528,perfume,10.06,32.62,0.7084,50.0,29.1
529,perfume,10.06,20.56,0.6585,49.7,29.1
530,perfume,10.05,22.30,0.7261,49.2,29.1
531,perfume,10.06,21.62,0.7929,48.0,29.1
532,perfume,10.06,23.59,0.8154,45.8,29.1
533,perfume,10.06,26.47,0.7457,52.3,29.1
534,perfume,10.07,26.41,0.7453,50.8,29.1
535,perfume,10.07,26.25,0.5581,46.6,29.1
536,soap dispenser,10.08,27.76,0.6609,55.3,29.1
537,soap dispenser,10.08,22.07,0.5261,47.4,29.1
538,perfume,10.09,26.95,0.7428,51.6,29.1
539,perfume,10.09,19.68,0.7329,46.9,29.1
540,soap dispenser,10.10,29.36,0.7478,52.3,29.1
541,perfume,10.10,34.11,0.5214,47.8,29.1
542,perfume,10.10,26.03,0.8129,46.6,29.1
543,soap dispenser,10.10,31.88,0.5323,48.1,29.1
544,ladle,10.07,25.37,0.0384,40.0,29.1
545,ladle,10.07,32.99,0.0835,51.4,29.1
546,envelope,10.06,29.85,0.1634,48.1,29.1
547,envelope,10.06,27.66,0.2004,50.8,29.1
548,envelope,10.03,31.35,0.2213,45.7,29.1
549,envelope,10.04,22.61,0.2223,47.2,29.1
550,envelope,10.03,33.10,0.2249,47.1,29.1
551,envelope,10.02,24.70,0.1790,46.8,29.1
552,envelope,9.94,73.02,0.2184,31.2,29.1
553,envelope,9.95,24.46,0.2161,50.9,29.1
554,brass,9.93,26.60,0.1886,46.4,29.1
555,envelope,9.85,104.69,0.2153,31.4,29.1
556,brass,9.85,24.62,0.1877,49.3,29.1
557,envelope,9.84,44.07,0.2068,46.3,29.2
558,tray,9.84,22.58,0.1876,46.6,29.2
559,brass,9.84,23.30,0.1885,48.5,29.2
560,envelope,9.84,24.53,0.1887,46.6,29.1
561,envelope,9.84,24.57,0.1802,49.3,29.1
562,envelope,9.84,27.10,0.1871,45.7,29.1
563,tray,9.84,26.58,0.2074,48.1,29.1
564,tray,9.84,27.07,0.3056,50.9,29.1
565,tray,9.84,31.26,0.2145,48.2,29.1
566,tray,9.84,28.92,0.2954,46.3,29.1
567,Band Aid,9.83,33.05,0.1356,49.0,29.1
568,lotion,9.84,36.61,0.3301,49.7,29.1
569,lotion,9.83,33.46,0.6564,48.1,29.1
570,lotion,9.83,33.45,0.6590,50.8,29.1
571,lotion,9.82,32.06,0.5878,46.6,29.1
572,lotion,9.80,74.69,0.6989,60.7,29.2
573,lotion,9.80,29.03,0.6068,53.4,29.2
574,lotion,9.80,30.84,0.5782,47.6,29.2
575,lotion,9.79,31.27,0.6099,47.1,29.2
576,lotion,9.79,26.95,0.6021,47.7,29.2
577,lotion,9.79,25.99,0.6434,48.3,29.2
578,lotion,9.77,24.86,0.5016,46.2,29.2
579,lotion,9.76,26.62,0.5071,46.3,29.2
580,lotion,9.77,26.31,0.4986,48.7,29.2
581,lotion,9.77,26.61,0.4951,47.3,29.2
582,lotion,9.77,25.35,0.5132,46.9,29.2
583,lotion,9.77,27.52,0.4843,48.7,29.2
584,lotion,9.77,29.20,0.4984,50.3,29.2
585,lotion,9.76,30.47,0.5138,47.6,29.2
586,lotion,9.77,25.60,0.4994,50.0,29.2
587,lotion,9.77,27.33,0.5113,48.2,29.2
588,lotion,9.77,30.83,0.4983,48.3,29.2
589,lotion,9.77,27.23,0.5084,49.3,29.2
590,lotion,9.77,34.73,0.5150,49.4,29.2
591,lotion,9.77,29.91,0.5194,49.4,29.2
592,lotion,9.77,26.63,0.5246,50.5,29.2
593,lotion,9.78,30.47,0.5378,49.2,29.2
594,lotion,9.77,33.24,0.5462,47.3,29.2
595,lotion,9.77,30.16,0.5144,51.1,29.2
596,lotion,9.77,27.82,0.5288,48.0,29.2
597,lotion,9.76,32.43,0.5139,47.1,29.2
598,lotion,9.76,27.26,0.5460,47.2,29.2
599,lotion,9.75,26.63,0.5311,46.0,29.2
600,lotion,9.74,41.40,0.5422,47.5,29.2
601,lotion,9.74,28.04,0.5382,46.2,29.2
602,lotion,9.74,29.83,0.5500,49.2,29.2
603,lotion,9.73,31.82,0.5503,49.5,29.2
604,lotion,9.73,32.77,0.5358,50.6,29.2
605,lotion,9.74,30.23,0.5374,49.1,29.2
606,lotion,9.73,48.91,0.5352,48.4,29.2
607,lotion,9.73,54.43,0.5168,50.0,28.9
608,lotion,9.72,20.76,0.5507,48.8,29.0
609,lotion,9.72,23.70,0.5321,47.3,29.0
610,lotion,9.72,22.71,0.6654,49.7,29.0
611,lotion,9.72,24.09,0.5373,45.6,29.1
612,lotion,9.71,28.30,0.5634,47.3,29.1
613,lotion,9.71,20.62,0.5299,45.1,29.1
614,lotion,9.71,21.89,0.5720,51.1,29.1
615,lotion,9.71,25.95,0.5618,47.9,29.1
616,lotion,9.71,30.63,0.6207,48.2,28.9
617,lotion,9.70,22.59,0.5789,46.2,29.0
618,lotion,9.70,21.44,0.6570,47.4,29.0
619,lotion,9.70,23.08,0.5410,46.9,29.0
620,sunscreen,9.70,27.26,0.4909,50.8,29.2
621,lotion,9.70,22.59,0.5791,48.2,29.2
622,lotion,9.70,27.84,0.5327,50.0,29.2
623,lotion,9.71,21.18,0.5757,46.9,29.2
624,lotion,9.71,21.81,0.5903,47.4,29.2
625,lotion,9.71,22.35,0.5462,46.0,29.2
626,lotion,9.71,27.92,0.6252,51.4,29.2
627,lotion,9.72,24.66,0.5695,59.1,29.2
628,lotion,9.72,23.20,0.5424,51.1,29.2
629,lotion,9.73,20.02,0.5348,50.4,29.2
630,lotion,9.73,23.15,0.5452,49.3,29.2
631,lotion,9.74,20.52,0.5443,50.4,29.2
632,lotion,9.73,23.90,0.5140,48.5,29.2
633,lotion,9.73,26.54,0.5531,45.5,29.2
634,lotion,9.72,20.70,0.5414,48.2,29.2
635,lotion,9.70,30.16,0.5421,42.6,29.2
636,lotion,9.69,23.83,0.5667,45.6,29.2
637,lotion,9.69,23.56,0.5655,46.3,29.2
638,lotion,9.69,23.36,0.5477,50.0,29.2
639,lotion,9.68,25.88,0.5222,49.3,29.2
640,lotion,9.68,22.44,0.5141,45.1,29.2
641,lotion,9.68,23.20,0.5003,50.3,29.2
642,lotion,9.68,23.52,0.4982,48.6,29.2
643,lotion,9.68,21.84,0.4783,50.4,29.2
644,lotion,9.68,23.93,0.5055,48.2,29.1
645,sunscreen,9.68,24.49,0.4783,47.9,29.1
646,lotion,9.68,20.57,0.4833,49.3,29.1
647,lotion,9.69,27.36,0.5114,48.6,29.1
648,lotion,9.69,25.42,0.4845,47.6,29.1
649,lotion,9.68,24.09,0.4867,48.1,29.1
650,lotion,9.69,22.07,0.5121,48.1,29.1
651,lotion,9.69,22.43,0.4994,48.6,29.2
652,lotion,9.70,22.39,0.4942,48.0,29.2
653,lotion,9.70,22.53,0.5031,51.8,29.2
654,lotion,9.70,23.63,0.5131,47.3,29.2
655,lotion,9.71,24.19,0.5075,50.5,29.2
656,lotion,9.71,21.68,0.4914,53.1,29.2
657,lotion,9.72,22.13,0.4813,48.2,29.1
658,lotion,9.72,27.50,0.4974,55.7,29.1
659,lotion,9.72,22.17,0.4872,47.6,29.1
660,lotion,9.73,22.59,0.5122,51.9,29.2
661,lotion,9.74,22.66,0.5107,51.5,29.1
662,lotion,9.74,24.33,0.4998,53.3,29.1
663,lotion,9.75,24.18,0.5030,52.1,29.1
664,lotion,9.75,22.81,0.5265,53.3,29.1
665,lotion,9.75,23.53,0.5170,49.4,29.1
666,lotion,9.75,25.27,0.5306,49.0,29.1
667,lotion,9.76,24.02,0.5056,50.0,29.1
668,sunscreen,9.76,24.78,0.4844,47.7,29.1
669,sunscreen,9.76,23.69,0.5006,51.6,29.1
670,lotion,9.75,21.88,0.5006,48.1,29.1
671,lotion,9.76,23.11,0.4814,51.1,29.1
672,lotion,9.76,23.34,0.5272,47.9,29.1
673,lotion,9.76,24.64,0.5329,50.8,29.1
674,lotion,9.76,24.06,0.5850,52.1,29.1
675,lotion,9.77,21.96,0.4783,51.1,29.1
676,lighter,9.77,23.24,0.1348,50.0,29.1
677,beaker,9.77,24.41,0.1962,47.4,29.1
678,water bottle,9.77,24.75,0.2108,51.8,29.1
679,lighter,9.78,27.99,0.1959,55.4,29.1
680,sunscreen,9.78,28.59,0.5072,52.9,29.1
681,sunscreen,9.79,21.98,0.6635,50.9,29.1
682,sunscreen,9.79,26.22,0.6774,48.0,29.1
683,sunscreen,9.78,23.65,0.2848,50.5,29.1
684,sunscreen,9.78,23.82,0.5376,49.1,29.1
685,sunscreen,9.78,20.98,0.5544,47.2,29.1
686,sunscreen,9.77,24.39,0.5690,46.5,29.1
687,sunscreen,9.76,24.29,0.6428,47.0,29.1
688,sunscreen,9.74,23.91,0.6119,46.0,29.1
689,sunscreen,9.74,23.56,0.2141,52.8,29.1
690,sunscreen,9.74,22.74,0.2160,46.9,29.1
691,sunscreen,9.75,24.25,0.2122,51.4,29.1
692,pencil sharpener,9.75,22.34,0.1739,46.1,29.1
693,sunscreen,9.74,23.01,0.1579,49.5,29.1
694,lighter,9.74,23.22,0.1986,48.1,29.1
695,ashcan,9.75,23.76,0.2124,48.1,29.1
696,ashcan,9.74,22.89,0.2680,46.1,29.1
697,ashcan,9.73,23.58,0.2945,47.8,29.1
698,ashcan,9.73,25.05,0.2987,49.5,29.2
699,ashcan,9.74,21.67,0.2897,46.6,29.2
700,ashcan,9.74,24.25,0.2817,49.1,29.2
701,ashcan,9.74,23.75,0.2930,51.8,29.2
702,ashcan,9.74,26.77,0.2591,48.0,29.2
703,ashcan,9.74,21.28,0.2826,55.0,29.2
704,ashcan,9.75,23.27,0.2879,50.4,29.2
705,ashcan,9.75,21.43,0.2915,52.4,29.2
706,ashcan,9.75,23.39,0.3168,50.0,29.2
707,ashcan,9.75,22.72,0.3082,48.5,29.2
708,ashcan,9.75,24.50,0.3028,48.0,29.2
709,ashcan,9.76,25.71,0.3360,54.8,29.2
710,ashcan,9.76,27.90,0.3256,54.2,29.2
711,ashcan,9.76,25.22,0.3992,50.9,29.2
712,ashcan,9.77,24.68,0.3822,51.0,29.2
713,ashcan,9.78,23.94,0.3656,52.5,29.2
714,ashcan,9.77,23.28,0.3629,48.5,29.2
715,ashcan,9.78,21.57,0.3529,48.0,29.2
716,ashcan,9.79,23.47,0.3271,50.6,29.2
717,ashcan,9.79,22.39,0.3170,51.8,29.2
718,ashcan,9.80,25.34,0.3103,51.8,29.2
719,ashcan,9.80,28.08,0.3182,54.8,29.2
720,ashcan,9.81,24.00,0.3352,50.6,29.2
721,ashcan,9.82,24.24,0.3281,49.4,29.2
722,ashcan,9.81,22.73,0.3220,48.9,29.2
723,ashcan,9.81,21.97,0.3623,47.7,29.2
724,lighter,9.81,23.43,0.3029,48.3,29.2
725,sunscreen,9.81,24.20,0.4526,47.6,29.2
726,sunscreen,9.81,20.19,0.6557,53.3,29.2
727,sunscreen,9.82,27.18,0.7002,50.4,29.2
728,sunscreen,9.82,23.20,0.6025,50.5,29.2
729,sunscreen,9.83,22.41,0.7919,46.4,29.2
730,sunscreen,9.83,21.24,0.7887,50.5,29.2
731,sunscreen,9.83,23.42,0.7862,48.6,29.2
732,sunscreen,9.84,23.06,0.7509,49.1,29.2
733,sunscreen,9.84,22.53,0.5730,48.5,29.2
734,sunscreen,9.84,22.76,0.5975,50.0,29.2
735,sunscreen,9.84,23.28,0.5329,44.8,29.2
736,sunscreen,9.85,26.40,0.3431,55.8,29.2
737,sunscreen,9.85,23.48,0.2167,50.8,29.2
738,sunscreen,9.86,24.54,0.2264,57.9,29.2
739,sunscreen,9.86,22.42,0.2139,55.3,29.2
740,sunscreen,9.86,26.24,0.2078,51.4,29.2
741,sunscreen,9.87,24.14,0.1882,53.3,29.2
742,sunscreen,9.87,22.26,0.2307,48.2,29.2
743,sunscreen,9.88,22.61,0.2232,50.9,29.2
744,sunscreen,9.88,24.23,0.2151,50.0,29.2
745,sunscreen,9.89,23.46,0.2191,49.1,29.2
746,sunscreen,9.89,25.39,0.2321,49.1,29.2
747,sunscreen,9.89,22.84,0.2138,48.0,29.2
748,sunscreen,9.89,24.38,0.2172,49.7,29.2
749,sunscreen,9.90,22.38,0.2167,49.5,29.2
750,sunscreen,9.90,25.87,0.2143,50.4,29.2
751,sunscreen,9.91,25.24,0.2421,52.6,29.2
752,sunscreen,9.91,24.11,0.2295,49.1,29.2
753,sunscreen,9.91,24.12,0.1935,49.2,29.2
754,sunscreen,9.91,28.27,0.1899,46.4,29.0
755,sunscreen,9.91,23.02,0.1907,51.2,29.1
756,sunscreen,9.91,22.16,0.2029,47.2,29.1
757,sunscreen,9.92,23.88,0.1860,51.2,29.1
758,sunscreen,9.92,25.35,0.1874,49.2,29.2
759,sunscreen,9.91,25.32,0.2108,48.1,29.2
760,sunscreen,9.92,26.20,0.2008,45.7,29.2
761,sunscreen,9.92,25.43,0.2205,52.7,29.2
762,sunscreen,9.92,25.50,0.2049,53.5,29.2
763,sunscreen,9.92,27.92,0.2185,52.3,29.2
764,sunscreen,9.92,23.11,0.2171,46.8,29.2
765,sunscreen,9.92,24.17,0.2055,48.0,29.2
766,sunscreen,9.92,26.42,0.2009,48.3,29.2
767,sunscreen,9.92,23.01,0.2340,49.6,29.2
768,sunscreen,9.92,23.64,0.2135,46.0,29.2
769,sunscreen,9.92,27.80,0.2098,47.1,29.2
770,sunscreen,9.92,23.15,0.2253,48.8,29.2
771,sunscreen,9.93,24.44,0.2269,48.7,29.2
772,sunscreen,9.93,22.77,0.2142,51.1,29.2
773,sunscreen,9.93,22.78,0.2279,46.3,29.2
774,sunscreen,9.94,22.90,0.2163,50.9,29.2
775,sunscreen,9.94,25.54,0.2025,47.0,29.2
776,sunscreen,9.94,25.31,0.2227,56.2,29.2
777,sunscreen,9.95,25.07,0.2135,46.6,29.2
778,sunscreen,9.95,26.23,0.2156,50.0,29.2
779,mailbox,9.96,23.51,0.2057,51.3,29.2
780,sunscreen,9.96,21.65,0.3444,48.8,29.2
781,sunscreen,9.96,24.32,0.3762,48.7,29.2
782,lighter,9.97,22.57,0.1302,52.4,29.2
783,sunscreen,9.97,24.74,0.2254,47.6,29.2
784,sunscreen,9.98,22.83,0.2421,47.8,29.2
785,pencil sharpener,9.98,22.44,0.3489,51.3,29.2
786,lighter,9.99,23.71,0.2294,50.8,29.2
787,thimble,9.99,24.25,0.0380,51.1,29.2
788,ladle,10.00,23.14,0.0524,47.0,29.2
789,ladle,10.00,25.88,0.0651,62.1,29.2
790,ladle,10.00,24.73,0.0405,46.3,29.2
791,envelope,10.00,24.12,0.0587,50.0,29.2
792,envelope,10.01,22.52,0.1342,46.1,29.2
793,envelope,10.00,22.41,0.1660,48.3,29.2
794,envelope,10.00,27.96,0.2081,49.1,29.2
795,envelope,9.99,27.08,0.2200,49.0,29.2
796,envelope,9.99,25.63,0.2037,46.7,29.2
797,envelope,9.98,22.29,0.2362,45.4,29.2
798,envelope,9.97,24.06,0.2132,46.1,29.2
799,envelope,9.96,24.08,0.2136,47.2,29.2
800,brass,9.95,25.82,0.1739,46.9,29.2
801,envelope,9.95,24.14,0.1829,48.8,29.2
802,brass,9.95,25.35,0.1658,49.2,29.2
803,envelope,9.95,27.71,0.1831,47.1,29.2
804,envelope,9.92,20.06,0.1854,36.9,29.2
805,envelope,9.89,20.46,0.2021,24.7,29.2
806,brass,9.88,24.49,0.2229,47.5,29.2
807,envelope,9.87,22.47,0.1917,46.9,29.2
808,envelope,9.87,26.94,0.1985,47.2,28.9
809,envelope,9.87,24.71,0.1982,46.7,29.0
810,envelope,9.87,24.10,0.2260,50.7,28.9
811,envelope,9.87,26.23,0.1992,49.7,29.0
812,envelope,9.87,24.10,0.1813,48.0,29.1
813,envelope,9.88,25.78,0.1780,50.0,29.1
814,envelope,9.88,23.78,0.2273,48.6,29.1
815,envelope,9.87,26.85,0.1988,47.5,29.1
816,envelope,9.87,21.89,0.1836,46.3,29.1
817,brass,9.88,24.33,0.1970,51.7,29.1
818,envelope,9.87,23.23,0.2139,46.2,29.1
819,envelope,9.87,25.45,0.1444,52.6,29.1
820,tray,9.88,24.03,0.1310,49.6,29.1
821,tray,9.87,25.07,0.1326,50.0,29.1
822,thimble,9.88,23.18,0.0606,50.3,29.1
823,rubber eraser,9.88,22.99,0.2456,46.6,29.1
824,screwdriver,9.87,21.51,0.1141,49.2,29.1
825,rubber eraser,9.87,26.43,0.1775,48.1,29.1
826,rubber eraser,9.87,23.36,0.0735,46.9,29.1
827,quill,9.87,23.76,0.3086,48.3,29.1
828,flute,9.86,26.04,0.1755,46.6,29.1
829,quill,9.87,26.54,0.1863,54.5,29.1
830,shovel,9.87,27.19,0.1343,48.1,29.1
831,ski,9.87,27.45,0.1475,50.0,29.1
832,scabbard,9.87,25.93,0.2877,46.9,29.1
833,scabbard,9.87,23.35,0.5331,47.7,29.1
834,scabbard,9.88,27.17,0.4283,56.6,29.1
835,scabbard,9.88,27.39,0.2395,49.6,29.1
836,scabbard,9.88,24.75,0.2785,47.4,29.1
837,scabbard,9.82,26.17,0.1999,49.7,29.1
838,plane,9.82,23.21,0.2781,53.0,29.1
839,scabbard,9.82,23.52,0.3139,47.5,29.1
840,scabbard,9.82,23.82,0.2030,50.9,29.1
841,plane,9.83,28.67,0.2070,54.4,29.0
842,plane,9.83,24.82,0.1390,53.8,29.0
843,plane,9.83,22.92,0.1428,51.6,29.0
844,plane,9.83,24.68,0.2635,50.4,29.0
845,scabbard,9.84,23.55,0.1408,50.0,29.1
846,can opener,9.84,23.05,0.2002,52.4,29.1
847,plane,9.84,24.87,0.1724,49.7,28.9
848,plane,9.85,23.93,0.2356,53.9,29.0
849,can opener,9.85,20.56,0.1401,50.6,29.0
850,can opener,9.86,22.87,0.1313,50.4,29.0
851,scabbard,9.86,22.37,0.1882,53.1,29.1
852,scabbard,9.86,24.79,0.1677,51.4,29.1
853,plane,9.87,24.28,0.1963,45.5,29.1
854,paintbrush,9.87,24.19,0.0427,50.5,29.1
855,screwdriver,9.87,23.36,0.0406,47.7,29.1
856,thimble,9.87,27.47,0.1237,51.3,29.1
857,saltshaker,9.87,23.30,0.0575,44.8,29.1
858,ladle,9.87,22.89,0.0586,49.7,29.1
859,ladle,9.87,23.02,0.0773,48.6,29.1
860,envelope,9.87,23.79,0.0687,49.4,29.1
861,envelope,9.87,26.73,0.1682,47.8,29.1
862,envelope,9.87,23.50,0.1772,46.5,29.1
863,envelope,9.87,24.91,0.2224,49.4,29.1
864,envelope,9.87,21.46,0.1712,47.0,29.1
865,envelope,9.88,25.29,0.2011,50.8,29.1
866,envelope,9.88,23.49,0.1931,52.8,29.1
867,envelope,9.87,23.76,0.2047,46.7,29.1
868,envelope,9.87,22.38,0.2344,49.0,29.1
869,envelope,9.87,25.03,0.2039,45.9,29.1
870,brass,9.87,25.65,0.2130,50.3,29.1
871,brass,9.88,23.26,0.2022,49.6,29.1
872,envelope,9.88,24.10,0.1969,49.6,29.1
873,envelope,9.88,26.77,0.2065,47.4,29.1
874,brass,9.87,27.69,0.2152,46.4,29.1
875,brass,9.87,25.00,0.1895,46.9,29.1
876,brass,9.87,26.03,0.2731,47.8,29.1
877,brass,9.87,25.09,0.2215,48.7,29.1
878,brass,9.87,25.04,0.2200,46.0,29.1
879,brass,9.87,24.78,0.2042,49.4,29.1
880,brass,9.86,25.66,0.2223,46.4,29.1
881,brass,9.86,25.90,0.2585,46.6,29.1
882,brass,9.86,24.58,0.2331,47.3,29.1
883,brass,9.86,25.07,0.2071,48.4,29.1
884,brass,9.86,27.59,0.2375,52.8,29.1
885,brass,9.86,26.71,0.2416,51.7,29.1
886,brass,9.86,24.82,0.3097,51.4,29.1
887,brass,9.86,23.88,0.2122,46.1,29.1
888,brass,9.86,22.37,0.2711,51.0,29.1
889,brass,9.86,24.75,0.2023,49.6,29.1
890,brass,9.86,23.94,0.2452,45.1,29.1
891,brass,9.86,24.46,0.2171,50.0,29.1
892,tray,9.86,23.60,0.1998,49.3,29.1
893,brass,9.87,26.43,0.2010,48.3,29.1
894,brass,9.87,21.50,0.1909,49.6,29.1
895,envelope,9.87,22.58,0.1925,48.0,29.2
896,brass,9.87,24.64,0.1934,48.7,29.2
897,brass,9.87,24.87,0.2337,48.6,29.1
898,brass,9.87,24.14,0.2064,48.3,29.1
899,brass,9.87,23.38,0.1946,48.6,29.1
900,brass,9.87,22.91,0.2259,50.2,29.1
901,brass,9.87,24.45,0.1942,44.7,29.2
902,brass,9.86,25.51,0.2264,49.2,29.2
903,brass,9.87,22.62,0.2043,48.9,29.2
904,brass,9.86,24.62,0.2456,50.0,29.2
905,brass,9.87,23.68,0.1961,51.7,29.2
906,brass,9.87,21.35,0.2249,53.2,29.2
907,brass,9.87,24.82,0.2344,45.0,29.2
908,tray,9.86,27.36,0.1983,49.2,29.2
909,brass,9.86,24.42,0.2298,47.9,29.2
910,brass,9.86,23.77,0.2208,48.6,29.2
911,brass,9.85,24.82,0.2412,46.2,29.2
912,envelope,9.84,25.19,0.2065,48.1,29.2
913,brass,9.83,27.89,0.2069,46.7,29.2
914,brass,9.80,23.44,0.1908,28.3,29.2
915,brass,9.80,23.34,0.2390,46.8,29.2
916,tray,9.79,25.43,0.1999,46.8,29.2
917,brass,9.79,23.15,0.1875,47.4,29.2
918,tray,9.79,24.79,0.2042,50.3,29.2
919,envelope,9.79,24.77,0.1915,53.6,29.2
920,brass,9.79,23.64,0.1834,49.3,29.2
921,tray,9.78,21.33,0.2082,45.6,29.2
922,envelope,9.78,25.28,0.2092,48.3,29.2
923,envelope,9.79,23.55,0.2033,50.0,29.2
924,envelope,9.78,26.01,0.1141,48.5,29.2
925,tray,9.78,23.51,0.1350,48.5,29.2
926,tray,9.78,25.77,0.1687,48.6,29.2
927,screwdriver,9.79,22.97,0.4631,49.1,29.2
928,screwdriver,9.79,24.26,0.2772,56.2,29.2
929,goldfish,9.79,20.78,0.2886,50.5,29.2
930,pinwheel,9.80,23.84,0.1777,48.0,29.2
931,whistle,9.80,25.42,0.1341,56.3,29.2
932,rubber eraser,9.81,23.67,0.0874,53.2,29.2
933,goldfish,9.81,23.92,0.9375,48.8,29.2
934,goldfish,9.82,23.67,0.8141,51.9,29.2
935,goldfish,9.82,23.99,0.9220,51.2,29.2
936,goldfish,9.82,22.55,0.9406,53.0,29.2
937,goldfish,9.83,23.12,0.9296,48.2,29.2
938,goldfish,9.83,23.71,0.9508,54.3,29.2
939,goldfish,9.83,23.68,0.9260,48.5,29.2
940,goldfish,9.83,24.58,0.9325,49.0,29.2
941,goldfish,9.84,24.51,0.9346,49.4,29.2
942,goldfish,9.84,25.90,0.9254,48.8,29.2
943,goldfish,9.84,28.06,0.9356,51.8,29.2
944,goldfish,9.84,29.17,0.9187,50.0,29.2
945,goldfish,9.85,25.98,0.9208,53.6,29.2
946,goldfish,9.85,26.15,0.9148,47.3,29.2
947,goldfish,9.85,26.03,0.9311,49.7,29.2
948,goldfish,9.85,26.78,0.9134,48.0,29.2
949,goldfish,9.85,27.38,0.9137,46.1,29.2
950,goldfish,9.85,26.50,0.9079,46.7,29.2
951,goldfish,9.85,24.28,0.9108,51.2,29.2
952,goldfish,9.85,22.28,0.9396,46.9,29.2
953,goldfish,9.85,22.20,0.9288,49.0,29.2
954,goldfish,9.85,22.86,0.9183,51.5,29.2
955,goldfish,9.86,22.86,0.9162,50.8,29.2
956,goldfish,9.86,23.44,0.9106,46.9,29.2
957,goldfish,9.86,24.84,0.9223,47.7,29.2
958,goldfish,9.86,22.86,0.9603,47.4,29.2
959,goldfish,9.87,22.81,0.9479,53.2,29.2
960,goldfish,9.87,22.74,0.9231,51.0,29.2
961,goldfish,9.87,23.83,0.9267,50.0,29.2
962,goldfish,9.88,23.62,0.9734,54.8,29.2
963,goldfish,9.88,24.96,0.9457,50.5,29.2
964,goldfish,9.88,28.70,0.9700,52.2,29.0
965,goldfish,9.89,24.02,0.9623,49.7,29.0
966,goldfish,9.89,23.40,0.8752,50.6,29.0
967,goldfish,9.89,23.47,0.4791,52.0,29.0
968,goldfish,9.90,25.50,0.8395,50.5,29.1
969,goldfish,9.90,23.92,0.5731,55.3,29.1
970,screen,9.90,25.20,0.3815,52.6,29.1
971,goldfish,9.91,23.63,0.9787,52.3,29.2
972,goldfish,9.91,23.20,0.9483,52.5,29.1
973,goldfish,9.91,24.06,0.9887,49.7,29.1
974,goldfish,9.91,24.84,0.9869,48.9,29.1
975,goldfish,9.91,24.82,0.9855,50.0,29.1
976,goldfish,9.91,22.72,0.9923,46.6,29.1
977,goldfish,9.91,21.90,0.9923,50.3,29.1
978,goldfish,9.91,24.65,0.9948,47.0,29.1
979,goldfish,9.91,23.31,0.9957,50.3,29.1
980,goldfish,9.91,24.43,0.9942,48.4,29.1
981,goldfish,9.91,24.49,0.9958,48.1,29.1
982,goldfish,9.91,21.79,0.9942,48.1,29.2
983,goldfish,9.91,21.35,0.9954,46.6,29.2
984,goldfish,9.90,27.55,0.9836,50.8,29.1
985,goldfish,9.90,23.45,0.9866,48.6,29.1
986,goldfish,9.90,25.91,0.9196,46.6,29.1
987,goldfish,9.90,24.93,0.2391,48.5,29.1
988,goldfish,9.90,26.45,0.5622,47.6,29.1
989,goldfish,9.90,24.72,0.6222,48.8,29.1
990,goldfish,9.90,27.12,0.9934,54.1,29.2
991,goldfish,9.90,26.56,0.9775,55.8,29.1
992,iron,9.90,26.69,0.1996,49.2,29.1
993,toaster,9.91,23.99,0.1545,47.3,29.1
994,toaster,9.91,24.96,0.1712,54.6,29.1
995,toaster,9.91,23.57,0.2613,49.6,29.1
996,iron,9.91,23.92,0.1836,46.6,29.1
997,goldfish,9.91,23.95,0.9675,54.5,29.1
998,goldfish,9.91,24.01,0.9816,51.7,29.1
999,goldfish,9.91,24.64,0.9740,47.6,29.1
1000,goldfish,9.91,24.51,0.9873,47.9,29.1
1001,goldfish,9.91,25.11,0.9803,48.9,29.1
1002,goldfish,9.91,25.14,0.9871,48.1,29.1
1003,iron,9.91,25.87,0.2080,45.7,29.1
1004,screen,9.90,23.78,0.2335,48.9,29.1
1005,screen,9.91,27.57,0.2770,48.6,29.1
1006,iron,9.90,23.67,0.1372,46.9,29.1
1007,screen,9.90,23.96,0.1519,47.9,29.1
1008,joystick,9.90,23.99,0.2374,50.4,29.1
1009,Polaroid camera,9.90,23.91,0.1400,46.9,29.1
1010,Polaroid camera,9.90,24.12,0.1552,51.0,29.1
1011,iron,9.90,26.02,0.2686,52.2,29.1
1012,iron,9.89,22.82,0.1443,46.6,29.1
1013,toaster,9.89,22.80,0.1159,47.8,29.1
1014,iron,9.88,23.96,0.1961,47.3,29.1
1015,iron,9.87,22.95,0.1171,45.5,29.1
1016,toaster,9.87,23.32,0.1701,48.7,29.1
1017,scale,9.87,26.18,0.0715,46.4,29.1
1018,toaster,9.87,25.32,0.1433,47.0,29.1
1019,screen,9.87,23.08,0.1199,47.3,29.1
1020,screen,9.87,25.09,0.1665,47.5,29.1
1021,iron,9.87,25.22,0.1305,50.4,29.1
1022,toaster,9.87,22.73,0.1969,51.3,29.1
1023,toaster,9.87,26.29,0.2507,46.9,29.1
1024,toaster,9.88,26.57,0.2390,51.1,29.1
1025,toaster,9.88,25.54,0.2622,50.0,29.1
1026,toaster,9.88,24.02,0.2442,51.0,29.1
1027,toaster,9.88,22.73,0.2631,53.4,29.1
1028,toaster,9.88,24.81,0.2699,48.7,29.1
1029,screen,9.89,24.46,0.1454,55.3,29.1
1030,screen,9.89,24.77,0.1453,51.1,29.1
1031,joystick,9.89,26.37,0.2408,48.1,29.1
1032,screen,9.89,24.74,0.2596,49.6,29.1
1033,iPod,9.89,24.62,0.1813,52.3,29.1
1034,iPod,9.89,25.70,0.3133,49.7,29.1
1035,digital clock,9.90,24.63,0.2773,49.0,29.1
1036,digital watch,9.90,22.60,0.1526,49.0,29.1
1037,goldfish,9.90,24.53,0.9284,49.1,29.1
1038,goldfish,9.90,23.56,0.9307,49.0,29.1
1039,goldfish,9.90,22.67,0.9511,44.8,29.1
1040,goldfish,9.88,21.72,0.9523,29.8,29.1
1041,goldfish,9.87,22.43,0.9553,45.2,29.1
1042,goldfish,9.88,22.29,0.9685,50.7,29.1
1043,goldfish,9.88,24.12,0.9679,48.8,29.1
1044,goldfish,9.88,24.86,0.9891,48.7,29.1
1045,pill bottle,9.88,22.47,0.2111,47.7,29.1
1046,ballpoint,9.88,26.04,0.1818,47.9,29.1
1047,perfume,9.88,23.24,0.0478,49.2,29.1
1048,perfume,9.88,24.50,0.0485,47.2,29.1
1049,tray,9.88,25.22,0.1163,55.5,29.1
1050,tray,9.88,22.74,0.2377,53.0,29.1
1051,tray,9.88,27.08,0.3089,49.5,28.9
1052,tray,9.88,23.67,0.3352,50.9,29.0
1053,tray,9.88,22.03,0.2884,49.4,29.0
1054,tray,9.88,23.35,0.3314,46.8,29.1
1055,tray,9.88,23.74,0.3005,46.3,29.1
1056,envelope,9.88,24.77,0.3017,50.3,29.1
1057,envelope,9.88,26.57,0.2712,46.4,29.1
1058,tray,9.88,25.66,0.3684,52.7,29.1
1059,tray,9.89,25.63,0.3794,53.5,29.1
1060,envelope,9.88,24.12,0.2171,47.5,29.1
1061,envelope,9.88,25.21,0.2301,48.3,29.1
1062,tray,9.89,24.07,0.2920,49.4,29.1
1063,tray,9.88,26.61,0.2922,49.0,29.1
1064,envelope,9.88,23.46,0.2505,49.1,29.1
1065,envelope,9.88,23.84,0.2531,46.9,29.1
1066,envelope,9.86,19.45,0.1915,26.0,29.1
1067,tray,9.86,21.12,0.2292,49.2,29.1
1068,tray,9.85,22.62,0.2223,46.5,29.1
1069,envelope,9.85,24.90,0.2040,46.6,29.1
1070,tray,9.84,24.55,0.2431,47.5,29.1
1071,tray,9.84,24.41,0.2301,47.2,29.1
1072,tray,9.84,23.12,0.2330,46.5,29.1
1073,tray,9.83,27.15,0.2446,44.6,29.1
1074,tray,9.83,23.13,0.2171,47.6,29.1
1075,tray,9.83,24.42,0.2932,47.5,29.1
1076,tray,9.83,23.02,0.2512,48.4,29.1
1077,tray,9.83,23.84,0.2511,49.7,29.1
1078,tray,9.83,24.17,0.2363,46.6,29.1
1079,envelope,9.82,25.41,0.2438,46.6,29.1
1080,tray,9.82,26.81,0.2252,46.2,29.1
1081,tray,9.82,23.75,0.2619,48.6,29.1
1082,tray,9.82,24.02,0.2417,51.4,29.1
1083,tray,9.82,25.23,0.2405,53.7,29.1
1084,tray,9.82,24.08,0.2596,51.8,29.1
1085,tray,9.82,24.81,0.2542,47.3,29.1
1086,tray,9.82,23.96,0.2700,47.1,29.1
1087,tray,9.81,29.28,0.2604,48.6,29.1
1088,tray,9.81,27.27,0.2590,48.1,29.1
1089,tray,9.81,27.03,0.2248,46.6,29.1
1090,tray,9.81,25.27,0.1994,46.8,29.1
1091,tray,9.81,23.47,0.2251,47.2,29.1
1092,envelope,9.80,24.36,0.2163,49.0,29.1
1093,tray,9.80,22.96,0.2535,49.3,29.1
1094,tray,9.80,23.90,0.2619,47.0,29.1
1095,tray,9.81,22.91,0.2685,48.1,29.1
1096,envelope,9.80,24.27,0.2197,50.5,29.1
1097,tray,9.81,23.37,0.2233,48.0,29.1
1098,tray,9.80,24.42,0.2207,49.0,29.1
1099,tray,9.80,23.45,0.2194,46.9,29.1
1100,envelope,9.81,23.37,0.2126,49.2,29.1
1101,tray,9.81,24.03,0.2242,50.8,29.1
1102,tray,9.81,23.58,0.1966,52.8,29.1
1103,envelope,9.81,23.31,0.1792,48.7,29.1
1104,tray,9.81,20.55,0.2530,47.8,29.1
1105,tray,9.81,24.03,0.2812,48.5,29.1
1106,tray,9.81,23.82,0.2558,49.1,29.1
1107,tray,9.81,22.98,0.2669,45.6,29.1
1108,tray,9.81,24.11,0.2893,48.1,29.1
1109,tray,9.81,24.03,0.2440,53.4,29.1
1110,tray,9.81,23.49,0.2575,46.1,29.1
1111,tray,9.81,24.55,0.2558,51.0,29.1
1112,tray,9.81,24.44,0.2139,47.3,29.1
1113,tray,9.81,23.57,0.2285,52.0,29.1
1114,tray,9.81,25.60,0.2897,46.7,29.1
1115,envelope,9.81,24.62,0.1278,46.4,29.1
1116,saltshaker,9.81,22.49,0.0743,47.1,29.1
1117,bottlecap,9.81,25.03,0.0791,49.7,29.1
1118,cockroach,9.81,24.17,0.0674,51.2,29.1
1119,tray,9.81,22.71,0.0456,49.1,29.1
1120,doormat,9.81,24.21,0.0927,49.6,29.1
1121,beach wagon,9.81,27.39,0.0838,50.3,29.1
1122,doormat,9.81,27.49,0.1340,47.7,29.1
1123,doormat,9.81,26.71,0.0989,55.4,29.2
1124,plate rack,9.81,25.24,0.1072,46.9,29.2
1125,plate rack,9.81,27.96,0.1903,48.8,29.2
1126,plate rack,9.81,24.26,0.1106,47.3,29.2
1127,plate rack,9.81,23.52,0.1048,49.3,29.2
1128,plate rack,9.82,23.72,0.1855,51.3,29.2
1129,plate rack,9.81,24.26,0.1858,47.0,29.2
1130,plate rack,9.82,23.94,0.2153,55.9,29.2
1131,plate rack,9.82,25.17,0.1790,50.0,29.2
1132,plate rack,9.82,25.39,0.2091,49.0,29.2
1133,plate rack,9.82,27.80,0.1495,47.2,29.2
1134,plate rack,9.82,23.60,0.1519,50.7,29.2
1135,plate rack,9.82,23.66,0.1485,47.4,29.2
1136,plate rack,9.82,23.75,0.1669,53.8,29.2
1137,plate rack,9.82,22.71,0.1925,47.3,29.2
1138,plate rack,9.82,27.64,0.2176,49.0,28.9
1139,plate rack,9.82,25.83,0.2173,51.4,29.0
1140,plate rack,9.83,25.52,0.2351,49.3,29.0
1141,plate rack,9.83,25.67,0.2408,46.7,29.0
1142,plate rack,9.83,26.05,0.1911,49.1,29.2
1143,plate rack,9.83,22.86,0.1760,48.6,29.2
1144,plate rack,9.83,25.18,0.2299,54.8,29.2
1145,plate rack,9.83,22.09,0.1747,52.0,29.2
1146,chest,9.83,23.52,0.0629,48.5,29.2
1147,wardrobe,9.83,23.41,0.1075,52.5,29.2
1148,plate rack,9.83,23.66,0.0987,48.1,29.2
1149,plate rack,9.83,24.05,0.0703,50.5,29.2
1150,wardrobe,9.84,24.71,0.0624,53.4,29.2
1151,china cabinet,9.84,25.25,0.1020,52.3,29.2
1152,china cabinet,9.84,23.81,0.0860,50.0,29.2
1153,chest,9.85,25.18,0.0720,52.2,29.2
1154,chest,9.85,27.18,0.0599,50.0,29.2
1155,chest,9.85,23.68,0.0778,46.9,29.2
1156,chest,9.86,21.21,0.0901,53.2,29.2
1157,chest,9.86,26.76,0.1002,47.7,29.2
1158,chest,9.86,24.18,0.0951,48.3,29.2
1159,chest,9.82,24.30,0.1131,57.6,29.2
1160,chest,9.82,23.99,0.0969,53.5,29.2
1161,chest,9.82,26.45,0.1088,49.1,29.2
1162,chest,9.82,23.63,0.1017,49.5,29.2
1163,chest,9.83,25.15,0.1024,49.6,29.2
1164,chest,9.83,23.36,0.1158,51.4,29.2
1165,chest,9.83,24.39,0.0908,47.9,29.2
1166,chest,9.83,25.92,0.0952,50.0,29.2
1167,chest,9.83,26.34,0.0845,47.7,29.2
1168,chest,9.83,25.20,0.0963,47.1,29.2
1169,chest,9.83,27.06,0.1281,47.9,29.2
1170,chest,9.83,25.14,0.1107,51.2,29.2
1171,freight car,9.83,27.25,0.0650,50.6,29.2
1172,chest,9.83,25.62,0.1247,50.0,29.2
1173,chest,9.83,26.51,0.1065,46.6,29.2
1174,chest,9.83,25.38,0.1124,51.9,29.2
1175,chest,9.83,26.89,0.1020,54.2,29.2
1176,chest,9.84,23.07,0.1288,47.0,29.2
1177,chest,9.84,26.35,0.1583,52.4,29.2
1178,freight car,9.84,24.61,0.0590,47.5,29.2
1179,mosquito net,9.84,27.29,0.0611,51.9,29.2
1180,bathtub,9.84,24.82,0.1330,48.5,29.2
1181,bathtub,9.84,24.01,0.1400,52.1,29.2
1182,thimble,9.85,24.04,0.0474,51.8,29.2
1183,thimble,9.85,24.79,0.0544,53.2,29.2
1184,saltshaker,9.85,25.44,0.0468,46.7,29.2
1185,doormat,9.85,24.28,0.0302,48.4,29.2
1186,tray,9.85,26.61,0.0470,51.9,29.2
1187,tray,9.86,27.09,0.2163,52.7,29.1
1188,tray,9.86,22.64,0.2169,46.9,29.1
1189,envelope,9.86,25.69,0.2537,49.7,29.1
1190,tray,9.86,24.55,0.3259,49.1,29.1
1191,tray,9.85,25.95,0.2920,47.7,29.1
1192,tray,9.84,24.85,0.2860,46.8,29.2
1193,tray,9.84,22.20,0.2312,47.4,29.2
1194,tray,9.83,22.88,0.2835,40.1,29.2
1195,tray,9.83,24.94,0.2442,46.9,29.2
1196,tray,9.83,23.57,0.2874,49.4,29.2
1197,tray,9.83,24.18,0.3210,47.7,29.2
1198,tray,9.83,24.00,0.3369,49.7,29.2
1199,tray,9.83,26.65,0.2973,48.9,29.2
1200,tray,9.83,25.49,0.2625,47.3,29.2
1201,envelope,9.83,25.25,0.2681,46.2,29.2
1202,tray,9.83,24.39,0.2912,53.5,29.2
1203,tray,9.83,26.50,0.2905,46.6,29.2
1204,tray,9.83,31.71,0.2892,49.3,29.0
1205,envelope,9.83,26.06,0.2312,49.6,29.0
1206,envelope,9.83,27.72,0.2692,47.1,29.0
1207,envelope,9.83,26.96,0.2720,47.2,29.1
1208,envelope,9.83,26.25,0.2452,50.2,29.2
1209,tray,9.82,25.05,0.3264,47.1,29.2
1210,tray,9.82,23.85,0.2846,51.9,29.2
1211,tray,9.82,25.11,0.3126,47.0,29.2
1212,tray,9.82,25.18,0.2586,45.8,29.2
1213,tray,9.81,22.10,0.2750,47.9,29.2
1214,tray,9.81,25.43,0.2471,50.8,29.2
1215,tray,9.81,25.22,0.3574,47.9,29.2
1216,tray,9.81,27.57,0.3858,47.3,29.0
1217,tray,9.81,23.06,0.3715,48.8,29.0
1218,quill,9.81,24.96,0.2656,46.6,29.1
1219,langur,9.81,24.93,0.0654,47.6,29.1
1220,electric fan,9.81,22.96,0.1024,51.4,29.1
1221,thimble,9.81,24.16,0.2431,47.2,29.3
1222,buckle,9.80,22.16,0.2692,46.4,29.1
1223,thimble,9.80,23.28,0.2022,48.0,29.1
1224,electric fan,9.79,22.55,0.2365,49.0,29.1
1225,bolo tie,9.79,22.79,0.3011,46.1,29.1
1226,electric fan,9.79,22.15,0.5064,53.9,29.1
1227,bolo tie,9.79,25.25,0.2304,46.9,29.1
1228,bolo tie,9.78,23.38,0.2683,46.8,29.1
1229,electric fan,9.78,24.78,0.2066,48.2,29.1
1230,purse,9.78,23.45,0.2602,53.1,29.1
1231,buckle,9.79,23.45,0.1449,50.8,29.1
1232,buckle,9.79,24.32,0.2061,50.0,29.1
1233,purse,9.79,25.33,0.1789,48.2,29.1
1234,buckle,9.79,23.51,0.2938,50.3,29.1
1235,buckle,9.79,26.31,0.1771,48.5,29.1
1236,buckle,9.78,28.42,0.3080,48.7,29.1
1237,buckle,9.79,24.90,0.5734,50.4,29.1
1238,buckle,9.79,27.46,0.3569,47.6,29.1
1239,buckle,9.79,26.03,0.6359,51.7,29.1
1240,buckle,9.79,25.23,0.5080,51.0,29.1
1241,buckle,9.78,24.81,0.3534,47.3,29.1
1242,buckle,9.78,25.81,0.5560,48.0,29.1
1243,buckle,9.77,27.32,0.4490,46.8,29.1
1244,buckle,9.77,25.38,0.5705,50.5,29.1
1245,buckle,9.77,26.33,0.6616,46.2,29.0
1246,buckle,9.76,27.68,0.5350,48.2,29.0
1247,buckle,9.75,26.48,0.7096,43.6,29.1
1248,buckle,9.74,26.26,0.4938,46.9,29.1
1249,buckle,9.74,24.33,0.5030,45.7,29.1
1250,buckle,9.73,25.55,0.4546,46.7,29.1
1251,buckle,9.72,28.47,0.6682,40.4,29.1
1252,buckle,9.72,23.95,0.6278,46.6,29.1
1253,buckle,9.72,24.48,0.5213,47.5,29.1
1254,buckle,9.72,22.33,0.5546,46.1,29.1
1255,buckle,9.71,23.01,0.5300,47.5,29.1
1256,buckle,9.71,24.26,0.3312,49.7,29.1
1257,shield,9.69,21.15,0.1887,26.6,29.1
1258,strainer,9.68,25.90,0.5026,46.2,29.1
1259,envelope,9.68,26.38,0.1956,46.6,29.1
1260,envelope,9.68,24.94,0.2096,50.3,29.1
1261,envelope,9.68,25.16,0.2220,46.0,29.1
1262,tray,9.69,27.20,0.2198,49.3,29.1
1263,envelope,9.69,25.67,0.2052,48.1,29.1
1264,envelope,9.68,26.34,0.1898,46.2,29.1
1265,envelope,9.68,25.48,0.2252,48.3,29.1
1266,tray,9.68,23.76,0.2125,47.7,29.1
1267,envelope,9.68,21.75,0.2541,49.7,29.1
1268,envelope,9.68,25.18,0.2495,47.4,29.1
1269,envelope,9.68,23.18,0.2255,52.4,29.1
1270,envelope,9.68,22.39,0.2324,47.3,29.1
1271,envelope,9.68,26.84,0.2164,50.3,29.1
1272,envelope,9.68,22.62,0.2369,47.4,29.1
1273,envelope,9.68,24.94,0.2247,48.3,29.1
1274,tray,9.67,27.38,0.2354,49.8,29.1
1275,tray,9.68,25.45,0.2562,48.7,29.1
1276,tray,9.67,25.39,0.2388,47.8,29.1
1277,tray,9.67,23.33,0.2167,49.7,29.1
1278,tray,9.68,22.21,0.2442,49.7,29.1
1279,tray,9.68,24.50,0.2738,48.8,29.1
1280,tray,9.68,22.81,0.2633,49.0,29.1
1281,tray,9.68,24.87,0.2666,47.4,29.1
1282,tray,9.68,24.07,0.2556,48.6,29.1
1283,tray,9.68,24.56,0.2435,46.6,29.1
1284,tray,9.68,25.14,0.2334,50.7,29.1
1285,tray,9.68,23.49,0.3050,45.5,29.1
1286,tray,9.68,24.87,0.3286,51.5,29.1
1287,tray,9.68,24.15,0.2382,49.1,29.1
1288,envelope,9.68,24.98,0.2137,49.7,29.1
1289,envelope,9.69,24.11,0.2447,51.0,29.1
1290,tray,9.69,23.98,0.2928,50.4,29.1
1291,tray,9.69,22.82,0.2412,46.3,29.1
1292,tray,9.68,23.18,0.2545,45.3,29.1
1293,tray,9.68,27.46,0.2328,49.1,29.1
1294,tray,9.68,25.34,0.2728,50.7,29.1
1295,tray,9.68,26.25,0.2530,48.7,29.1
1296,envelope,9.68,23.35,0.3031,48.4,29.1
1297,tray,9.67,28.64,0.3199,48.7,29.1
1298,safety pin,9.68,24.66,0.1133,50.5,29.1
1299,saltshaker,9.68,24.35,0.3509,47.8,29.1
1300,strainer,9.68,23.54,0.4220,49.0,29.1
1301,ocarina,9.68,23.01,0.6588,53.3,29.1
1302,ocarina,9.68,24.49,0.4365,47.5,29.1
1303,strainer,9.68,23.49,0.2951,52.7,29.1
1304,strainer,9.68,22.89,0.2611,49.5,29.1
1305,strainer,9.68,25.30,0.2264,48.9,29.1
1306,ocarina,9.68,25.64,0.2920,51.7,29.1
1307,cup,9.69,23.99,0.4597,45.7,29.1
1308,cup,9.69,22.78,0.5381,50.4,29.1
1309,cup,9.69,24.90,0.4864,49.6,29.1
1310,cup,9.69,24.19,0.5273,48.6,29.1
1311,cup,9.69,24.02,0.5045,52.8,29.1
1312,cup,9.69,22.96,0.4231,47.9,29.1
1313,cup,9.70,26.86,0.5257,57.4,29.1
1314,cup,9.69,25.97,0.5352,49.5,29.1
1315,cup,9.69,23.89,0.5741,45.5,29.1
1316,cup,9.69,26.04,0.5744,49.4,29.1
1317,cup,9.69,23.76,0.5634,48.6,29.1
1318,cup,9.69,25.50,0.5673,46.5,29.1
1319,cup,9.69,24.73,0.5492,52.0,29.1
1320,cup,9.69,23.87,0.5541,48.4,29.1
1321,cup,9.69,23.91,0.5694,45.9,29.1
1322,cup,9.70,25.17,0.5698,51.0,29.1
1323,cup,9.70,21.91,0.5731,53.5,29.1
1324,cup,9.70,26.05,0.5819,53.1,29.1
1325,cup,9.70,25.00,0.5677,48.1,29.1
1326,cup,9.70,24.27,0.5554,47.3,29.1
1327,cup,9.70,22.80,0.5595,52.1,29.1
1328,cup,9.70,26.36,0.5613,49.2,29.1
1329,cup,9.70,24.96,0.5594,47.9,29.1
1330,cup,9.70,26.64,0.5607,47.3,29.1
1331,cup,9.70,24.93,0.5215,48.3,29.1
1332,cup,9.70,23.34,0.5346,49.4,29.1
1333,cup,9.69,26.24,0.5393,48.9,29.1
1334,cup,9.69,24.57,0.5110,48.7,29.1
1335,cup,9.69,27.22,0.5467,50.0,29.1
1336,cup,9.69,23.55,0.5741,45.7,29.1
1337,cup,9.69,25.13,0.5796,49.4,29.1
1338,cup,9.69,25.05,0.5609,46.5,29.1
1339,cup,9.69,23.06,0.5654,48.6,29.1
1340,cup,9.69,26.01,0.5797,50.3,29.1
1341,cup,9.69,22.28,0.5576,53.5,29.1
1342,cup,9.69,24.25,0.5575,48.6,29.1
1343,cup,9.70,22.61,0.5623,51.0,29.1
1344,cup,9.70,21.19,0.5598,52.0,29.1
1345,cup,9.70,22.24,0.5407,47.5,29.1
1346,cup,9.70,24.33,0.5453,50.4,29.1
1347,cup,9.70,22.20,0.5442,47.1,29.1
1348,cup,9.70,25.40,0.5367,48.4,29.1
1349,cup,9.70,24.44,0.5699,48.6,29.1
1350,cup,9.70,25.30,0.5534,45.9,29.1
1351,cup,9.70,23.11,0.5536,53.9,29.1
1352,cup,9.70,27.70,0.5785,50.7,29.1
1353,cup,9.70,25.53,0.5925,47.8,29.1
1354,cup,9.70,25.52,0.5542,50.8,29.1
1355,cup,9.71,25.38,0.5775,59.3,29.2
1356,cup,9.71,24.14,0.5595,51.8,29.2
1357,cup,9.71,25.94,0.5635,47.7,29.2
1358,cup,9.71,23.64,0.5539,51.9,29.2
1359,cup,9.71,22.48,0.5536,47.1,29.2
1360,cup,9.71,24.20,0.5447,47.6,29.2
1361,cup,9.71,26.09,0.5691,52.3,29.2
1362,cup,9.71,23.73,0.5576,47.8,29.2
1363,cup,9.71,23.53,0.5610,47.8,29.2
1364,cup,9.71,24.81,0.5607,47.3,29.2
1365,cup,9.71,33.95,0.5676,48.3,29.2
1366,cup,9.71,24.42,0.5586,50.0,29.2
1367,cup,9.71,26.15,0.5335,50.5,29.2
1368,cup,9.72,24.87,0.3839,47.4,29.2
1369,cup,9.72,26.38,0.4260,51.9,29.2
1370,cup,9.72,25.52,0.3673,48.6,29.2
1371,coffee mug,9.72,26.74,0.4386,46.2,29.2
1372,coffee mug,9.71,27.12,0.3083,46.7,29.2
1373,coffee mug,9.72,25.87,0.3633,48.2,29.2
1374,cup,9.71,25.00,0.1733,48.7,29.2
1375,cup,9.72,25.04,0.1815,47.7,29.2
1376,tray,9.72,25.82,0.0597,51.1,29.2
1377,tray,9.72,24.22,0.1045,56.4,29.2
1378,envelope,9.72,26.82,0.1576,48.3,29.2
1379,envelope,9.72,20.83,0.3918,45.7,29.2
1380,envelope,9.72,22.49,0.3221,50.3,29.2
1381,envelope,9.72,24.59,0.2986,49.4,29.2
1382,envelope,9.71,25.21,0.2651,48.1,29.2
1383,tray,9.70,20.32,0.2614,34.6,29.2
1384,tray,9.68,18.84,0.2448,21.1,29.2
1385,tray,9.67,26.56,0.3383,45.9,29.2
1386,tray,9.67,26.48,0.3566,47.7,29.2
1387,tray,9.67,23.20,0.3108,45.1,29.2
1388,tray,9.67,24.63,0.3441,49.7,29.2
1389,tray,9.67,25.36,0.3014,53.2,29.2
1390,tray,9.67,26.70,0.3006,49.7,29.2
1391,tray,9.67,23.26,0.3135,49.4,29.2
1392,tray,9.67,26.85,0.2805,47.9,29.2
1393,tray,9.67,24.19,0.3530,46.1,29.2
1394,thimble,9.66,24.97,0.0686,46.8,29.2
1395,prison,9.66,21.36,0.2589,46.5,29.2
1396,coffee mug,9.66,28.25,0.0814,46.0,29.2
1397,remote control,9.66,24.80,0.7922,48.9,29.2
1398,remote control,9.65,23.13,0.6585,45.1,29.2
1399,remote control,9.64,26.25,0.6806,42.0,29.2
1400,remote control,9.64,24.49,0.8892,47.4,29.2
1401,remote control,9.64,24.03,0.8365,47.8,29.2
1402,remote control,9.64,26.01,0.8038,46.4,29.2
1403,remote control,9.63,23.30,0.8195,45.5,29.2
1404,remote control,9.63,25.95,0.8357,49.8,29.2
1405,remote control,9.63,25.69,0.8729,46.2,29.2
1406,remote control,9.63,24.91,0.8540,47.9,29.2
1407,remote control,9.63,24.53,0.8855,48.7,29.2
1408,remote control,9.63,23.00,0.7801,45.4,29.2
1409,remote control,9.62,23.57,0.7743,47.2,29.2
1410,remote control,9.62,26.50,0.7779,45.3,29.2
1411,remote control,9.62,28.20,0.8015,48.4,29.2
1412,remote control,9.61,23.53,0.7861,46.5,29.2
1413,remote control,9.61,20.93,0.8128,47.1,29.2
1414,remote control,9.61,27.14,0.8356,51.4,29.2
1415,remote control,9.60,25.24,0.8043,47.4,29.2
1416,remote control,9.60,25.12,0.8664,46.1,29.2
1417,remote control,9.60,24.34,0.8950,47.8,29.2
1418,remote control,9.60,24.56,0.6011,50.0,29.2
1419,remote control,9.60,23.47,0.3834,58.3,29.2
1420,Band Aid,9.60,26.29,0.2654,52.0,29.2
1421,paintbrush,9.60,24.56,0.1177,50.8,29.2
1422,saltshaker,9.61,22.68,0.0747,52.6,29.2
1423,saltshaker,9.61,25.32,0.0432,50.6,29.2
1424,tray,9.61,25.86,0.1010,50.5,29.2
1425,tray,9.61,25.60,0.1530,48.8,29.2
1426,envelope,9.61,27.02,0.2737,45.8,29.2
1427,envelope,9.60,26.38,0.2578,45.5,29.2
1428,envelope,9.60,27.13,0.2365,49.2,29.2
1429,envelope,9.60,26.45,0.2125,47.8,29.2
1430,envelope,9.59,25.49,0.1861,49.1,29.2
1431,envelope,9.59,24.17,0.1986,47.3,29.2
1432,tray,9.59,24.05,0.2293,48.5,29.2
1433,tray,9.59,25.66,0.2554,46.5,29.2
1434,envelope,9.59,25.68,0.1885,49.1,29.2
1435,tray,9.59,24.05,0.2137,51.0,29.2
1436,tray,9.59,25.42,0.2347,55.2,29.2
1437,envelope,9.59,21.88,0.2086,47.8,29.2
1438,tray,9.59,24.79,0.2115,55.0,29.2
1439,tray,9.60,25.75,0.2633,54.3,29.2
1440,tray,9.60,23.38,0.2719,48.6,29.2
1441,tray,9.60,24.36,0.2174,48.9,29.2
1442,envelope,9.60,26.64,0.2006,47.6,29.2
1443,tray,9.56,25.29,0.2225,49.4,29.2
1444,envelope,9.56,24.14,0.1999,50.0,29.2
1445,tray,9.56,23.16,0.2554,47.0,29.2
1446,tray,9.55,25.58,0.2542,46.4,29.2
1447,envelope,9.56,21.84,0.2230,50.0,29.2
1448,envelope,9.55,25.36,0.2154,49.0,29.2
1449,tray,9.55,26.48,0.2164,46.7,29.2
1450,envelope,9.55,21.84,0.2264,46.7,29.2
1451,envelope,9.55,24.07,0.2128,45.7,29.2
1452,envelope,9.55,24.06,0.2110,53.2,29.2
1453,envelope,9.55,23.47,0.2338,46.2,29.2
1454,envelope,9.55,22.99,0.2028,50.8,29.2
1455,tray,9.55,29.57,0.1970,49.8,29.2
1456,tray,9.55,26.43,0.1918,49.1,29.2
1457,envelope,9.55,25.69,0.1994,48.2,29.2
1458,tray,9.55,27.21,0.2222,47.1,29.2
1459,tray,9.55,26.15,0.2231,50.0,29.2
1460,tray,9.55,25.98,0.2103,48.2,29.2
1461,envelope,9.54,27.23,0.2134,46.2,29.2
1462,tray,9.54,23.94,0.2216,47.8,29.2
1463,envelope,9.54,26.50,0.2238,46.4,29.2
1464,envelope,9.54,23.47,0.2101,47.8,29.2
1465,envelope,9.54,24.04,0.2242,45.9,29.2
1466,envelope,9.54,24.39,0.2295,47.1,29.2
1467,envelope,9.53,24.17,0.2274,45.7,29.2
1468,tray,9.53,27.82,0.2451,46.3,29.2
1469,envelope,9.53,24.09,0.2240,47.4,29.2
1470,tray,9.52,27.50,0.1921,46.4,29.2
1471,tray,9.53,22.79,0.2696,49.7,29.2
1472,tray,9.52,22.53,0.2236,48.1,29.2
1473,tray,9.52,25.91,0.2421,51.7,29.2
1474,tray,9.52,23.00,0.2464,47.2,29.2
1475,tray,9.52,26.62,0.2962,46.6,29.2
1476,tray,9.52,26.78,0.2578,46.0,29.2
1477,tray,9.51,26.60,0.2713,46.1,29.2
1478,tray,9.51,25.67,0.2681,49.7,29.2
1479,tray,9.52,24.14,0.2506,49.2,29.2
1480,tray,9.52,26.09,0.2502,46.6,29.2
1481,tray,9.52,25.81,0.2176,51.0,29.2
1482,tray,9.52,24.30,0.2416,45.4,29.2
1483,tray,9.52,23.64,0.2343,48.7,29.2
1484,tray,9.52,23.68,0.2567,47.8,29.2
1485,envelope,9.52,23.61,0.2098,50.0,29.2
1486,tray,9.52,23.16,0.2271,47.9,29.2
1487,tray,9.52,24.52,0.2488,47.4,29.2
1488,tray,9.52,23.53,0.2297,48.3,29.2
1489,tray,9.52,23.26,0.2046,47.8,29.2
1490,tray,9.52,27.72,0.2190,50.9,29.2
1491,tray,9.52,23.87,0.2485,50.6,29.2
1492,envelope,9.52,25.20,0.1882,48.1,29.2
1493,envelope,9.52,25.31,0.2240,51.7,29.2
1494,envelope,9.52,25.87,0.2491,48.2,29.2
1495,tray,9.52,24.34,0.2752,50.7,29.2
1496,tray,9.52,24.10,0.2702,47.3,29.2
1497,tray,9.52,23.19,0.2524,48.0,29.2
1498,envelope,9.52,26.05,0.2235,49.1,29.2
1499,envelope,9.52,24.19,0.2256,48.4,29.2
1500,envelope,9.52,23.19,0.2697,48.1,29.2
1501,envelope,9.52,24.85,0.2329,47.7,29.2
1502,envelope,9.52,25.72,0.2636,52.0,29.2
1503,envelope,9.52,25.81,0.2266,46.4,29.2
1504,tray,9.53,25.16,0.2110,50.0,29.2
1505,tray,9.53,25.50,0.2354,49.6,29.2
1506,tray,9.53,28.10,0.2223,48.7,29.2
1507,tray,9.53,27.81,0.2157,48.8,29.2
1508,tray,9.53,24.04,0.2848,48.7,29.2
1509,tray,9.53,23.81,0.2561,48.8,29.2
1510,envelope,9.53,24.44,0.2159,47.0,29.2
1511,tray,9.53,25.53,0.2265,47.9,29.2
1512,tray,9.53,26.11,0.2612,57.5,29.2
1513,tray,9.53,23.80,0.2453,49.2,29.2
1514,tray,9.54,23.26,0.2323,50.8,29.2
1515,envelope,9.54,24.12,0.2476,48.0,29.2
1516,tray,9.54,25.02,0.2575,49.2,29.2
1517,tray,9.54,25.10,0.2526,45.0,29.2
1518,tray,9.54,25.79,0.2521,51.4,29.2
1519,tray,9.53,25.63,0.2430,49.2,29.2
1520,envelope,9.53,23.37,0.2463,46.1,29.2
1521,envelope,9.52,22.31,0.2486,40.5,29.2
1522,envelope,9.52,24.54,0.2391,46.4,29.2
1523,tray,9.52,24.99,0.2532,50.9,29.2
1524,tray,9.52,23.95,0.2984,48.3,29.2
1525,tray,9.52,25.53,0.2311,45.2,29.2
1526,envelope,9.52,23.73,0.2252,51.2,29.2
1527,envelope,9.52,26.84,0.2754,49.1,29.2
1528,tray,9.52,24.92,0.2829,48.0,29.2
1529,tray,9.52,24.20,0.2362,52.4,29.2
1530,tray,9.52,26.32,0.2677,49.1,29.2
1531,tray,9.52,23.74,0.2714,51.3,29.2
1532,tray,9.53,24.58,0.2693,52.6,29.2
1533,tray,9.53,24.80,0.2547,46.9,29.2
1534,tray,9.53,24.37,0.2885,50.3,29.2
1535,tray,9.53,21.53,0.4288,51.2,29.2
1536,tray,9.53,22.41,0.3987,50.6,29.2
1537,bucket,9.53,22.48,0.2588,47.3,29.2
1538,broom,9.53,26.10,0.2634,50.8,29.2
1539,broom,9.53,23.11,0.1588,47.7,29.2
1540,rubber eraser,9.53,23.81,0.5416,52.4,29.2
1541,rubber eraser,9.54,23.20,0.5486,53.4,29.2
1542,rubber eraser,9.54,24.30,0.2260,51.1,29.2
1543,rubber eraser,9.54,25.10,0.3377,47.5,29.2
1544,rubber eraser,9.54,23.09,0.2733,52.3,29.2
1545,rubber eraser,9.54,23.51,0.3287,50.0,29.2
1546,rubber eraser,9.55,24.11,0.3640,52.8,29.2
1547,rubber eraser,9.55,22.22,0.3159,50.5,29.2
1548,rubber eraser,9.55,23.82,0.4631,53.1,29.2
1549,rubber eraser,9.55,24.39,0.4649,52.7,29.2
1550,rubber eraser,9.56,25.48,0.4333,49.5,29.2
1551,rubber eraser,9.56,24.93,0.4070,50.9,29.2
1552,street sign,9.56,25.00,0.3285,51.9,29.2
1553,street sign,9.56,22.51,0.3464,49.0,29.2
1554,street sign,9.56,26.66,0.3384,50.6,29.2
1555,street sign,9.57,22.88,0.3130,50.8,29.3
1556,rubber eraser,9.57,26.07,0.3812,47.8,29.2
1557,rubber eraser,9.57,26.33,0.2121,54.7,29.2
1558,rubber eraser,9.57,27.57,0.2151,58.8,29.2
1559,rubber eraser,9.57,22.97,0.1787,47.5,29.2
1560,street sign,9.58,25.22,0.1968,53.3,29.2
1561,street sign,9.58,26.06,0.2535,48.1,29.2
1562,street sign,9.58,22.06,0.2280,51.8,29.2
1563,street sign,9.58,23.38,0.1854,48.8,29.2
1564,rubber eraser,9.58,23.54,0.1469,49.5,29.2
1565,rubber eraser,9.59,27.08,0.1916,54.3,29.2
1566,rubber eraser,9.59,27.17,0.1553,48.8,29.2
1567,rubber eraser,9.59,24.65,0.1682,53.3,29.2
1568,street sign,9.59,26.63,0.1789,51.2,29.2
1569,street sign,9.60,25.40,0.1892,54.5,29.2
1570,street sign,9.60,24.98,0.1733,48.2,29.2
1571,street sign,9.60,26.87,0.1986,51.6,29.2
1572,street sign,9.60,24.60,0.1761,50.5,29.2
1573,street sign,9.61,24.64,0.2384,50.4,29.2
1574,street sign,9.61,23.49,0.2693,53.3,29.2
1575,street sign,9.61,25.42,0.2680,49.0,29.2
1576,street sign,9.61,24.09,0.2605,46.5,29.2
1577,street sign,9.61,25.72,0.2969,54.8,29.2
1578,street sign,9.62,25.63,0.3179,47.4,29.2
1579,street sign,9.62,26.94,0.3275,49.5,29.2
1580,street sign,9.62,23.06,0.2267,48.8,29.2
1581,syringe,9.62,25.86,0.2789,53.7,29.2
1582,rubber eraser,9.62,25.78,0.1537,49.5,29.2
1583,broom,9.63,24.97,0.1693,50.0,29.2
1584,shovel,9.63,28.54,0.3319,51.2,29.2
1585,quill,9.63,27.67,0.2431,51.5,29.2
1586,tray,9.63,24.05,0.2038,57.4,29.2
1587,tray,9.63,24.67,0.2266,47.6,29.2
1588,envelope,9.63,25.49,0.1491,53.1,29.2
1589,envelope,9.62,21.59,0.1840,35.4,29.2
1590,tray,9.61,21.19,0.2791,33.1,29.2
1591,tray,9.61,25.17,0.3303,46.4,29.2
1592,tray,9.61,28.10,0.3714,47.5,29.2
1593,tray,9.61,22.57,0.3771,48.7,29.2
1594,tray,9.61,30.29,0.2908,49.1,29.2
1595,tray,9.60,22.52,0.4227,45.9,29.2
1596,tray,9.60,24.20,0.3244,48.7,29.2
1597,tray,9.60,22.88,0.2745,47.2,29.2
1598,tray,9.60,24.07,0.2954,46.2,29.2
1599,tray,9.60,23.65,0.3056,54.0,29.2
1600,tray,9.60,24.82,0.3182,48.6,29.2
1601,tray,9.59,24.06,0.4010,50.7,29.2
1602,tray,9.60,24.62,0.3547,48.3,29.2
1603,tray,9.60,25.26,0.3812,48.1,29.2
1604,tray,9.59,23.45,0.3667,48.6,29.2
1605,tray,9.59,26.23,0.4168,47.6,29.2
1606,tray,9.59,24.70,0.4149,47.7,29.2
1607,tray,9.59,25.03,0.3491,46.6,29.2
1608,tray,9.59,26.36,0.2944,51.0,29.2
1609,tray,9.59,24.49,0.3270,47.8,29.2
1610,tray,9.59,24.44,0.3284,48.6,29.2
1611,tray,9.59,23.82,0.3346,49.1,29.2
1612,tray,9.59,24.28,0.2762,48.4,29.2
1613,tray,9.59,23.89,0.3252,45.6,29.2
1614,tray,9.59,24.66,0.3406,47.0,29.2
1615,tray,9.59,25.25,0.2874,47.7,29.2
1616,tray,9.59,23.66,0.3010,48.1,29.2
1617,tray,9.59,22.93,0.3200,46.9,29.2
1618,tray,9.59,25.33,0.3162,49.7,29.2
1619,tray,9.59,25.80,0.2791,49.4,29.2
1620,tray,9.59,22.96,0.3115,52.0,29.2
1621,tray,9.59,24.01,0.2940,51.1,29.2
1622,tray,9.59,24.33,0.2468,47.4,29.2
1623,tray,9.59,22.93,0.3106,48.1,29.2
1624,tray,9.59,24.38,0.4056,47.3,29.2
1625,tray,9.59,23.84,0.3550,49.5,29.2
1626,tray,9.59,25.38,0.4119,47.8,29.2
1627,tray,9.58,23.73,0.3341,47.5,29.2
1628,tray,9.58,25.74,0.3023,46.9,29.2
1629,tray,9.58,24.00,0.3293,48.7,29.2
1630,tray,9.58,23.44,0.2997,45.9,29.2
1631,tray,9.58,24.06,0.2963,47.5,29.2
1632,tray,9.58,25.84,0.2899,51.4,29.2
1633,tray,9.58,24.14,0.3340,47.0,29.2
1634,tray,9.58,26.71,0.3471,47.9,29.2
1635,tray,9.58,27.55,0.2855,47.2,29.2
1636,tray,9.59,22.80,0.2694,50.5,29.2
1637,tray,9.59,23.63,0.3048,48.3,29.2
1638,tray,9.58,24.89,0.3055,47.6,29.2
1639,tray,9.59,26.51,0.2982,53.1,29.2
1640,tray,9.59,27.29,0.2566,49.6,29.2
1641,tray,9.59,24.12,0.2898,48.9,29.2
1642,tray,9.59,25.97,0.2791,47.7,29.2
1643,tray,9.59,23.10,0.2743,53.2,29.2
1644,tray,9.59,25.17,0.2699,47.4,29.2
1645,tray,9.59,25.19,0.3391,51.0,29.2
1646,tray,9.59,25.89,0.2829,47.0,29.2
1647,tray,9.59,24.18,0.3045,49.5,29.2
1648,envelope,9.59,28.26,0.2616,48.1,29.2
1649,tray,9.57,86.70,0.2795,38.5,29.3
1650,Band Aid,9.56,20.28,0.2200,47.1,29.2
1651,drumstick,9.57,21.65,0.3739,48.3,29.2
1652,drumstick,9.57,21.15,0.3904,46.5,29.2
1653,drumstick,9.57,23.51,0.5200,51.4,29.2
1654,drumstick,9.57,23.59,0.5251,50.0,29.2
1655,drumstick,9.57,25.55,0.7719,51.2,29.2
1656,drumstick,9.58,22.65,0.7110,52.0,29.2
1657,drumstick,9.58,26.80,0.3456,52.0,29.3
1658,Band Aid,9.58,25.73,0.0552,54.9,29.2
1659,tub,9.58,26.55,0.0798,53.0,29.2
1660,thimble,9.58,24.71,0.0207,48.3,29.2
1661,thimble,9.58,29.12,0.0228,49.7,29.2
1662,thimble,9.59,23.09,0.0225,50.4,29.2
1663,saltshaker,9.59,29.45,0.0302,53.6,29.2
1664,tray,9.59,24.93,0.0333,50.8,29.2
1665,tray,9.59,22.07,0.0865,48.8,29.2
1666,envelope,9.59,25.47,0.1712,49.6,29.2
1667,envelope,9.59,27.46,0.3465,50.0,29.2
1668,envelope,9.60,29.85,0.3230,49.2,29.2
1669,envelope,9.60,20.98,0.3459,50.0,29.2
1670,envelope,9.60,23.95,0.2928,51.6,29.2
1671,envelope,9.60,25.66,0.2784,49.1,29.2
1672,envelope,9.60,23.57,0.2959,52.4,29.2
1673,envelope,9.60,21.87,0.2696,49.6,29.2
1674,envelope,9.60,35.33,0.2769,52.5,29.2
1675,envelope,9.61,30.40,0.2602,54.8,29.2
1676,tray,9.60,29.64,0.2272,50.8,29.2
1677,envelope,9.61,21.41,0.2624,48.1,29.2
1678,envelope,9.61,29.58,0.2823,50.0,29.2
1679,envelope,9.61,24.22,0.2606,48.7,29.2
1680,envelope,9.61,25.53,0.2376,49.2,29.2
1681,envelope,9.61,25.01,0.2905,48.1,29.2
1682,envelope,9.61,33.67,0.2759,53.8,29.2
1683,envelope,9.61,26.42,0.3059,50.0,29.3
1684,envelope,9.61,26.30,0.2945,51.8,29.3
1685,envelope,9.61,28.47,0.2612,49.7,29.3
1686,envelope,9.61,28.81,0.2533,48.8,29.3
1687,envelope,9.60,23.38,0.2531,46.4,29.3
1688,tray,9.60,20.75,0.2167,48.9,29.3
1689,tray,9.60,24.55,0.2961,48.0,29.3
1690,envelope,9.60,20.83,0.2281,46.3,29.3
1691,tray,9.60,22.71,0.2184,47.9,29.3
1692,envelope,9.61,24.22,0.2224,52.3,29.3
1693,tray,9.60,27.43,0.2172,48.3,29.3
1694,tray,9.60,22.29,0.2162,46.6,29.3
1695,envelope,9.60,21.59,0.2209,52.0,29.3
1696,tray,9.60,22.64,0.2099,48.0,29.3
1697,envelope,9.61,23.60,0.2397,53.1,29.3
1698,envelope,9.61,23.48,0.2304,48.1,29.3
1699,envelope,9.61,26.39,0.2237,50.9,29.3
1700,envelope,9.61,25.81,0.2534,46.4,29.3
1701,tray,9.61,24.01,0.2086,49.4,29.3
1702,envelope,9.60,25.71,0.2477,51.3,29.3
1703,tray,9.60,24.66,0.2022,47.0,29.3
1704,envelope,9.59,23.10,0.1975,47.5,29.3
1705,tray,9.59,25.41,0.2169,48.1,29.3
1706,tray,9.59,23.54,0.2170,47.3,29.3
1707,envelope,9.59,24.27,0.2158,45.1,29.3
1708,tray,9.58,27.02,0.2339,47.8,29.2
1709,tray,9.58,27.44,0.1817,46.7,29.3
1710,envelope,9.58,32.84,0.2019,48.9,29.3
1711,tray,9.58,24.14,0.2460,49.3,29.3
1712,tray,9.58,28.69,0.2325,47.9,29.3
1713,tray,9.58,24.29,0.2057,48.9,29.3
1714,envelope,9.58,31.27,0.2192,47.3,29.3
1715,tray,9.58,30.98,0.2176,49.0,29.3
experiment_end,2025-05-27 03:04:47
average,,9.72,25.0,0.399,49.0,29.1
