experiment_start,2025-05-28 11:13:27
frame,label,fps,infer_time_ms,confidence,cpu_percent,ram_percent
1,bulletproof vest,10.39,50.96,0.0300,16.7,28.5
2,bulletproof vest,7.79,42.19,0.0262,53.1,29.1
3,window screen,9.54,34.05,0.0161,54.3,29.2
4,fire screen,10.53,39.93,0.0462,54.7,29.2
5,brass,11.29,37.80,0.0511,52.1,29.2
6,brass,11.82,33.99,0.0676,52.0,29.2
7,brass,12.33,35.95,0.0684,54.5,29.2
8,brass,12.63,37.14,0.1089,57.0,29.1
9,brass,12.59,32.90,0.1368,56.6,29.1
10,brass,12.32,35.13,0.2235,53.7,29.1
11,brass,11.58,37.00,0.1971,49.8,29.1
12,brass,11.39,30.42,0.2049,49.4,29.1
13,brass,11.35,32.51,0.1973,50.3,29.1
14,brass,11.18,28.92,0.3149,50.0,29.1
15,brass,11.14,30.08,0.2050,49.3,29.1
16,brass,11.04,31.61,0.2271,52.9,29.1
17,brass,10.84,29.10,0.1700,48.1,29.1
18,brass,10.97,31.10,0.2116,50.5,29.1
19,brass,11.02,33.59,0.2020,50.0,29.1
20,brass,10.74,35.74,0.2373,49.3,29.1
21,brass,10.29,34.10,0.2526,48.1,29.1
22,brass,10.35,38.86,0.2589,49.2,29.1
23,brass,10.28,31.98,0.2034,49.4,29.1
24,brass,10.39,34.79,0.2132,57.3,29.1
25,brass,10.30,34.67,0.3033,49.2,29.1
26,brass,10.38,36.25,0.2511,53.9,29.4
27,brass,10.22,36.60,0.3131,53.7,30.1
28,brass,9.95,36.62,0.3203,56.7,31.1
29,brass,9.83,38.06,0.2601,51.4,29.2
30,brass,9.81,36.01,0.2503,50.0,29.2
31,brass,9.83,36.11,0.2739,52.5,29.2
32,brass,9.55,38.04,0.2607,48.8,29.2
33,brass,9.62,34.96,0.2997,50.0,29.2
34,brass,9.66,34.15,0.2479,52.8,29.2
35,brass,9.63,34.70,0.2025,50.3,29.2
36,brass,9.69,36.20,0.2362,50.8,29.2
37,brass,9.73,32.24,0.2535,51.8,29.2
38,brass,9.72,32.11,0.2605,50.6,29.2
39,brass,9.78,33.39,0.2112,51.3,29.2
40,brass,9.86,40.55,0.1756,56.6,29.2
41,brass,9.86,36.42,0.2203,52.4,29.2
42,brass,9.29,34.25,0.1891,33.8,29.2
43,brass,9.28,31.96,0.2570,49.7,29.2
44,brass,9.34,32.45,0.1903,52.0,29.2
45,brass,9.31,33.52,0.2695,53.8,29.2
46,brass,9.34,39.72,0.2058,51.0,29.2
47,brass,9.38,37.33,0.1907,52.9,29.2
48,brass,9.35,36.09,0.2148,50.3,29.2
49,brass,9.36,41.07,0.1808,50.3,29.2
50,brass,9.36,36.71,0.1954,52.0,29.2
51,brass,9.35,35.25,0.2333,50.6,29.2
52,brass,9.40,36.46,0.2234,53.1,29.2
53,brass,9.41,41.24,0.2225,52.2,29.2
54,brass,9.39,39.37,0.2113,50.3,29.2
55,brass,9.39,40.34,0.2051,53.0,29.2
56,brass,9.40,38.96,0.2025,53.0,29.2
57,brass,9.25,35.93,0.1800,48.3,29.2
58,brass,9.14,34.89,0.2160,49.7,29.2
59,brass,9.11,36.70,0.2375,50.2,29.2
60,brass,9.08,34.51,0.1867,50.7,29.2
61,brass,9.06,38.61,0.2044,48.2,29.2
62,brass,9.08,37.72,0.1772,58.9,29.2
63,brass,9.07,41.08,0.2161,51.6,29.2
64,brass,9.08,35.32,0.1963,49.7,29.2
65,brass,9.09,37.54,0.2332,50.6,29.2
66,brass,9.07,35.72,0.2293,51.5,29.2
67,brass,9.06,37.82,0.2071,50.3,29.2
68,brass,8.94,31.93,0.2547,49.3,29.2
69,brass,8.94,36.18,0.1979,48.3,29.2
70,brass,8.91,38.44,0.2089,50.4,29.2
71,brass,8.93,35.34,0.2600,53.2,29.2
72,brass,8.94,34.83,0.2841,49.1,29.2
73,brass,8.97,33.15,0.2310,53.8,29.2
74,brass,9.01,36.42,0.2343,52.9,29.2
75,brass,9.02,43.99,0.2147,54.9,29.2
76,brass,8.95,35.54,0.2133,47.4,29.2
77,brass,8.95,35.84,0.1714,48.9,29.2
78,brass,8.95,34.27,0.0664,51.1,29.2
79,window screen,8.98,33.79,0.0436,50.4,29.2
80,fountain,9.02,44.06,0.0748,59.5,29.2
81,remote control,9.07,40.70,0.0424,58.1,29.2
82,remote control,9.09,42.95,0.2186,53.4,29.2
83,remote control,9.11,36.74,0.8909,55.9,29.2
84,remote control,9.13,39.69,0.8435,53.1,29.2
85,remote control,9.13,39.79,0.9004,48.1,29.2
86,remote control,9.15,39.78,0.8272,54.5,29.2
87,remote control,9.17,39.16,0.8099,52.0,29.2
88,remote control,9.17,38.13,0.8472,51.3,29.2
89,remote control,9.19,39.15,0.8473,51.6,29.2
90,remote control,9.22,39.15,0.8534,54.8,29.2
91,remote control,9.25,40.10,0.9150,51.3,29.2
92,remote control,9.28,40.93,0.8246,55.2,29.2
93,remote control,9.31,36.82,0.8538,50.5,29.2
94,remote control,9.34,37.93,0.8594,53.2,29.2
95,remote control,9.32,38.15,0.9108,53.4,29.2
96,remote control,9.34,38.85,0.8452,52.6,29.2
97,remote control,9.35,38.33,0.7714,52.8,29.2
98,remote control,9.34,36.95,0.7596,51.3,29.2
99,remote control,9.35,38.82,0.8096,51.7,29.2
100,remote control,9.36,37.16,0.6983,56.3,29.2
101,remote control,9.37,38.17,0.8937,50.3,29.2
102,remote control,9.40,36.53,0.8420,50.9,29.2
103,remote control,9.39,41.51,0.8898,56.0,29.2
104,remote control,9.43,38.19,0.8583,57.1,29.2
105,remote control,9.45,37.42,0.8616,54.0,29.2
106,remote control,9.48,33.51,0.7908,53.5,29.2
107,remote control,9.51,43.39,0.7908,52.7,29.2
108,remote control,9.53,38.23,0.7193,51.2,29.2
109,remote control,9.55,41.02,0.6824,55.7,29.2
110,remote control,9.56,37.72,0.6580,50.9,29.2
111,remote control,9.56,39.60,0.8665,51.3,29.2
112,remote control,9.57,43.05,0.8619,50.0,29.2
113,remote control,9.57,36.28,0.8555,54.2,29.2
114,remote control,9.57,32.85,0.8508,52.9,29.2
115,remote control,9.57,38.00,0.8341,50.3,29.2
116,remote control,9.59,42.83,0.7738,54.6,29.2
117,remote control,9.58,45.11,0.7668,53.3,29.2
118,remote control,9.59,45.98,0.7291,52.7,29.2
119,remote control,9.60,49.67,0.6973,57.4,29.2
120,remote control,9.60,49.61,0.6660,51.6,29.2
121,remote control,9.60,40.72,0.6646,53.9,29.2
122,remote control,9.60,44.83,0.6851,53.5,29.2
123,remote control,9.60,47.16,0.6639,52.6,29.2
124,remote control,9.57,53.13,0.6980,53.8,29.2
125,remote control,9.55,48.79,0.6283,54.7,29.2
126,remote control,9.54,49.44,0.6717,52.6,29.2
127,remote control,9.55,41.38,0.5867,52.2,29.2
128,remote control,9.53,43.84,0.6107,50.8,29.2
129,remote control,9.53,49.75,0.5924,56.7,29.2
130,remote control,9.49,77.75,0.6186,53.6,29.2
131,remote control,9.47,45.09,0.5974,52.8,29.2
132,remote control,9.48,40.94,0.6270,52.6,29.2
133,remote control,9.47,41.97,0.6394,50.9,29.2
134,remote control,9.46,41.84,0.6578,51.9,29.2
135,remote control,9.48,41.15,0.6519,54.1,29.2
136,remote control,9.49,47.84,0.6288,55.9,29.2
137,remote control,9.50,44.28,0.6477,54.9,29.2
138,remote control,9.49,46.66,0.6481,51.8,29.2
139,remote control,9.49,45.01,0.6372,55.3,29.2
140,remote control,9.48,44.48,0.6417,49.2,29.2
141,remote control,9.48,44.53,0.7123,52.3,29.2
142,remote control,9.46,46.69,0.7497,52.4,29.2
143,remote control,9.45,44.26,0.7219,55.6,29.2
144,remote control,9.46,43.53,0.8227,55.5,29.2
145,remote control,9.47,46.09,0.8614,55.4,29.2
146,remote control,9.47,44.31,0.9167,52.3,29.2
147,remote control,9.47,45.85,0.9260,56.2,29.2
148,remote control,9.45,53.05,0.8801,49.8,29.2
149,remote control,9.46,42.18,0.7522,51.9,29.2
150,remote control,9.47,45.67,0.7695,55.6,29.2
151,remote control,9.46,46.80,0.8151,49.7,29.2
152,remote control,9.44,43.55,0.8209,53.3,29.2
153,remote control,9.44,43.97,0.8342,54.2,29.2
154,remote control,9.43,47.52,0.8588,50.3,29.2
155,remote control,9.45,41.08,0.7186,57.0,29.2
156,remote control,9.43,46.01,0.8273,49.5,29.2
157,remote control,9.44,47.29,0.6758,51.7,29.2
158,remote control,9.44,50.34,0.6756,53.8,29.2
159,remote control,9.44,46.98,0.5966,55.8,29.2
160,remote control,9.45,49.00,0.5647,54.5,29.2
161,remote control,9.45,54.66,0.5921,52.3,29.2
162,remote control,9.46,53.52,0.5549,58.5,29.2
163,remote control,9.46,46.49,0.5989,53.4,29.2
164,remote control,9.46,47.81,0.6644,52.8,29.2
165,remote control,9.47,49.94,0.5659,53.8,29.2
166,remote control,9.48,48.44,0.5549,55.2,29.2
167,remote control,9.48,44.45,0.5335,53.2,29.2
168,remote control,9.48,44.84,0.5696,55.5,29.2
169,remote control,9.47,81.68,0.5561,53.2,29.2
170,remote control,9.48,43.92,0.5791,52.2,29.2
171,remote control,9.49,53.63,0.4012,56.9,29.2
172,paper towel,9.49,47.72,0.1712,52.9,29.2
173,dough,9.50,47.91,0.0444,54.0,29.2
174,geyser,9.50,43.46,0.0283,50.6,29.2
175,bathtub,9.49,47.32,0.0552,52.4,29.2
176,brass,9.50,47.69,0.0561,52.9,29.2
177,brass,9.48,50.12,0.0659,49.3,29.2
178,brass,9.48,49.53,0.1103,54.2,29.2
179,brass,9.46,42.97,0.1295,50.0,29.2
180,brass,9.46,46.94,0.1650,51.7,29.2
181,brass,9.45,48.48,0.1948,54.0,29.2
182,brass,9.45,44.65,0.1867,57.5,29.2
183,brass,9.45,48.32,0.1453,52.1,29.2
184,brass,9.43,44.59,0.2318,54.2,29.2
185,brass,9.44,47.81,0.2037,52.9,29.2
186,brass,9.45,48.83,0.2107,55.8,29.2
187,brass,9.44,48.02,0.2031,51.9,29.2
188,brass,9.45,45.05,0.1197,55.0,29.2
189,toilet tissue,9.44,47.83,0.0358,52.5,29.2
190,bathtub,9.43,56.21,0.0814,51.4,29.2
191,pencil sharpener,9.44,48.34,0.1119,53.4,29.2
192,pencil sharpener,9.45,49.31,0.1062,54.1,29.2
193,saltshaker,9.46,48.14,0.1611,55.9,29.2
194,teapot,9.46,47.48,0.1660,54.2,29.2
195,teapot,9.47,49.16,0.2961,53.7,29.2
196,teapot,9.46,55.54,0.3660,54.3,29.2
197,cup,9.47,46.50,0.1969,52.1,29.2
198,coffee mug,9.47,46.00,0.3341,50.3,29.2
199,coffee mug,9.46,46.18,0.3127,50.9,29.2
200,coffee mug,9.47,47.31,0.2796,53.9,29.2
201,coffee mug,9.46,49.49,0.3131,52.5,29.2
202,coffee mug,9.47,45.16,0.3426,58.3,29.2
203,coffee mug,9.46,43.98,0.3991,52.9,29.2
204,coffee mug,9.44,47.03,0.3858,51.1,29.2
205,coffee mug,9.44,40.96,0.5728,49.7,29.2
206,coffee mug,9.44,42.11,0.5858,53.2,29.2
207,coffee mug,9.44,43.56,0.5296,51.0,29.2
208,coffee mug,9.44,46.48,0.6208,55.0,29.2
209,coffee mug,9.45,44.42,0.6163,51.3,29.2
210,coffee mug,9.45,43.67,0.6159,58.0,29.2
211,coffee mug,9.46,46.56,0.6142,58.5,29.2
212,coffee mug,9.46,50.96,0.6011,50.9,29.2
213,coffee mug,9.46,45.84,0.6096,54.2,29.2
214,coffee mug,9.46,49.35,0.6314,52.0,29.2
215,coffee mug,9.47,48.53,0.6101,54.9,29.2
216,coffee mug,9.47,52.95,0.6139,52.6,29.2
217,coffee mug,9.46,45.29,0.6194,52.0,29.2
218,coffee mug,9.45,45.52,0.6412,51.5,29.2
219,coffee mug,9.44,50.33,0.6030,50.0,29.2
220,coffee mug,9.45,41.39,0.6000,55.0,29.2
221,coffee mug,9.45,46.95,0.6455,54.9,29.2
222,coffee mug,9.46,44.19,0.5589,57.7,29.2
223,coffee mug,9.46,50.25,0.4464,52.4,29.2
224,coffee mug,9.46,45.67,0.3987,51.6,29.2
225,coffee mug,9.46,43.92,0.4385,54.5,29.2
226,coffee mug,9.46,48.21,0.4125,51.9,29.2
227,coffee mug,9.47,53.90,0.4982,52.7,29.2
228,coffee mug,9.48,43.19,0.5608,56.9,29.2
229,coffee mug,9.47,49.15,0.5471,52.3,29.2
230,coffee mug,9.47,54.69,0.4420,52.8,29.2
231,coffee mug,9.48,50.64,0.6077,51.9,29.2
232,coffee mug,9.48,47.75,0.5608,55.7,29.2
233,coffee mug,9.47,55.70,0.5795,52.5,29.2
234,coffee mug,9.47,44.13,0.6016,50.6,29.2
235,coffee mug,9.47,50.05,0.5526,55.8,29.2
236,coffee mug,9.47,47.66,0.5724,54.5,29.2
237,coffee mug,9.46,62.78,0.5612,53.6,29.2
238,coffee mug,9.45,48.53,0.5615,48.3,29.2
239,coffee mug,9.45,47.74,0.5478,53.7,29.2
240,coffee mug,9.46,48.28,0.5345,56.5,29.2
241,coffee mug,9.46,47.45,0.5320,57.1,29.2
242,coffee mug,9.46,52.13,0.5536,52.1,29.2
243,coffee mug,9.46,43.63,0.5474,51.7,29.2
244,coffee mug,9.46,50.94,0.5168,53.4,29.2
245,coffee mug,9.46,46.72,0.5286,54.7,29.2
246,coffee mug,9.47,48.69,0.5468,52.8,29.2
247,coffee mug,9.48,42.97,0.5286,52.6,29.2
248,coffee mug,9.49,55.06,0.5274,54.6,29.2
249,coffee mug,9.50,44.54,0.5319,55.2,29.2
250,coffee mug,9.49,44.57,0.5341,52.3,29.2
251,coffee mug,9.50,45.27,0.5280,55.6,29.2
252,coffee mug,9.50,48.71,0.5277,51.7,29.2
253,coffee mug,9.49,42.06,0.5514,52.2,29.2
254,coffee mug,9.48,50.74,0.5496,53.7,29.2
255,coffee mug,9.48,48.47,0.5723,55.8,29.2
256,coffee mug,9.48,45.22,0.5401,52.8,29.2
257,coffee mug,9.48,46.14,0.5398,52.6,29.2
258,coffee mug,9.48,52.41,0.5624,50.9,29.2
259,coffee mug,9.49,46.27,0.5487,54.0,29.2
260,coffee mug,9.49,44.98,0.5496,52.4,29.2
261,coffee mug,9.49,48.31,0.5370,60.8,29.2
262,coffee mug,9.49,46.33,0.4676,53.9,29.2
263,coffee mug,9.49,45.34,0.5060,53.1,29.2
264,coffee mug,9.50,53.48,0.4935,53.5,29.2
265,coffee mug,9.50,47.25,0.4696,54.3,29.2
266,coffee mug,9.50,44.91,0.4827,51.4,29.2
267,coffee mug,9.50,46.26,0.4700,53.4,29.2
268,coffee mug,9.50,44.04,0.4576,54.2,29.2
269,coffee mug,9.51,46.55,0.4354,54.1,29.2
270,coffee mug,9.51,48.31,0.4803,58.6,29.2
271,coffee mug,9.51,49.91,0.5394,52.7,29.2
272,coffee mug,9.51,48.17,0.5205,56.2,29.2
273,coffee mug,9.51,49.00,0.5423,56.7,29.2
274,coffee mug,9.51,51.94,0.5083,52.3,29.2
275,coffee mug,9.51,51.24,0.4640,56.2,29.2
276,coffee mug,9.52,46.92,0.4984,52.6,29.2
277,coffee mug,9.52,47.18,0.4924,53.5,29.2
278,coffee mug,9.52,47.40,0.4989,55.5,29.2
279,coffee mug,9.52,47.98,0.4706,53.1,29.2
280,coffee mug,9.52,52.46,0.4857,51.6,29.2
281,coffee mug,9.52,48.99,0.5030,52.5,29.2
282,coffee mug,9.52,47.95,0.4864,56.9,29.2
283,coffee mug,9.52,44.80,0.4711,56.3,29.2
284,coffee mug,9.52,45.01,0.4850,56.3,29.2
285,coffee mug,9.52,44.19,0.4879,54.0,29.2
286,coffee mug,9.52,44.81,0.5081,52.1,29.2
287,coffee mug,9.52,48.43,0.4904,59.1,29.2
288,coffee mug,9.53,49.83,0.4942,52.3,29.2
289,coffee mug,9.53,43.08,0.4947,53.1,29.2
290,coffee mug,9.53,44.61,0.5337,54.2,29.2
291,coffee mug,9.53,47.82,0.5591,50.3,29.2
292,coffee mug,9.53,52.42,0.5491,53.3,29.2
293,coffee mug,9.53,47.29,0.5543,53.9,29.2
294,coffee mug,9.53,57.68,0.5341,55.1,29.2
295,coffee mug,9.54,48.31,0.5113,52.2,29.2
296,coffee mug,9.54,48.09,0.5002,55.3,29.2
297,coffee mug,9.55,49.84,0.5336,55.4,29.2
298,coffee mug,9.55,52.49,0.5404,55.4,29.2
299,coffee mug,9.55,49.68,0.5698,50.3,29.2
300,coffee mug,9.55,42.42,0.5488,55.1,29.2
301,coffee mug,9.55,52.09,0.5622,55.2,29.2
302,coffee mug,9.54,63.67,0.5509,59.9,29.2
303,coffee mug,9.54,53.06,0.5468,54.6,29.2
304,coffee mug,9.54,53.93,0.5430,53.4,29.2
305,coffee mug,9.54,48.73,0.5458,54.0,29.2
306,coffee mug,9.55,47.69,0.4864,55.2,29.2
307,coffee mug,9.54,51.79,0.5466,54.4,29.2
308,coffee mug,9.54,51.32,0.6340,55.9,29.2
309,coffee mug,9.53,50.76,0.6194,51.4,29.2
310,coffee mug,9.53,44.71,0.6493,52.7,29.2
311,coffee mug,9.52,55.19,0.3656,52.6,29.2
312,piggy bank,9.52,51.27,0.3443,52.6,29.2
313,geyser,9.52,57.05,0.0280,53.8,29.2
314,bathtub,9.51,52.59,0.0603,52.5,29.2
315,brass,9.51,55.91,0.0372,52.9,29.2
316,brass,9.52,49.91,0.0906,53.2,29.2
317,brass,9.51,45.07,0.1349,53.4,29.2
318,brass,9.51,50.97,0.1803,52.8,29.2
319,brass,9.51,45.40,0.1653,54.1,29.2
320,brass,9.49,54.70,0.2234,54.2,29.2
321,brass,9.48,44.96,0.1415,53.7,29.2
322,brass,9.48,47.39,0.1433,54.7,29.2
323,brass,9.48,43.69,0.1996,50.5,29.2
324,brass,9.47,46.82,0.1704,53.5,29.2
325,brass,9.47,48.05,0.2030,55.9,29.2
326,brass,9.47,45.08,0.1788,51.8,29.2
327,brass,9.46,54.22,0.1817,53.0,29.2
328,brass,9.46,46.92,0.1693,49.7,29.2
329,brass,9.45,52.87,0.1785,54.5,29.2
330,brass,9.45,47.76,0.1862,53.3,29.2
331,brass,9.44,47.97,0.2037,53.5,29.2
332,brass,9.44,47.23,0.1702,52.3,29.2
333,brass,9.44,42.39,0.1490,53.3,29.2
334,brass,9.43,50.13,0.1904,52.6,29.2
335,brass,9.44,44.41,0.1515,52.1,29.2
336,brass,9.43,49.43,0.1248,50.8,29.2
337,brass,9.42,55.79,0.1717,55.8,29.2
338,brass,9.42,48.20,0.1288,57.7,29.2
339,brass,9.41,50.89,0.1667,50.2,29.2
340,brass,9.40,46.53,0.1743,50.7,29.2
341,brass,9.39,53.74,0.2358,52.6,29.2
342,brass,9.38,47.65,0.2690,50.7,29.2
343,brass,9.36,40.74,0.2482,48.6,29.2
344,brass,9.35,49.46,0.2638,50.7,29.2
345,brass,9.34,47.41,0.2277,51.7,29.2
346,brass,9.34,45.98,0.1744,50.9,29.2
347,brass,9.34,47.53,0.2336,52.9,29.2
348,brass,9.34,47.13,0.2601,50.8,29.2
349,brass,9.34,52.20,0.1665,53.0,29.2
350,paper towel,9.33,49.14,0.0572,50.5,29.2
351,radiator,9.33,43.76,0.0669,52.7,29.2
352,pencil box,9.33,51.21,0.0718,53.6,29.2
353,rubber eraser,9.32,49.93,0.0735,53.9,29.2
354,rubber eraser,9.32,48.25,0.0988,53.9,29.2
355,pencil sharpener,9.31,47.19,0.1503,52.3,29.2
356,rubber eraser,9.31,51.87,0.2014,51.6,29.2
357,sunscreen,9.31,44.81,0.1678,55.2,29.2
358,sunscreen,9.31,51.60,0.1818,51.6,29.2
359,sunscreen,9.30,45.14,0.1915,50.7,29.2
360,sunscreen,9.30,54.41,0.3283,51.1,29.2
361,sunscreen,9.29,53.69,0.2518,51.0,29.2
362,lotion,9.30,50.17,0.2667,51.8,29.2
363,lotion,9.30,50.90,0.2574,51.3,29.2
364,lotion,9.30,51.34,0.2612,53.6,29.2
365,lotion,9.30,51.25,0.2335,55.3,29.2
366,sunscreen,9.30,48.01,0.3782,50.6,29.2
367,sunscreen,9.30,46.12,0.4462,54.5,29.2
368,sunscreen,9.29,46.78,0.4538,51.3,29.2
369,sunscreen,9.30,50.70,0.4606,54.7,29.2
370,sunscreen,9.30,46.05,0.4348,53.5,29.2
371,sunscreen,9.29,56.69,0.4622,53.5,29.2
372,sunscreen,9.29,61.14,0.4525,55.7,29.2
373,sunscreen,9.28,57.14,0.4326,52.8,29.2
374,sunscreen,9.28,52.10,0.4559,53.8,29.2
375,sunscreen,9.29,48.95,0.4453,50.7,29.2
376,sunscreen,9.29,53.27,0.4514,54.5,29.2
377,sunscreen,9.29,52.01,0.4441,53.2,29.2
378,sunscreen,9.29,54.03,0.4489,51.0,29.2
379,sunscreen,9.30,52.54,0.4571,53.3,29.2
380,sunscreen,9.30,54.24,0.4596,53.7,29.2
381,sunscreen,9.30,48.13,0.4602,51.6,29.2
382,sunscreen,9.29,48.69,0.4628,50.7,29.2
383,sunscreen,9.30,49.92,0.4536,53.2,29.2
384,sunscreen,9.30,47.87,0.4502,54.6,29.2
385,sunscreen,9.30,54.71,0.4520,54.5,29.2
386,sunscreen,9.31,49.87,0.4556,53.7,29.2
387,sunscreen,9.31,47.08,0.4513,54.2,29.2
388,sunscreen,9.32,50.99,0.4490,57.8,29.2
389,sunscreen,9.32,54.10,0.4553,54.3,29.2
390,sunscreen,9.33,50.17,0.4467,53.9,29.2
391,sunscreen,9.32,48.65,0.4449,54.9,29.2
392,sunscreen,9.32,51.98,0.4438,56.4,29.2
393,sunscreen,9.32,49.76,0.4550,54.5,29.2
394,sunscreen,9.32,56.12,0.4478,56.6,29.2
395,sunscreen,9.32,52.61,0.4555,54.0,29.2
396,sunscreen,9.32,55.04,0.4582,56.1,29.2
397,sunscreen,9.32,48.16,0.4457,50.3,29.2
398,sunscreen,9.32,46.82,0.4419,53.8,29.2
399,sunscreen,9.32,50.96,0.4562,51.9,29.2
400,sunscreen,9.32,45.45,0.4458,53.6,29.2
401,sunscreen,9.32,46.85,0.4507,55.9,29.2
402,sunscreen,9.32,53.26,0.4536,53.2,29.2
403,sunscreen,9.32,48.81,0.4500,52.3,29.2
404,sunscreen,9.32,58.71,0.4560,53.5,29.2
405,sunscreen,9.32,45.26,0.4402,52.1,29.2
406,sunscreen,9.33,49.07,0.4500,54.7,29.2
407,sunscreen,9.33,46.63,0.4503,54.4,29.2
408,sunscreen,9.33,56.82,0.4532,51.9,29.2
409,sunscreen,9.33,46.59,0.4510,56.4,29.2
410,sunscreen,9.33,58.99,0.4332,53.1,29.2
411,sunscreen,9.34,52.66,0.4344,58.6,29.2
412,sunscreen,9.34,53.76,0.4436,58.4,29.2
413,sunscreen,9.34,52.55,0.4372,56.3,29.2
414,sunscreen,9.34,51.23,0.4481,54.3,29.2
415,sunscreen,9.34,51.72,0.4359,53.1,29.2
416,sunscreen,9.34,52.11,0.4384,56.7,29.2
417,sunscreen,9.34,50.03,0.4503,52.3,29.2
418,sunscreen,9.34,55.67,0.4526,54.3,29.2
419,sunscreen,9.34,49.50,0.4397,51.9,29.2
420,sunscreen,9.34,49.16,0.2467,51.6,29.2
421,sunscreen,9.35,58.95,0.2728,54.5,29.2
422,lotion,9.35,58.20,0.2530,52.1,29.2
423,sunscreen,9.35,87.58,0.3613,57.8,29.2
424,sunscreen,9.35,56.26,0.3942,56.6,29.2
425,sunscreen,9.35,61.93,0.4074,55.1,29.2
426,bucket,9.35,49.54,0.0308,52.5,29.2
427,bathtub,9.35,49.51,0.1179,53.9,29.2
428,brass,9.35,48.47,0.0190,53.1,29.2
429,brass,9.36,46.64,0.0512,54.4,29.2
430,brass,9.36,53.13,0.0782,54.9,29.2
431,brass,9.35,50.57,0.0830,50.9,29.2
432,brass,9.35,51.70,0.1344,56.3,29.2
433,brass,9.35,48.61,0.1140,55.4,29.2
434,brass,9.34,50.98,0.1627,52.9,29.2
435,brass,9.35,46.90,0.1783,53.9,29.2
436,brass,9.34,54.84,0.2958,53.5,29.2
437,paper towel,9.33,59.94,0.0968,53.5,29.2
438,window screen,9.31,43.20,0.0393,49.4,29.2
439,perfume,9.32,46.79,0.6690,51.0,29.2
440,perfume,9.32,53.76,0.4934,50.9,29.2
441,perfume,9.32,58.01,0.3012,52.8,29.2
442,perfume,9.32,48.36,0.2921,55.4,29.2
443,soap dispenser,9.33,49.16,0.3564,53.9,29.2
444,perfume,9.33,60.15,0.3230,52.6,29.2
445,perfume,9.33,54.96,0.3262,53.6,29.2
446,perfume,9.34,58.11,0.3905,52.4,29.2
447,perfume,9.34,55.28,0.4098,55.2,29.2
448,perfume,9.34,54.55,0.3547,55.1,29.2
449,perfume,9.34,58.58,0.4632,53.2,29.2
450,perfume,9.35,50.58,0.4784,55.6,29.2
451,perfume,9.35,67.91,0.4615,59.6,29.2
452,perfume,9.35,49.89,0.3808,56.4,29.2
453,perfume,9.35,57.51,0.5909,54.1,29.2
454,perfume,9.35,56.24,0.8736,52.9,29.2
455,perfume,9.35,55.70,0.7767,55.2,29.2
456,perfume,9.36,54.58,0.8470,53.5,29.2
457,perfume,9.36,58.91,0.8502,55.4,29.2
458,perfume,9.35,53.20,0.8775,52.4,29.2
459,perfume,9.35,52.65,0.8172,52.3,29.2
460,perfume,9.34,51.89,0.9113,52.7,29.2
461,perfume,9.34,54.67,0.8989,50.4,29.2
462,perfume,9.33,51.09,0.8983,50.0,29.2
463,perfume,9.32,58.59,0.9488,51.3,29.2
464,perfume,9.32,55.86,0.9280,55.2,29.2
465,perfume,9.32,62.44,0.9092,53.7,29.2
466,perfume,9.31,54.56,0.9301,49.4,29.2
467,perfume,9.31,48.43,0.9070,53.1,29.2
468,perfume,9.31,48.31,0.9356,52.7,29.2
469,perfume,9.31,49.25,0.8969,61.0,29.2
470,perfume,9.31,48.93,0.8752,54.7,29.2
471,perfume,9.30,47.44,0.9150,52.0,29.2
472,perfume,9.30,49.00,0.8629,50.7,29.2
473,perfume,9.28,57.19,0.8942,50.9,29.2
474,perfume,9.28,52.32,0.9269,52.9,29.2
475,perfume,9.27,53.27,0.9198,50.9,29.2
476,perfume,9.27,51.42,0.9225,53.6,29.2
477,perfume,9.27,45.63,0.9159,54.6,29.2
478,perfume,9.27,49.79,0.9114,55.2,29.2
479,perfume,9.28,50.18,0.9081,54.3,29.2
480,perfume,9.28,49.33,0.9127,52.2,29.2
481,perfume,9.27,47.82,0.9146,50.5,29.2
482,perfume,9.27,55.51,0.9167,52.8,29.2
483,perfume,9.26,54.80,0.9080,54.6,29.2
484,perfume,9.26,60.68,0.9062,53.9,29.2
485,perfume,9.26,67.12,0.9165,53.8,29.2
486,perfume,9.26,50.39,0.9005,58.4,29.2
487,perfume,9.26,54.75,0.9065,55.6,29.2
488,perfume,9.25,54.65,0.9115,51.4,29.2
489,perfume,9.25,54.80,0.9128,51.3,29.2
490,perfume,9.25,51.86,0.9075,56.6,29.3
491,perfume,9.25,53.74,0.8996,54.7,29.3
492,perfume,9.25,51.92,0.9048,51.8,29.3
493,perfume,9.25,50.06,0.9084,54.9,29.3
494,perfume,9.25,55.76,0.8988,50.3,29.3
495,perfume,9.25,49.02,0.9048,53.5,29.3
496,perfume,9.24,48.19,0.9203,50.0,29.3
497,perfume,9.24,56.28,0.9163,52.2,29.3
498,perfume,9.24,51.09,0.9205,54.7,29.3
499,perfume,9.24,63.50,0.9149,51.8,29.3
500,perfume,9.24,51.56,0.9187,56.4,29.3
501,perfume,9.24,52.34,0.9127,52.9,29.3
502,perfume,9.24,45.47,0.9081,52.2,29.3
503,perfume,9.24,51.79,0.9156,53.5,29.3
504,perfume,9.24,51.91,0.9081,58.8,29.2
505,perfume,9.24,59.18,0.8979,54.3,29.2
506,perfume,9.24,53.15,0.9179,52.8,29.2
507,perfume,9.24,52.55,0.9070,54.1,29.2
508,perfume,9.24,52.83,0.9102,56.6,29.2
509,perfume,9.25,51.88,0.9019,53.9,29.2
510,perfume,9.24,53.94,0.9007,52.9,29.2
511,perfume,9.23,47.96,0.9122,52.4,29.2
512,perfume,9.23,54.69,0.9106,51.4,29.3
513,perfume,9.22,54.11,0.8967,51.5,29.2
514,perfume,9.22,53.84,0.9072,53.4,29.2
515,perfume,9.22,46.63,0.9124,55.8,29.2
516,perfume,9.22,51.61,0.9122,51.9,29.3
517,perfume,9.23,49.96,0.9138,51.8,29.2
518,perfume,9.22,55.88,0.9089,50.2,29.2
519,perfume,9.22,51.58,0.9041,55.0,29.2
520,perfume,9.22,65.31,0.8924,51.8,29.2
521,perfume,9.20,59.71,0.8986,54.9,29.2
522,perfume,9.19,61.92,0.9041,49.3,29.2
523,perfume,9.18,56.65,0.9140,50.0,29.2
524,perfume,9.18,51.16,0.9231,53.0,29.2
525,perfume,9.17,50.03,0.9188,51.2,29.2
526,perfume,9.17,55.36,0.9152,50.7,29.2
527,perfume,9.16,57.15,0.9079,50.8,29.3
528,perfume,9.16,46.41,0.9030,50.0,29.2
529,perfume,9.14,49.86,0.9079,48.1,29.2
530,perfume,9.13,51.89,0.9165,50.0,29.2
531,perfume,9.13,54.32,0.9012,52.1,29.2
532,perfume,9.13,46.51,0.9214,50.7,29.2
533,perfume,9.13,52.82,0.9294,52.8,29.2
534,perfume,9.13,53.99,0.9105,51.6,29.2
535,perfume,9.13,53.18,0.9069,52.5,29.2
536,perfume,9.13,49.37,0.9096,59.5,29.3
537,perfume,9.13,51.25,0.9145,54.0,29.3
538,perfume,9.13,51.89,0.9079,50.3,29.2
539,perfume,9.12,74.90,0.9169,54.2,29.2
540,perfume,9.13,52.76,0.9114,54.5,29.2
541,perfume,9.13,57.90,0.9167,54.3,29.2
542,perfume,9.12,58.22,0.9107,52.2,29.2
543,perfume,9.12,55.71,0.9047,53.3,29.2
544,perfume,9.12,54.09,0.9081,51.6,29.2
545,perfume,9.12,60.03,0.9128,55.7,29.2
546,perfume,9.12,51.92,0.9153,52.1,29.2
547,perfume,9.12,50.90,0.9083,53.6,29.2
548,perfume,9.12,61.45,0.9227,54.5,29.2
549,perfume,9.11,56.66,0.9101,54.1,29.2
550,perfume,9.11,53.11,0.9114,51.5,29.2
551,perfume,9.12,53.59,0.9069,55.0,29.2
552,perfume,9.11,62.18,0.9026,52.2,29.2
553,perfume,9.11,71.15,0.9167,55.4,29.3
554,perfume,9.11,53.85,0.9242,56.0,29.3
555,perfume,9.10,50.74,0.9100,52.1,29.3
556,perfume,9.11,55.44,0.9026,52.8,29.3
557,perfume,9.11,59.38,0.9052,51.8,29.3
558,perfume,9.10,61.77,0.9111,52.0,29.3
559,perfume,9.10,59.49,0.9012,52.5,29.3
560,perfume,9.10,58.76,0.9113,53.4,29.3
561,perfume,9.10,56.96,0.8946,50.3,29.3
562,perfume,9.10,58.69,0.9056,54.2,29.3
563,perfume,9.09,75.66,0.9151,52.9,29.3
564,perfume,9.10,38.69,0.9104,54.8,29.3
565,perfume,9.10,38.49,0.8978,53.4,29.3
566,perfume,9.10,38.02,0.9009,57.5,29.3
567,perfume,9.10,35.56,0.8881,48.4,29.3
568,perfume,9.10,35.32,0.9010,55.0,29.3
569,perfume,9.11,39.54,0.9053,53.6,29.3
570,perfume,9.11,39.71,0.8978,54.3,29.3
571,perfume,9.11,34.94,0.8946,49.5,29.3
572,perfume,9.11,41.03,0.9054,56.1,29.3
573,perfume,9.11,34.68,0.8976,53.3,29.2
574,perfume,9.11,33.77,0.9113,55.9,29.3
575,perfume,9.12,35.74,0.8969,56.5,29.2
576,perfume,9.12,38.23,0.8998,52.1,29.2
577,perfume,9.13,40.64,0.9060,55.0,29.2
578,perfume,9.13,33.36,0.8985,53.2,29.3
579,perfume,9.14,34.30,0.8986,56.6,29.2
580,perfume,9.14,34.34,0.8952,55.5,29.3
581,perfume,9.14,38.20,0.9114,50.0,29.3
582,perfume,9.15,33.01,0.8960,50.3,29.3
583,perfume,9.15,33.52,0.9005,55.3,29.3
584,perfume,9.15,32.02,0.9000,53.5,29.3
585,perfume,9.15,41.90,0.9067,52.8,29.3
586,perfume,9.16,38.39,0.8855,52.0,29.3
587,perfume,9.16,50.77,0.8846,50.3,29.3
588,perfume,9.16,37.87,0.8882,54.6,29.3
589,perfume,9.17,44.96,0.9044,52.8,29.3
590,perfume,9.17,40.89,0.9259,49.1,29.2
591,perfume,9.16,37.02,0.8783,50.0,29.2
592,perfume,9.17,39.81,0.7685,53.8,29.2
593,perfume,9.16,46.24,0.8190,50.4,29.2
594,soap dispenser,9.17,37.39,0.4747,51.5,29.2
595,soap dispenser,9.17,37.80,0.3838,58.5,29.2
596,fountain,9.16,37.36,0.6590,50.3,29.2
597,bathtub,9.17,38.27,0.0990,56.0,29.2
598,brass,9.17,39.47,0.0287,52.5,29.2
599,brass,9.16,65.13,0.0580,51.6,29.2
600,brass,9.17,35.45,0.0933,50.3,29.2
601,brass,9.17,32.56,0.1674,54.4,29.2
602,brass,9.17,36.19,0.1278,50.9,29.2
603,brass,9.17,35.96,0.1753,53.1,29.2
604,brass,9.18,31.44,0.1961,52.1,29.2
605,brass,9.18,37.24,0.1831,50.4,29.2
606,brass,9.18,37.73,0.1517,51.9,29.2
607,brass,9.18,34.61,0.2139,49.7,29.2
608,brass,9.19,35.72,0.1941,55.7,29.2
609,brass,9.19,40.19,0.1816,48.6,29.2
610,brass,9.19,36.11,0.2147,55.8,29.2
611,brass,9.20,39.40,0.1920,52.8,29.2
612,brass,9.20,43.30,0.2225,52.2,29.2
613,brass,9.20,40.69,0.1933,53.1,29.2
614,brass,9.21,38.32,0.1283,51.0,29.2
615,paper towel,9.20,38.47,0.1706,51.0,29.2
616,toilet tissue,9.21,37.86,0.1353,56.3,29.2
617,paper towel,9.21,42.94,0.2381,57.1,29.2
618,paper towel,9.21,40.29,0.0701,48.0,29.2
619,computer keyboard,9.21,38.50,0.0324,54.1,29.2
620,jigsaw puzzle,9.22,39.18,0.1380,53.2,29.2
621,jigsaw puzzle,9.22,37.05,0.2836,50.9,29.2
622,jigsaw puzzle,9.23,37.25,0.0871,54.3,29.2
623,chow,9.23,38.97,0.1178,53.6,29.2
624,jigsaw puzzle,9.24,43.42,0.0702,52.0,29.2
625,teddy,9.24,42.20,0.1559,55.9,29.2
626,teddy,9.25,43.96,0.2735,51.6,29.2
627,teddy,9.25,40.10,0.1963,53.7,29.2
628,teddy,9.25,41.21,0.1753,53.6,29.2
629,teddy,9.26,41.26,0.2273,52.1,29.2
630,teddy,9.26,37.23,0.1866,54.1,29.2
631,teddy,9.27,41.59,0.1724,55.1,29.2
632,teddy,9.27,41.08,0.1864,51.4,29.2
633,teddy,9.28,39.44,0.1891,57.3,29.2
634,teddy,9.28,39.08,0.2057,53.8,29.2
635,teddy,9.29,45.93,0.1410,54.8,29.2
636,teddy,9.29,37.60,0.1249,50.5,29.2
637,teddy,9.30,36.98,0.1029,55.7,29.2
638,teddy,9.30,39.57,0.0756,51.0,29.2
639,teddy,9.31,44.36,0.1197,54.7,29.2
640,teddy,9.32,37.82,0.0655,54.8,29.2
641,chow,9.32,39.29,0.0999,51.5,29.2
642,chow,9.33,42.58,0.1062,58.9,29.2
643,teddy,9.33,39.20,0.1041,50.5,29.2
644,jigsaw puzzle,9.34,42.77,0.0423,63.6,29.2
645,jigsaw puzzle,9.34,38.96,0.1165,55.3,29.2
646,jigsaw puzzle,9.35,38.24,0.0679,56.0,29.2
647,jigsaw puzzle,9.35,37.73,0.0981,55.1,29.2
648,jigsaw puzzle,9.36,39.08,0.1964,54.5,29.2
649,crossword puzzle,9.36,35.90,0.0847,55.0,29.2
650,iPod,9.37,37.83,0.0968,52.0,29.2
651,iPod,9.37,44.49,0.1296,59.2,29.3
652,modem,9.38,35.59,0.2177,51.0,29.2
653,hand-held computer,9.38,41.76,0.3891,56.6,29.2
654,hand-held computer,9.39,41.15,0.2933,51.5,29.2
655,hand-held computer,9.39,41.78,0.1765,54.5,29.2
656,hand-held computer,9.40,38.69,0.1297,56.6,29.2
657,hand-held computer,9.40,41.42,0.0644,52.0,29.2
658,chow,9.41,35.57,0.0571,55.2,29.2
659,golden retriever,9.41,41.16,0.1063,55.6,29.2
660,chow,9.42,42.83,0.0943,52.3,29.2
661,chow,9.42,41.89,0.1696,52.7,29.2
662,chow,9.43,39.28,0.1598,58.0,29.2
663,chow,9.43,42.88,0.1413,53.6,29.2
664,modem,9.44,41.77,0.0690,55.0,29.2
665,iPod,9.44,40.34,0.0780,51.5,29.2
666,envelope,9.45,40.72,0.0592,57.0,29.2
667,coffee mug,9.45,35.88,0.0526,52.6,29.2
668,nematode,9.46,36.29,0.0218,58.9,29.2
669,nematode,9.46,36.83,0.0230,52.1,29.2
670,Granny Smith,9.47,41.38,0.0182,56.0,29.2
671,Granny Smith,9.47,39.82,0.0302,56.9,29.2
672,cup,9.48,33.69,0.0283,55.7,29.2
673,cup,9.48,42.26,0.0600,54.4,29.2
674,cup,9.49,39.28,0.0571,61.7,29.3
675,cup,9.49,37.93,0.0791,56.3,29.2
676,table lamp,9.50,43.25,0.0523,57.0,29.2
677,candle,9.50,41.52,0.0884,53.2,29.2
678,cup,9.51,38.41,0.1971,53.6,29.2
679,burrito,9.51,45.32,0.0338,57.5,29.3
680,tray,9.51,44.91,0.0596,51.7,29.3
681,tray,9.52,40.77,0.3180,59.8,29.3
682,tray,9.52,43.62,0.2901,53.6,29.3
683,tray,9.53,39.87,0.0380,53.5,29.3
684,jigsaw puzzle,9.53,44.88,0.1354,54.6,29.3
685,tray,9.54,40.96,0.0919,53.6,29.3
686,tray,9.54,43.71,0.0774,51.3,29.2
687,tray,9.54,41.80,0.0760,56.1,29.2
688,tray,9.55,47.51,0.1021,52.4,29.2
689,tray,9.55,39.28,0.0964,52.4,29.2
690,tray,9.55,42.46,0.1288,51.9,29.2
691,tray,9.56,42.77,0.1455,54.9,29.2
692,tray,9.55,44.95,0.1191,52.7,29.2
693,tray,9.56,36.19,0.1114,51.5,29.2
694,ladle,9.56,41.77,0.1479,50.7,29.3
695,remote control,9.57,45.12,0.0498,56.1,29.3
696,remote control,9.57,44.95,0.7348,52.5,29.3
697,remote control,9.57,38.74,0.7994,53.5,29.3
698,remote control,9.58,43.85,0.8072,58.1,29.3
699,remote control,9.58,34.88,0.2709,52.0,29.2
700,remote control,9.58,47.44,0.4288,57.0,29.3
701,remote control,9.58,44.24,0.6847,55.7,29.2
702,remote control,9.59,44.25,0.7658,54.3,29.2
703,remote control,9.59,40.49,0.8009,54.8,29.3
704,remote control,9.59,46.08,0.9036,53.1,29.2
705,remote control,9.59,40.97,0.7351,53.0,29.2
706,remote control,9.60,39.62,0.2521,56.9,29.2
707,remote control,9.60,44.08,0.6541,55.3,29.2
708,remote control,9.60,44.52,0.5906,57.5,29.2
709,remote control,9.61,38.51,0.5912,53.1,29.3
710,remote control,9.61,40.54,0.5112,54.4,29.2
711,remote control,9.62,38.43,0.1720,52.3,29.2
712,remote control,9.62,45.71,0.6924,59.8,29.2
713,remote control,9.63,39.74,0.7790,53.6,29.2
714,remote control,9.63,41.77,0.8077,49.5,29.3
715,remote control,9.64,37.88,0.7288,53.2,29.2
716,remote control,9.64,48.00,0.7719,55.1,29.3
717,remote control,9.64,40.99,0.7036,53.2,29.3
718,joystick,9.64,39.67,0.0969,48.5,29.2
719,tray,9.64,41.02,0.1377,56.2,29.3
720,tray,9.65,45.61,0.1455,53.2,29.3
721,tray,9.65,39.00,0.0859,55.6,29.3
722,envelope,9.66,43.73,0.0627,53.7,29.3
723,tray,9.66,42.14,0.0649,53.6,29.3
724,tray,9.66,42.19,0.0652,56.4,29.3
725,tray,9.66,45.97,0.1005,52.6,29.3
726,tray,9.66,40.62,0.1003,56.2,29.3
727,tray,9.66,47.18,0.0713,53.3,29.3
728,hair slide,9.67,47.50,0.0584,56.6,29.2
729,golden retriever,9.67,43.50,0.4202,52.5,29.2
730,golden retriever,9.67,43.25,0.5222,54.0,29.2
731,Labrador retriever,9.68,42.02,0.5708,51.8,29.2
732,Labrador retriever,9.68,46.21,0.5510,59.2,29.2
733,Labrador retriever,9.68,43.26,0.5665,52.6,29.2
734,Labrador retriever,9.68,43.55,0.5273,55.6,29.2
735,Labrador retriever,9.68,48.09,0.5954,52.0,29.2
736,Labrador retriever,9.68,41.09,0.5574,53.6,29.2
737,Labrador retriever,9.68,75.47,0.5576,52.9,29.2
738,Labrador retriever,9.69,40.12,0.5680,55.6,29.2
739,Labrador retriever,9.69,42.72,0.5469,53.6,29.2
740,Labrador retriever,9.69,46.71,0.5384,56.9,29.2
741,Labrador retriever,9.70,40.22,0.5289,51.0,29.2
742,Labrador retriever,9.70,41.67,0.4977,58.3,29.2
743,Labrador retriever,9.71,47.59,0.5595,52.6,29.2
744,Labrador retriever,9.71,40.95,0.6492,53.6,29.2
745,Labrador retriever,9.71,49.15,0.7356,54.3,29.2
746,golden retriever,9.72,44.04,0.6653,53.6,29.2
747,golden retriever,9.72,45.09,0.4292,56.7,29.2
748,golden retriever,9.73,41.38,0.4009,52.8,29.2
749,golden retriever,9.73,45.28,0.6457,50.9,29.2
750,golden retriever,9.73,42.73,0.5987,58.0,29.2
751,golden retriever,9.74,42.02,0.7238,52.7,29.2
752,golden retriever,9.74,41.85,0.6903,59.6,29.2
753,golden retriever,9.75,43.35,0.6967,55.0,29.2
754,golden retriever,9.75,40.77,0.6605,57.9,29.2
755,golden retriever,9.75,39.82,0.6762,55.5,29.2
756,golden retriever,9.76,42.57,0.7843,56.8,29.2
757,golden retriever,9.76,46.56,0.7188,52.1,29.2
758,golden retriever,9.76,40.95,0.7545,58.4,29.2
759,golden retriever,9.77,44.99,0.6739,52.7,29.3
760,golden retriever,9.77,36.91,0.6414,52.6,29.3
761,golden retriever,9.78,38.52,0.6389,55.9,29.2
762,golden retriever,9.78,44.37,0.6806,54.5,29.2
763,golden retriever,9.78,43.45,0.5343,51.9,29.2
764,golden retriever,9.79,40.97,0.6341,58.4,29.2
765,golden retriever,9.79,45.36,0.6812,54.5,29.2
766,golden retriever,9.80,39.25,0.6635,50.5,29.2
767,golden retriever,9.80,36.95,0.6111,55.7,29.2
768,golden retriever,9.80,41.28,0.5812,54.1,29.2
769,golden retriever,9.80,42.68,0.5538,49.7,29.2
770,golden retriever,9.81,44.37,0.6095,58.6,29.2
771,golden retriever,9.81,46.27,0.6980,50.0,29.2
772,golden retriever,9.81,41.17,0.4893,55.5,29.2
773,golden retriever,9.82,39.10,0.5150,51.5,29.2
774,golden retriever,9.82,42.32,0.5132,57.5,29.2
775,golden retriever,9.82,41.55,0.4778,54.8,29.2
776,golden retriever,9.83,45.44,0.4739,55.5,29.2
777,golden retriever,9.83,45.08,0.4720,52.9,29.2
778,golden retriever,9.83,83.53,0.4798,55.6,29.2
779,golden retriever,9.83,48.23,0.4982,54.4,29.2
780,golden retriever,9.83,44.27,0.4750,58.9,29.3
781,Labrador retriever,9.84,44.35,0.4742,53.1,29.2
782,golden retriever,9.84,46.49,0.5065,56.2,29.2
783,golden retriever,9.84,41.67,0.4882,51.8,29.2
784,golden retriever,9.85,45.28,0.4990,58.7,29.2
785,golden retriever,9.85,44.25,0.4740,50.9,29.2
786,Labrador retriever,9.86,39.77,0.4768,56.6,29.2
787,golden retriever,9.86,39.39,0.4838,53.1,29.2
788,golden retriever,9.86,46.88,0.4723,55.8,29.2
789,golden retriever,9.87,43.01,0.5113,51.8,29.2
790,Labrador retriever,9.87,39.28,0.5590,53.6,29.2
791,golden retriever,9.87,41.51,0.4765,57.5,29.3
792,golden retriever,9.88,44.11,0.4999,53.2,29.3
793,golden retriever,9.88,41.85,0.5230,52.4,29.3
794,golden retriever,9.88,44.37,0.5116,51.4,29.3
795,golden retriever,9.89,42.89,0.5356,57.3,29.3
796,golden retriever,9.89,40.72,0.5796,51.4,29.3
797,golden retriever,9.89,48.41,0.5517,56.3,29.3
798,golden retriever,9.90,41.73,0.5290,51.0,29.3
799,golden retriever,9.90,44.15,0.5145,54.0,29.3
800,golden retriever,9.90,41.74,0.5025,54.9,29.3
801,golden retriever,9.91,49.01,0.6113,55.9,29.3
802,Labrador retriever,9.91,41.51,0.4542,53.8,29.3
803,golden retriever,9.91,87.35,0.5090,55.6,29.2
804,golden retriever,9.91,41.43,0.6333,53.9,29.2
805,golden retriever,9.91,43.01,0.5887,53.6,29.2
806,Labrador retriever,9.92,45.07,0.4986,54.3,29.2
807,Labrador retriever,9.92,45.90,0.4769,61.2,29.2
808,golden retriever,9.92,43.24,0.4964,55.9,29.2
809,golden retriever,9.93,42.32,0.4962,55.7,29.2
810,golden retriever,9.93,47.17,0.5365,59.4,29.2
811,golden retriever,9.94,41.96,0.5161,51.9,29.2
812,golden retriever,9.94,44.21,0.5202,49.6,29.2
813,golden retriever,9.94,42.58,0.5981,55.0,29.2
814,golden retriever,9.94,41.77,0.5215,59.7,29.2
815,golden retriever,9.94,43.57,0.5020,49.6,29.2
816,golden retriever,9.95,38.49,0.4689,57.8,29.2
817,golden retriever,9.95,42.03,0.5055,55.0,29.2
818,golden retriever,9.95,44.79,0.5093,51.8,29.2
819,golden retriever,9.96,42.10,0.5111,56.8,29.2
820,golden retriever,9.96,39.56,0.5007,50.0,29.2
821,golden retriever,9.97,43.05,0.4911,53.6,29.2
822,golden retriever,9.97,44.28,0.5088,52.7,29.2
823,golden retriever,9.97,47.12,0.5688,56.8,29.2
824,dough,9.97,43.35,0.1008,57.9,29.2
825,golden retriever,9.98,40.80,0.3119,55.4,29.2
826,pinwheel,9.98,43.65,0.1390,52.2,29.2
827,goldfish,9.98,48.74,0.8843,55.6,29.2
828,goldfish,9.99,45.75,0.9886,54.3,29.2
829,goldfish,9.99,47.31,0.9804,52.2,29.2
830,goldfish,9.99,50.31,0.9007,54.3,29.2
831,goldfish,10.00,39.07,0.6830,52.6,29.2
832,goldfish,10.00,53.35,0.6984,53.2,29.2
833,goldfish,10.00,45.02,0.8664,57.1,29.2
834,goldfish,10.00,49.30,0.8337,55.3,29.2
835,goldfish,10.01,43.56,0.8647,59.5,29.2
836,goldfish,10.01,45.86,0.8522,58.5,29.2
837,goldfish,10.01,50.42,0.8577,51.7,29.2
838,goldfish,10.01,44.55,0.8494,56.6,29.2
839,goldfish,10.02,46.58,0.8416,50.5,29.2
840,goldfish,10.02,46.00,0.8348,55.8,29.2
841,goldfish,10.02,44.61,0.8181,51.3,29.2
842,goldfish,10.03,40.81,0.8286,56.0,29.2
843,goldfish,10.03,45.43,0.8261,51.3,29.2
844,goldfish,10.03,42.04,0.8237,59.2,29.2
845,goldfish,10.04,42.88,0.8163,52.3,29.2
846,goldfish,10.04,46.98,0.8111,53.7,29.2
847,goldfish,10.04,46.85,0.7853,56.7,29.2
848,goldfish,10.04,48.23,0.7791,53.5,29.2
849,goldfish,10.05,43.82,0.7874,53.8,29.2
850,goldfish,10.05,44.13,0.7801,57.1,29.2
851,goldfish,10.05,47.67,0.7887,55.6,29.2
852,goldfish,10.06,45.57,0.7436,54.4,29.2
853,goldfish,10.06,42.40,0.7074,54.0,29.2
854,goldfish,10.06,44.13,0.7081,55.2,29.2
855,goldfish,10.06,45.12,0.6425,55.8,29.2
856,goldfish,10.07,38.13,0.6159,51.8,29.2
857,goldfish,10.07,48.14,0.7508,51.1,29.2
858,goldfish,10.07,41.04,0.8070,53.3,29.2
859,goldfish,10.07,47.38,0.8306,51.3,29.2
860,goldfish,10.07,48.43,0.7343,55.6,29.2
861,goldfish,10.08,48.23,0.6487,58.9,29.2
862,goldfish,10.08,42.16,0.6124,53.5,29.2
863,goldfish,10.08,48.01,0.6333,53.8,29.2
864,goldfish,10.08,49.33,0.6623,54.3,29.2
865,goldfish,10.08,48.24,0.8123,58.1,29.2
866,goldfish,10.09,39.82,0.7322,55.3,29.2
867,goldfish,10.09,41.54,0.7050,52.6,29.2
868,goldfish,10.09,49.40,0.7468,56.6,29.2
869,goldfish,10.10,43.56,0.6264,56.7,29.2
870,goldfish,10.09,91.41,0.6750,54.8,29.2
871,goldfish,10.09,44.61,0.7931,51.4,29.2
872,goldfish,10.10,42.21,0.7881,55.1,29.2
873,goldfish,10.10,43.81,0.7878,53.1,29.2
874,goldfish,10.10,48.94,0.8298,55.8,29.2
875,goldfish,10.10,44.66,0.7989,55.6,29.2
876,goldfish,10.10,43.40,0.8087,54.3,29.2
877,goldfish,10.11,49.24,0.8434,52.4,29.2
878,goldfish,10.10,44.22,0.7812,51.4,29.2
879,goldfish,10.11,42.20,0.8284,54.5,29.2
880,goldfish,10.11,50.31,0.6895,52.4,29.2
881,goldfish,10.11,47.91,0.4762,57.7,29.2
882,screen,10.11,48.41,0.1580,52.1,29.2
883,screen,10.11,49.22,0.1904,57.0,29.2
884,window screen,10.12,44.32,0.1578,55.1,29.2
885,laptop,10.12,45.60,0.1293,55.5,29.2
886,screen,10.12,47.66,0.1970,60.5,29.3
887,screen,10.12,48.36,0.1408,51.7,29.3
888,wallaby,10.13,47.94,0.5023,57.1,29.2
889,wallaby,10.13,51.19,0.6885,52.7,29.2
890,wallaby,10.13,41.39,0.3371,57.2,29.2
891,wood rabbit,10.12,42.51,0.2192,50.3,29.2
892,wallaby,10.13,43.91,0.3289,54.4,29.2
893,wallaby,10.13,45.78,0.3052,54.9,29.2
894,wallaby,10.13,43.49,0.3459,52.0,29.2
895,wallaby,10.12,44.81,0.3294,52.1,29.2
896,wallaby,10.13,45.53,0.3631,55.8,29.2
897,wallaby,10.13,50.26,0.3925,54.4,29.2
898,wallaby,10.13,40.78,0.4741,57.7,29.2
899,wallaby,10.14,44.83,0.5070,51.6,29.2
900,wallaby,10.13,40.54,0.4933,50.6,29.2
901,wallaby,10.14,41.57,0.4605,53.8,29.2
902,wallaby,10.14,47.52,0.4071,57.9,29.2
903,wallaby,10.14,46.25,0.4134,50.7,29.2
904,wallaby,10.14,46.10,0.3658,57.6,29.2
905,wallaby,10.14,48.92,0.3398,55.7,29.3
906,wallaby,10.15,46.47,0.4195,56.7,29.3
907,wallaby,10.15,43.13,0.4547,57.8,29.3
908,wallaby,10.15,43.79,0.4886,52.6,29.3
909,wallaby,10.15,48.89,0.3545,54.7,29.3
910,wallaby,10.15,43.18,0.2972,58.1,29.3
911,wallaby,10.15,46.06,0.2860,54.1,29.3
912,wallaby,10.16,41.27,0.2228,51.7,29.3
913,wallaby,10.16,45.47,0.4222,53.9,29.3
914,wallaby,10.16,45.33,0.2890,56.6,29.3
915,wallaby,10.16,43.27,0.3658,52.7,29.3
916,wallaby,10.16,43.41,0.3007,54.9,29.3
917,wallaby,10.16,44.80,0.3268,55.5,29.3
918,jigsaw puzzle,10.16,46.51,0.4152,51.2,29.3
919,tray,10.16,79.85,0.1421,54.8,29.3
920,laptop,10.16,42.27,0.1310,52.2,29.3
921,binder,10.17,49.23,0.0835,54.8,29.3
922,sunglass,10.17,45.51,0.1992,55.2,29.3
923,sunglass,10.17,46.46,0.3556,52.8,29.3
924,sunglass,10.17,44.48,0.1405,52.6,29.3
925,sunglass,10.17,46.39,0.1709,56.5,29.3
926,sunglasses,10.18,44.00,0.2204,50.9,29.3
927,sunglasses,10.18,48.37,0.1496,55.4,29.3
928,binder,10.18,45.21,0.0981,60.8,29.2
929,binder,10.18,46.73,0.0946,53.4,29.3
930,sunglasses,10.19,38.31,0.2015,57.5,29.2
931,binder,10.19,41.22,0.1062,53.8,29.2
932,laptop,10.19,46.09,0.1380,50.9,29.2
933,laptop,10.20,44.17,0.1422,56.5,29.2
934,laptop,10.20,49.86,0.1465,50.4,29.2
935,laptop,10.20,52.11,0.1890,59.6,29.2
936,laptop,10.20,53.36,0.1737,55.9,29.2
937,laptop,10.20,48.88,0.2281,55.8,29.2
938,laptop,10.21,44.50,0.2056,54.8,29.2
939,laptop,10.21,40.33,0.2054,52.0,29.3
940,laptop,10.21,42.81,0.2460,54.5,29.2
941,laptop,10.22,42.13,0.2587,57.1,29.3
942,laptop,10.22,44.39,0.2773,54.3,29.3
943,laptop,10.22,42.80,0.2426,52.6,29.3
944,laptop,10.22,41.31,0.2034,57.5,29.3
945,laptop,10.23,41.27,0.2181,54.6,29.3
946,laptop,10.23,45.76,0.2362,53.2,29.3
947,laptop,10.23,41.46,0.2682,52.2,29.3
948,laptop,10.23,41.33,0.2545,59.2,29.3
949,laptop,10.24,44.11,0.2547,53.5,29.3
950,laptop,10.24,45.06,0.2491,55.7,29.3
951,laptop,10.24,45.16,0.2479,53.6,29.3
952,laptop,10.24,43.94,0.2545,53.6,29.3
953,laptop,10.25,41.25,0.2524,55.2,29.3
954,laptop,10.25,47.46,0.2401,54.9,29.3
955,laptop,10.25,38.04,0.2496,52.1,29.3
956,laptop,10.26,47.63,0.2303,56.8,29.3
957,laptop,10.26,45.94,0.2160,52.7,29.3
958,laptop,10.26,42.64,0.2477,54.1,29.3
959,laptop,10.26,44.01,0.2195,51.3,29.3
960,laptop,10.27,44.13,0.2424,56.5,29.3
961,laptop,10.27,44.11,0.2270,54.1,29.3
962,laptop,10.27,42.64,0.1800,59.0,29.3
963,sunglasses,10.27,44.73,0.1147,62.2,29.3
964,laptop,10.28,41.48,0.1544,53.4,29.3
965,sunglasses,10.28,46.67,0.1332,56.8,29.3
966,laptop,10.28,44.28,0.1490,52.5,29.3
967,laptop,10.28,43.94,0.1235,54.8,29.3
968,laptop,10.29,46.40,0.1278,52.2,29.3
969,binder,10.28,90.78,0.1267,58.1,29.3
970,laptop,10.29,45.30,0.1636,50.5,29.3
971,laptop,10.29,44.39,0.1608,54.1,29.3
972,laptop,10.29,49.82,0.1688,52.0,29.3
973,laptop,10.29,42.82,0.1614,52.9,29.3
974,laptop,10.29,50.90,0.1314,52.7,29.3
975,sunglasses,10.30,46.83,0.1214,55.2,29.3
976,sunglasses,10.30,46.91,0.1525,53.4,29.3
977,binder,10.30,49.33,0.1473,52.8,29.3
978,binder,10.30,41.42,0.1034,51.4,29.3
979,sunglasses,10.30,50.27,0.1128,55.1,29.3
980,binder,10.31,43.53,0.2039,51.3,29.3
981,laptop,10.31,43.08,0.1244,54.6,29.3
982,binder,10.31,44.29,0.1578,58.6,29.3
983,binder,10.31,42.31,0.1488,58.8,29.3
984,sunglasses,10.31,49.13,0.1860,53.8,29.3
985,binder,10.32,49.19,0.1995,55.8,29.3
986,binder,10.32,43.73,0.2043,55.6,29.3
987,binder,10.32,47.98,0.1490,50.9,29.3
988,binder,10.32,43.77,0.1803,53.6,29.3
989,binder,10.32,51.82,0.1597,60.4,29.3
990,binder,10.32,48.62,0.1819,56.2,29.3
991,binder,10.33,45.47,0.1462,55.6,29.3
992,binder,10.33,49.69,0.1221,54.1,29.3
993,sunglass,10.33,47.33,0.1715,59.7,29.3
994,sunglass,10.33,49.85,0.1375,53.5,29.2
995,sunglass,10.33,45.17,0.1540,53.3,29.3
996,sunglass,10.34,48.97,0.0848,56.3,29.3
997,sunglass,10.34,53.63,0.2389,56.6,29.2
998,sunglass,10.34,44.24,0.0795,58.3,29.2
999,binder,10.34,44.92,0.2407,53.1,29.3
1000,binder,10.34,43.36,0.2821,58.8,29.3
1001,binder,10.34,42.04,0.2746,55.5,29.2
1002,binder,10.35,40.13,0.1922,55.7,29.2
1003,binder,10.35,47.95,0.2112,56.1,29.3
1004,binder,10.35,40.57,0.1927,53.2,29.2
1005,binder,10.35,44.46,0.2034,52.3,29.2
1006,binder,10.36,44.79,0.1837,52.5,29.2
1007,binder,10.36,41.35,0.1568,55.7,29.2
1008,binder,10.36,46.04,0.1285,59.2,29.2
1009,binder,10.36,39.95,0.1867,54.5,29.2
1010,binder,10.37,47.91,0.2063,54.3,29.2
1011,laptop,10.37,51.47,0.2430,53.8,29.2
1012,laptop,10.37,46.42,0.2863,52.2,29.2
1013,laptop,10.37,48.88,0.2819,58.4,29.2
1014,laptop,10.37,41.26,0.2267,54.1,29.2
1015,laptop,10.37,53.80,0.2292,60.4,29.3
1016,laptop,10.37,41.98,0.2452,58.1,29.2
1017,desk,10.38,44.48,0.0600,54.3,29.2
1018,sunglass,10.38,44.63,0.1329,57.5,29.2
1019,sunglass,10.38,45.41,0.0511,53.6,29.2
1020,sunglass,10.38,51.38,0.0594,53.5,29.2
1021,sunglass,10.38,47.69,0.0842,56.7,29.2
1022,sunglass,10.38,51.88,0.2781,52.7,29.2
1023,sunglass,10.39,50.13,0.0377,53.1,29.2
1024,sunglass,10.39,46.17,0.1226,55.6,29.2
1025,sunglass,10.39,47.86,0.0486,55.2,29.2
1026,sunglass,10.39,53.11,0.0885,54.5,29.2
1027,sunglass,10.39,40.68,0.0612,54.0,29.2
1028,sunglass,10.39,49.04,0.0632,53.1,29.2
1029,sunglass,10.40,43.91,0.0419,54.8,29.2
1030,studio couch,10.40,45.16,0.0229,55.1,29.2
1031,sunglass,10.40,44.94,0.1155,55.7,29.2
1032,sunglass,10.40,46.66,0.0958,53.5,29.2
1033,sunglass,10.40,40.04,0.0947,52.7,29.2
1034,sunglass,10.40,50.97,0.0790,54.1,29.2
1035,sunglass,10.41,40.67,0.0910,52.2,29.2
1036,sunglass,10.41,50.32,0.0943,53.5,29.2
1037,sunglass,10.41,43.34,0.0551,55.4,29.2
1038,cradle,10.41,48.28,0.0211,54.2,29.2
1039,sunglass,10.41,45.83,0.0825,54.4,29.2
1040,carton,10.42,45.64,0.0456,53.9,29.2
1041,sunglass,10.42,48.83,0.1015,62.8,29.3
1042,carton,10.42,41.81,0.0488,53.5,29.3
1043,sunglass,10.42,43.84,0.0516,55.7,29.3
1044,sunglasses,10.42,40.56,0.0718,55.3,29.3
1045,sunglass,10.43,48.09,0.0564,54.3,29.3
1046,sunglass,10.43,40.02,0.0519,57.0,29.3
1047,desk,10.43,42.56,0.0499,54.8,29.3
1048,desk,10.43,42.12,0.0496,56.8,29.3
1049,carton,10.44,51.81,0.0508,55.7,29.3
1050,desk,10.44,47.76,0.0499,53.9,29.3
1051,desk,10.44,55.48,0.0444,52.3,29.3
1052,sunglass,10.44,49.00,0.0706,54.0,29.3
1053,sunglass,10.44,49.17,0.0797,52.0,29.3
1054,sunglass,10.44,49.50,0.0496,56.8,29.3
1055,sunglass,10.44,86.33,0.0625,52.2,29.3
1056,sunglass,10.44,46.12,0.0574,52.8,29.3
1057,monitor,10.44,51.75,0.0597,55.6,29.3
1058,sunglass,10.44,44.80,0.1437,54.5,29.3
1059,sunglass,10.45,49.52,0.0583,55.9,29.3
1060,iron,10.45,42.54,0.0713,52.2,29.3
1061,mouse,10.45,41.74,0.0561,57.6,29.3
1062,envelope,10.45,48.46,0.0690,56.1,29.3
1063,envelope,10.45,45.99,0.0726,53.5,29.3
1064,iPod,10.46,50.76,0.0555,55.9,29.3
1065,pencil sharpener,10.46,43.61,0.6276,54.3,29.3
1066,pencil sharpener,10.46,51.53,0.2001,55.1,29.3
1067,pencil sharpener,10.46,47.75,0.0496,61.1,29.3
1068,backpack,10.46,48.52,0.0689,53.2,29.3
1069,soap dispenser,10.46,51.14,0.1369,52.7,29.3
1070,iPod,10.46,48.28,0.0567,54.3,29.3
1071,pencil sharpener,10.47,45.52,0.0582,55.0,29.3
1072,pencil sharpener,10.47,50.78,0.0693,57.1,29.3
1073,pencil sharpener,10.47,47.43,0.2301,54.2,29.3
1074,pencil sharpener,10.47,47.81,0.3012,53.9,29.3
1075,sunglass,10.47,54.37,0.0562,56.0,29.3
1076,sunglass,10.47,43.83,0.2237,56.5,29.3
1077,sunglass,10.47,47.31,0.0942,55.9,29.3
1078,sunglass,10.48,45.47,0.0801,53.2,29.3
1079,sunglass,10.48,48.52,0.0699,53.2,29.3
1080,pencil sharpener,10.48,48.76,0.2149,49.6,29.3
1081,cleaver,10.48,48.87,0.1464,58.3,29.3
1082,lighter,10.48,46.41,0.1365,54.3,29.3
1083,lighter,10.48,52.64,0.0764,55.4,29.3
1084,pencil sharpener,10.48,44.65,0.1155,54.8,29.3
1085,pencil sharpener,10.48,52.16,0.2606,58.1,29.3
1086,pencil sharpener,10.49,47.34,0.4174,52.0,29.3
1087,pencil sharpener,10.49,44.84,0.3776,55.9,29.3
1088,pencil sharpener,10.49,50.77,0.0794,53.9,29.3
1089,iPod,10.49,51.09,0.0508,53.8,29.3
1090,iPod,10.49,42.32,0.1582,54.8,29.3
1091,iPod,10.49,46.08,0.1006,56.7,29.3
1092,iPod,10.49,49.91,0.1259,62.6,29.3
1093,iPod,10.50,48.10,0.1310,54.5,29.3
1094,iPod,10.50,42.54,0.0640,55.1,29.3
1095,iPod,10.50,48.94,0.0808,54.7,29.3
1096,laptop,10.50,81.87,0.0877,55.3,29.3
1097,laptop,10.50,43.65,0.1032,56.4,29.3
1098,iPod,10.50,46.74,0.0627,55.1,29.3
1099,laptop,10.50,47.85,0.0719,55.3,29.3
1100,laptop,10.50,46.59,0.1253,54.9,29.3
1101,laptop,10.50,52.19,0.0999,56.9,29.3
1102,laptop,10.50,44.17,0.1012,54.5,29.3
1103,laptop,10.51,45.07,0.0969,52.5,29.3
1104,laptop,10.51,44.00,0.0699,54.5,29.3
1105,scale,10.51,42.70,0.0397,55.3,29.3
1106,ashcan,10.51,45.32,0.0426,57.4,29.3
1107,ashcan,10.51,39.71,0.0475,51.4,29.2
1108,ashcan,10.51,47.67,0.0535,53.1,29.2
1109,pencil sharpener,10.52,47.12,0.2483,57.5,29.2
1110,lighter,10.52,44.44,0.1441,52.7,29.2
1111,pencil sharpener,10.52,43.54,0.0310,55.2,29.3
1112,iron,10.52,52.74,0.1146,51.9,29.2
1113,switch,10.52,49.07,0.0312,57.2,29.2
1114,screwdriver,10.52,42.97,0.0198,54.0,29.2
1115,pencil sharpener,10.53,48.64,0.0640,56.1,29.2
1116,pencil sharpener,10.53,42.21,0.0833,55.9,29.3
1117,mouse,10.53,48.27,0.0713,56.6,29.3
1118,mouse,10.53,49.85,0.0729,59.3,29.3
1119,cleaver,10.53,48.18,0.0511,54.3,29.3
1120,envelope,10.53,49.84,0.0663,56.2,29.3
1121,binder,10.53,50.22,0.0552,51.6,29.3
1122,binder,10.53,58.07,0.0834,53.5,29.3
1123,binder,10.53,46.61,0.0537,53.5,29.3
1124,binder,10.54,46.82,0.0744,55.7,29.3
1125,binder,10.54,45.46,0.0779,55.3,29.3
1126,binder,10.54,44.32,0.0673,51.3,29.3
1127,binder,10.54,45.39,0.0679,54.0,29.3
1128,binder,10.54,44.49,0.0610,54.0,29.3
1129,binder,10.55,48.44,0.0754,53.1,29.3
1130,corkscrew,10.55,42.99,0.0721,55.2,29.3
1131,corkscrew,10.55,43.45,0.0666,57.4,29.3
1132,sunglass,10.55,47.36,0.0919,52.0,29.3
1133,sunglass,10.55,74.52,0.4156,51.9,29.3
1134,sunglasses,10.55,43.22,0.2806,57.9,29.3
1135,sunglasses,10.55,49.94,0.3060,54.4,29.3
1136,sunglasses,10.55,49.34,0.2304,53.5,29.3
1137,sunglasses,10.55,46.16,0.2588,54.3,29.3
1138,sunglasses,10.56,51.19,0.3080,56.6,29.3
1139,sunglasses,10.56,43.83,0.1989,55.0,29.3
1140,laptop,10.56,49.32,0.1060,52.8,29.3
1141,sunglasses,10.56,42.49,0.1518,51.3,29.3
1142,laptop,10.56,41.71,0.1451,56.9,29.3
1143,laptop,10.56,52.35,0.2144,59.1,29.3
1144,laptop,10.56,46.94,0.2695,54.2,29.3
1145,laptop,10.57,44.04,0.2883,54.4,29.3
1146,laptop,10.57,42.04,0.2481,57.3,29.3
1147,laptop,10.57,53.53,0.2776,57.6,29.3
1148,laptop,10.57,45.37,0.2253,54.9,29.3
1149,laptop,10.57,50.35,0.2870,52.1,29.3
1150,laptop,10.57,44.63,0.2154,54.8,29.3
1151,laptop,10.58,47.10,0.2188,53.2,29.3
1152,laptop,10.58,47.31,0.2075,53.4,29.3
1153,laptop,10.58,45.93,0.2249,51.7,29.3
1154,laptop,10.58,51.62,0.1991,56.4,29.3
1155,laptop,10.58,52.31,0.2145,56.3,29.3
1156,laptop,10.58,49.25,0.1947,54.6,29.3
1157,laptop,10.58,51.47,0.1996,55.7,29.3
1158,laptop,10.58,48.31,0.1361,52.7,29.3
1159,laptop,10.58,53.39,0.1409,55.4,29.3
1160,laptop,10.58,102.25,0.1128,53.9,29.3
1161,laptop,10.58,63.75,0.1230,52.9,29.3
1162,laptop,10.58,55.38,0.1056,51.8,29.3
1163,laptop,10.58,53.83,0.1389,56.3,29.3
1164,laptop,10.58,52.06,0.1206,52.1,29.3
1165,laptop,10.58,48.13,0.1177,53.4,29.3
1166,laptop,10.58,48.55,0.1314,56.4,29.3
1167,laptop,10.58,58.13,0.1286,62.0,29.3
1168,laptop,10.58,51.40,0.1734,52.7,29.3
1169,rubber eraser,10.58,47.39,0.1287,56.7,29.3
1170,dough,10.58,52.68,0.0481,55.9,29.3
1171,saltshaker,10.59,50.48,0.0387,54.0,29.3
1172,radiator,10.59,49.82,0.0631,53.2,29.3
1173,sandbar,10.59,48.51,0.0649,57.9,29.3
1174,envelope,10.59,44.59,0.0204,52.8,29.3
1175,envelope,10.59,52.68,0.0296,56.2,29.3
1176,envelope,10.59,46.07,0.0270,55.0,29.3
1177,envelope,10.59,44.69,0.0450,52.2,29.3
1178,envelope,10.59,46.49,0.0289,54.9,29.3
1179,envelope,10.59,44.24,0.0348,50.6,29.3
1180,envelope,10.59,40.89,0.0260,52.4,29.3
1181,brass,10.59,47.71,0.0279,50.9,29.3
1182,cleaver,10.59,48.72,0.0273,53.4,29.3
1183,cleaver,10.58,40.81,0.0283,54.2,29.3
1184,brass,10.58,40.55,0.0320,52.6,29.2
1185,screwdriver,10.58,47.47,0.0239,52.0,29.3
1186,screwdriver,10.58,41.19,0.0274,51.5,29.3
1187,screwdriver,10.58,56.16,0.0256,51.1,29.2
1188,brass,10.58,47.82,0.0262,54.4,29.3
1189,brass,10.58,51.00,0.0286,58.7,29.3
1190,screwdriver,10.58,44.44,0.0265,53.1,29.3
1191,screwdriver,10.58,44.74,0.0333,53.4,29.3
1192,brass,10.58,42.52,0.0285,55.6,29.3
1193,syringe,10.58,43.81,0.0275,54.2,29.3
1194,window screen,10.57,41.23,0.0383,52.6,29.3
1195,radiator,10.57,42.85,0.0584,52.4,29.3
1196,screwdriver,10.57,45.55,0.0819,52.1,29.3
1197,pencil sharpener,10.57,47.52,0.1374,54.3,29.3
1198,rubber eraser,10.58,42.76,0.1236,55.6,29.3
1199,dumbbell,10.58,51.40,0.1685,51.7,29.3
1200,mouse,10.58,44.83,0.2226,57.3,29.3
1201,mouse,10.58,45.82,0.3355,54.3,29.3
1202,mouse,10.58,49.07,0.1922,51.5,29.3
1203,dumbbell,10.58,52.19,0.1243,56.3,29.3
1204,mouse,10.58,51.24,0.3822,53.1,29.3
1205,mouse,10.58,50.38,0.4581,54.9,29.3
1206,mouse,10.58,51.36,0.4691,55.9,29.3
1207,mouse,10.58,47.83,0.5616,54.5,29.3
1208,mouse,10.58,54.70,0.4869,56.2,29.3
1209,mouse,10.58,50.29,0.4456,53.4,29.3
1210,mouse,10.58,48.81,0.5811,54.3,29.3
1211,mouse,10.58,63.55,0.5971,60.4,29.3
1212,mouse,10.59,44.13,0.6558,55.1,29.3
1213,mouse,10.59,55.49,0.5024,54.2,29.3
1214,mouse,10.58,89.39,0.4780,54.4,29.3
1215,mouse,10.58,55.37,0.6252,53.5,29.3
1216,mouse,10.58,51.60,0.7588,51.2,29.3
1217,mouse,10.59,44.69,0.8185,55.1,29.3
1218,mouse,10.59,49.22,0.7013,55.0,29.3
1219,mouse,10.59,52.71,0.7844,54.6,29.3
1220,mouse,10.59,57.18,0.8714,53.7,29.3
1221,mouse,10.59,51.29,0.8986,54.9,29.3
1222,mouse,10.59,48.07,0.8804,56.4,29.3
1223,mouse,10.59,50.58,0.9220,57.2,29.3
1224,mouse,10.59,43.76,0.8989,56.4,29.3
1225,mouse,10.59,50.90,0.8699,54.3,29.3
1226,mouse,10.59,51.07,0.8624,54.3,29.3
1227,mouse,10.59,44.41,0.8456,53.8,29.3
1228,mouse,10.60,47.03,0.8541,58.9,29.3
1229,mouse,10.60,46.94,0.8387,57.0,29.3
1230,mouse,10.60,49.86,0.7799,55.4,29.3
1231,mouse,10.60,49.04,0.8627,57.4,29.3
1232,mouse,10.60,49.10,0.8165,54.9,29.3
1233,mouse,10.60,45.37,0.8337,55.3,29.3
1234,mouse,10.60,46.73,0.8370,55.5,29.3
1235,mouse,10.60,53.04,0.8153,59.9,29.3
1236,mouse,10.60,42.75,0.8111,55.3,29.3
1237,mouse,10.61,44.85,0.8247,58.7,29.3
1238,mouse,10.61,48.65,0.8116,52.4,29.3
1239,mouse,10.61,51.25,0.8328,57.5,29.3
1240,mouse,10.61,48.49,0.8423,54.1,29.3
1241,mouse,10.61,89.86,0.8385,55.2,29.3
1242,mouse,10.61,45.25,0.8363,54.8,29.3
1243,mouse,10.61,52.81,0.8511,55.2,29.3
1244,mouse,10.61,52.40,0.8464,54.2,29.3
1245,mouse,10.61,49.59,0.8485,53.1,29.3
1246,mouse,10.61,55.02,0.8388,56.9,29.3
1247,mouse,10.61,47.58,0.8232,54.0,29.3
1248,mouse,10.61,50.55,0.8320,53.6,29.3
1249,mouse,10.61,52.08,0.8174,53.4,29.3
1250,mouse,10.61,49.69,0.8245,52.0,29.3
1251,mouse,10.62,46.38,0.8190,53.2,29.3
1252,mouse,10.62,50.24,0.8038,56.0,29.3
1253,mouse,10.62,48.46,0.8134,53.1,29.3
1254,mouse,10.62,53.56,0.8553,55.8,29.3
1255,mouse,10.62,58.54,0.8459,52.3,29.3
1256,mouse,10.62,44.67,0.8421,57.6,29.3
1257,mouse,10.62,51.60,0.8597,53.3,29.3
1258,mouse,10.62,50.84,0.8566,52.7,29.3
1259,mouse,10.62,51.75,0.8493,60.3,29.3
1260,mouse,10.62,46.61,0.8560,59.0,29.3
1261,mouse,10.62,46.48,0.8557,53.1,29.3
1262,mouse,10.62,49.50,0.8490,54.2,29.3
1263,mouse,10.62,49.71,0.8619,55.6,29.3
1264,mouse,10.63,52.55,0.8310,53.2,29.3
1265,mouse,10.63,54.22,0.8357,52.2,29.3
1266,mouse,10.63,43.15,0.8590,57.4,29.3
1267,mouse,10.63,50.54,0.8502,52.8,29.3
1268,mouse,10.63,53.45,0.8328,52.7,29.3
1269,mouse,10.63,44.17,0.8285,57.4,29.3
1270,mouse,10.63,98.47,0.8345,52.6,29.3
1271,mouse,10.63,53.08,0.8396,54.0,29.3
1272,mouse,10.63,54.82,0.8385,52.8,29.3
1273,mouse,10.63,57.02,0.8186,53.9,29.3
1274,mouse,10.63,49.74,0.8463,53.8,29.3
1275,mouse,10.63,50.65,0.8395,55.4,29.3
1276,mouse,10.63,50.77,0.8181,53.2,29.3
1277,mouse,10.63,46.49,0.8293,54.9,29.3
1278,mouse,10.63,48.45,0.8299,54.8,29.3
1279,mouse,10.63,52.47,0.8117,52.3,29.3
1280,mouse,10.64,47.89,0.8222,56.2,29.3
1281,mouse,10.64,45.63,0.8129,54.8,29.3
1282,mouse,10.64,48.51,0.8288,57.4,29.3
1283,mouse,10.64,50.37,0.8696,56.6,29.3
1284,mouse,10.64,50.88,0.8458,56.4,29.3
1285,mouse,10.64,51.85,0.8409,54.1,29.3
1286,mouse,10.64,42.24,0.8474,58.1,29.3
1287,mouse,10.64,43.86,0.8503,55.2,29.3
1288,mouse,10.64,50.95,0.8532,57.7,29.3
1289,mouse,10.64,49.49,0.8385,55.1,29.3
1290,mouse,10.64,45.88,0.8136,55.7,29.3
1291,mouse,10.64,56.21,0.7935,55.0,29.3
1292,mouse,10.65,53.97,0.8949,52.3,29.3
1293,mouse,10.65,51.85,0.8664,51.2,29.3
1294,mouse,10.65,53.07,0.4328,55.7,29.3
1295,mouse,10.65,55.25,0.3514,50.7,29.3
1296,mouse,10.65,52.00,0.4045,54.5,29.3
1297,piggy bank,10.64,98.73,0.1551,55.0,29.3
1298,tub,10.64,51.05,0.0461,55.1,29.3
1299,saltshaker,10.64,54.18,0.0454,53.5,29.3
1300,bathtub,10.64,60.50,0.0557,53.8,29.3
1301,window screen,10.64,52.84,0.0189,54.5,29.3
1302,window screen,10.64,68.52,0.0220,53.8,29.3
1303,cleaver,10.64,50.79,0.0312,53.9,29.3
1304,cleaver,10.64,47.14,0.0302,52.8,29.3
1305,cleaver,10.64,52.34,0.0348,53.9,29.3
1306,screwdriver,10.64,47.71,0.0272,53.6,29.3
1307,cleaver,10.64,43.28,0.0278,50.5,29.3
1308,brass,10.63,54.61,0.0228,55.0,29.3
1309,brass,10.63,47.24,0.0280,54.1,29.3
1310,screwdriver,10.63,49.03,0.0218,51.2,29.3
1311,window screen,10.62,52.11,0.0284,49.6,29.3
1312,nail,10.62,47.09,0.0582,53.8,29.3
1313,mortar,10.62,40.98,0.0406,53.9,29.3
1314,nipple,10.62,47.49,0.0779,50.0,29.2
1315,sunscreen,10.62,51.85,0.0987,54.3,29.2
1316,pill bottle,10.62,50.93,0.1414,54.0,29.2
1317,pill bottle,10.62,45.57,0.1143,54.7,29.3
1318,pill bottle,10.62,52.62,0.0938,55.6,29.3
1319,pill bottle,10.62,47.08,0.0786,53.1,29.3
1320,clog,10.63,44.93,0.0794,53.6,29.3
1321,clog,10.63,55.60,0.3069,55.6,29.3
1322,pill bottle,10.63,50.82,0.0718,55.6,29.3
1323,ping-pong ball,10.63,51.87,0.2401,56.2,29.3
1324,ping-pong ball,10.62,60.17,0.3852,50.9,29.3
1325,ping-pong ball,10.62,44.58,0.5452,58.6,29.3
1326,ping-pong ball,10.62,47.47,0.4430,59.6,29.3
1327,ping-pong ball,10.62,49.94,0.2398,51.7,29.3
1328,ping-pong ball,10.62,43.74,0.2809,54.1,29.3
1329,ping-pong ball,10.62,47.98,0.2480,51.8,29.3
1330,ping-pong ball,10.62,57.29,0.2096,56.0,29.3
1331,ping-pong ball,10.62,42.67,0.2157,52.3,29.2
1332,ping-pong ball,10.62,55.82,0.2004,54.3,29.2
1333,ping-pong ball,10.62,55.70,0.1921,52.5,29.3
1334,ping-pong ball,10.62,52.24,0.1820,55.5,29.2
1335,ping-pong ball,10.62,59.82,0.1806,53.9,29.3
1336,ping-pong ball,10.62,51.56,0.1999,51.5,29.2
1337,ping-pong ball,10.62,51.88,0.1859,53.5,29.2
1338,ping-pong ball,10.62,47.16,0.1866,50.7,29.2
1339,ping-pong ball,10.61,48.24,0.1893,55.8,29.2
1340,ping-pong ball,10.61,47.83,0.1878,52.8,29.2
1341,ping-pong ball,10.61,46.04,0.1633,54.3,29.2
1342,ping-pong ball,10.61,55.18,0.1778,54.0,29.2
1343,ping-pong ball,10.61,48.41,0.1800,54.1,29.2
1344,ping-pong ball,10.61,49.94,0.1895,52.4,29.2
1345,ping-pong ball,10.62,50.78,0.1797,52.3,29.2
1346,ping-pong ball,10.62,51.05,0.1977,58.6,29.2
1347,ping-pong ball,10.62,46.66,0.1896,58.6,29.2
1348,ping-pong ball,10.62,63.66,0.1623,56.1,29.2
1349,ping-pong ball,10.62,55.13,0.1772,51.7,29.2
1350,ping-pong ball,10.62,56.85,0.1585,58.4,29.2
1351,ping-pong ball,10.62,55.26,0.1685,51.7,29.2
1352,ping-pong ball,10.62,46.55,0.1615,52.3,29.2
1353,ping-pong ball,10.62,52.85,0.1707,53.8,29.2
1354,ping-pong ball,10.62,47.88,0.1589,54.8,29.2
1355,ping-pong ball,10.61,92.19,0.1615,54.5,29.2
1356,ping-pong ball,10.61,47.74,0.1617,53.8,29.2
1357,ping-pong ball,10.61,53.83,0.1613,51.7,29.2
1358,ping-pong ball,10.62,47.26,0.1684,56.4,29.2
1359,ping-pong ball,10.62,51.52,0.1596,52.7,29.2
1360,ping-pong ball,10.62,48.68,0.1589,54.1,29.2
1361,ping-pong ball,10.62,47.15,0.1776,55.1,29.2
1362,ping-pong ball,10.61,52.22,0.1991,52.5,29.2
1363,ping-pong ball,10.62,46.59,0.1862,57.1,29.2
1364,ping-pong ball,10.61,48.83,0.2069,53.0,29.2
1365,ping-pong ball,10.62,46.06,0.1774,52.0,29.2
1366,ping-pong ball,10.62,48.48,0.1733,55.4,29.2
1367,ping-pong ball,10.62,51.49,0.1718,52.8,29.2
1368,ping-pong ball,10.62,49.58,0.1790,51.7,29.2
1369,ping-pong ball,10.62,49.27,0.1840,63.6,29.2
1370,ping-pong ball,10.62,51.65,0.1515,55.2,29.2
1371,ping-pong ball,10.62,47.13,0.1455,53.4,29.2
1372,ping-pong ball,10.62,49.89,0.2156,53.8,29.2
1373,ping-pong ball,10.62,53.00,0.5602,54.3,29.2
1374,ping-pong ball,10.62,51.33,0.3312,55.1,29.2
1375,ping-pong ball,10.62,45.63,0.3856,53.0,29.2
1376,beer glass,10.62,47.15,0.1984,53.0,29.2
1377,water bottle,10.62,46.42,0.1834,53.8,29.2
1378,pop bottle,10.62,50.02,0.1599,52.9,29.2
1379,water bottle,10.61,91.39,0.1652,55.6,29.2
1380,water bottle,10.61,54.26,0.2920,52.5,29.2
1381,pop bottle,10.61,52.50,0.2464,54.4,29.2
1382,water bottle,10.61,46.86,0.2204,51.7,29.2
1383,pill bottle,10.61,59.66,0.3278,54.8,29.2
1384,sunscreen,10.61,45.47,0.3634,53.5,29.2
1385,sunscreen,10.61,47.69,0.4599,53.9,29.2
1386,sunscreen,10.62,47.57,0.4020,54.7,29.2
1387,sunscreen,10.62,44.83,0.4730,55.6,29.2
1388,sunscreen,10.61,51.45,0.6379,53.2,29.2
1389,sunscreen,10.62,52.59,0.6665,54.7,29.2
1390,sunscreen,10.62,49.99,0.6747,54.2,29.2
1391,sunscreen,10.62,51.48,0.6836,59.3,29.2
1392,sunscreen,10.62,49.31,0.6941,54.5,29.2
1393,sunscreen,10.62,48.71,0.6841,55.4,29.2
1394,sunscreen,10.62,46.55,0.6950,56.1,29.2
1395,sunscreen,10.62,50.99,0.6930,53.2,29.2
1396,sunscreen,10.62,50.29,0.6928,51.9,29.2
1397,sunscreen,10.62,48.98,0.6875,55.3,29.3
1398,sunscreen,10.62,46.70,0.6542,56.5,29.2
1399,sunscreen,10.62,50.55,0.6576,52.8,29.3
1400,sunscreen,10.62,53.66,0.7050,55.3,29.3
1401,sunscreen,10.62,50.19,0.7645,52.0,29.3
1402,sunscreen,10.62,46.39,0.7200,57.7,29.3
1403,sunscreen,10.62,48.11,0.6211,53.3,29.3
1404,sunscreen,10.63,46.87,0.6839,56.1,29.3
1405,sunscreen,10.63,46.21,0.7443,52.3,29.3
1406,sunscreen,10.63,48.71,0.6980,56.2,29.3
1407,sunscreen,10.63,53.24,0.6950,58.2,29.3
1408,sunscreen,10.63,51.39,0.6344,54.5,29.3
1409,sunscreen,10.62,94.63,0.5975,53.7,29.3
1410,sunscreen,10.62,48.24,0.5511,55.1,29.3
1411,sunscreen,10.63,51.43,0.4566,52.3,29.3
1412,sunscreen,10.63,50.47,0.4940,56.2,29.3
1413,sunscreen,10.63,49.55,0.4505,52.3,29.3
1414,sunscreen,10.63,58.54,0.4165,63.0,29.3
1415,sunscreen,10.63,49.48,0.6043,56.3,29.3
1416,sunscreen,10.63,49.64,0.6018,56.2,29.3
1417,sunscreen,10.63,57.69,0.5549,54.2,29.3
1418,sunscreen,10.63,55.20,0.5412,51.7,29.3
1419,sunscreen,10.63,51.04,0.6380,56.0,29.3
1420,sunscreen,10.63,49.58,0.5828,56.7,29.3
1421,sunscreen,10.63,53.48,0.6064,54.2,29.3
1422,sunscreen,10.63,57.46,0.5929,54.6,29.3
1423,sunscreen,10.63,53.95,0.6684,55.0,29.3
1424,sunscreen,10.63,50.97,0.5676,54.5,29.3
1425,sunscreen,10.63,54.96,0.6125,55.0,29.3
1426,sunscreen,10.63,53.80,0.5294,55.8,29.3
1427,sunscreen,10.63,55.37,0.5148,55.3,29.3
1428,sunscreen,10.63,45.25,0.6342,54.8,29.3
1429,sunscreen,10.63,57.04,0.6551,52.6,29.3
1430,sunscreen,10.63,47.54,0.6502,56.1,29.3
1431,sunscreen,10.63,88.85,0.6558,54.9,29.3
1432,sunscreen,10.63,49.24,0.6711,54.6,29.3
1433,sunscreen,10.63,49.07,0.6741,53.1,29.3
1434,sunscreen,10.63,48.91,0.6723,54.3,29.3
1435,sunscreen,10.63,47.59,0.6797,52.7,29.3
1436,sunscreen,10.63,50.67,0.6641,53.5,29.3
1437,sunscreen,10.63,52.63,0.6554,60.4,29.3
1438,sunscreen,10.63,48.57,0.5025,57.9,29.2
1439,sunscreen,10.63,47.21,0.5141,53.5,29.2
1440,sunscreen,10.63,49.03,0.4252,55.5,29.2
1441,sunscreen,10.64,49.83,0.3737,55.6,29.3
1442,sunscreen,10.64,47.28,0.3581,53.4,29.2
1443,sunscreen,10.64,55.26,0.3695,57.2,29.2
1444,sunscreen,10.64,48.61,0.4283,53.1,29.3
1445,ping-pong ball,10.64,48.05,0.6309,54.5,29.3
1446,ping-pong ball,10.64,56.55,0.4386,55.0,29.3
1447,ping-pong ball,10.64,66.33,0.4513,56.7,29.2
1448,ping-pong ball,10.64,49.82,0.5094,56.6,29.3
1449,ping-pong ball,10.64,50.23,0.3750,56.0,29.3
1450,ping-pong ball,10.64,46.99,0.4479,55.7,29.3
1451,ping-pong ball,10.64,47.18,0.4288,56.5,29.2
1452,ping-pong ball,10.64,47.83,0.4158,56.0,29.2
1453,ping-pong ball,10.64,47.45,0.5404,56.7,29.3
1454,ping-pong ball,10.64,52.47,0.4884,57.5,29.2
1455,ping-pong ball,10.64,47.68,0.5025,55.1,29.3
1456,ping-pong ball,10.64,53.74,0.5526,56.4,29.3
1457,ping-pong ball,10.64,96.63,0.5334,56.7,29.3
1458,ping-pong ball,10.64,49.95,0.5689,51.9,29.3
1459,ping-pong ball,10.64,49.70,0.5465,54.2,29.2
1460,ping-pong ball,10.64,51.87,0.5379,64.5,29.2
1461,ping-pong ball,10.64,50.01,0.5758,56.9,29.2
1462,ping-pong ball,10.64,57.40,0.5299,57.3,29.2
1463,ping-pong ball,10.64,53.30,0.5420,53.5,29.2
1464,ping-pong ball,10.64,51.29,0.5540,55.7,29.2
1465,ping-pong ball,10.64,56.22,0.5330,56.8,29.2
1466,ping-pong ball,10.64,62.47,0.4128,54.7,29.2
1467,ping-pong ball,10.64,47.97,0.4842,53.6,29.2
1468,ping-pong ball,10.64,58.92,0.4169,53.8,29.2
1469,ping-pong ball,10.64,53.42,0.4157,54.7,29.2
1470,ping-pong ball,10.64,52.27,0.5022,55.3,29.2
1471,ping-pong ball,10.64,54.89,0.4287,59.9,29.2
1472,ping-pong ball,10.64,46.72,0.3885,53.1,29.2
1473,ping-pong ball,10.64,45.58,0.8082,58.5,29.2
1474,ping-pong ball,10.64,50.49,0.4668,53.7,29.3
1475,soap dispenser,10.64,50.19,0.1580,55.6,29.2
1476,thimble,10.64,54.09,0.1863,51.3,29.2
1477,pill bottle,10.64,50.15,0.1156,55.9,29.2
1478,water bottle,10.65,49.70,0.2125,54.2,29.2
1479,pill bottle,10.64,53.37,0.1784,56.9,29.3
1480,pill bottle,10.64,47.99,0.1815,55.4,29.2
1481,water bottle,10.64,54.12,0.2283,54.1,29.2
1482,pill bottle,10.65,47.26,0.3172,55.9,29.2
1483,pill bottle,10.64,58.05,0.3233,58.8,29.3
1484,pill bottle,10.64,52.25,0.2971,58.9,29.3
1485,pill bottle,10.65,49.95,0.2242,52.6,29.3
1486,water bottle,10.65,50.61,0.2271,57.1,29.3
1487,water bottle,10.65,48.77,0.2345,56.8,29.3
1488,water bottle,10.65,58.26,0.2233,52.1,29.3
1489,pill bottle,10.65,53.12,0.2308,56.1,29.3
1490,pill bottle,10.65,45.48,0.2449,53.5,29.3
1491,pill bottle,10.65,47.27,0.2320,55.7,29.3
1492,water bottle,10.65,48.21,0.2323,54.7,29.3
1493,water bottle,10.65,47.73,0.2323,53.7,29.2
1494,pill bottle,10.65,49.48,0.2375,55.7,29.2
1495,pill bottle,10.65,46.68,0.2293,54.0,29.2
1496,pill bottle,10.65,54.80,0.2382,56.7,29.3
1497,water bottle,10.65,53.80,0.2430,54.7,29.3
1498,pill bottle,10.65,55.71,0.2507,52.1,29.3
1499,pill bottle,10.65,53.47,0.2454,55.1,29.3
1500,pill bottle,10.65,47.77,0.2339,54.5,29.3
1501,pill bottle,10.65,102.70,0.2321,55.9,29.3
1502,pill bottle,10.65,51.50,0.2409,52.2,29.3
1503,pill bottle,10.65,55.19,0.2355,55.7,29.3
1504,pill bottle,10.65,57.22,0.2408,57.0,29.3
1505,pill bottle,10.65,51.10,0.2306,56.7,29.3
1506,pill bottle,10.65,51.64,0.2309,58.8,29.3
1507,pill bottle,10.65,54.01,0.2401,56.6,29.3
1508,pill bottle,10.65,56.67,0.2388,55.3,29.3
1509,water bottle,10.65,47.93,0.2370,55.2,29.3
1510,water bottle,10.65,55.60,0.2416,56.8,29.3
1511,water bottle,10.65,52.93,0.2452,56.2,29.3
1512,water bottle,10.65,51.31,0.2432,54.9,29.3
1513,water bottle,10.65,57.78,0.2390,56.8,29.3
1514,pill bottle,10.65,50.48,0.2361,54.2,29.3
1515,pill bottle,10.65,51.34,0.2457,54.3,29.3
1516,water bottle,10.65,46.46,0.2349,54.2,29.3
1517,pill bottle,10.65,52.40,0.2386,55.5,29.3
1518,pill bottle,10.65,49.00,0.2343,58.5,29.3
1519,pill bottle,10.65,51.85,0.2393,54.9,29.3
1520,pill bottle,10.65,52.69,0.2301,53.6,29.3
1521,water bottle,10.66,48.57,0.2374,54.7,29.3
1522,water bottle,10.66,47.14,0.2485,54.4,29.3
1523,water bottle,10.65,98.83,0.2492,54.5,29.3
1524,water bottle,10.65,51.95,0.2421,55.2,29.3
1525,water bottle,10.65,51.94,0.2517,55.3,29.3
1526,water bottle,10.65,56.32,0.2604,57.1,29.3
1527,water bottle,10.65,46.37,0.2497,56.5,29.3
1528,water bottle,10.65,56.82,0.2439,56.2,29.3
1529,water bottle,10.65,54.36,0.2370,59.3,29.3
1530,water bottle,10.65,46.81,0.2434,58.1,29.3
1531,water bottle,10.66,55.29,0.2441,56.0,29.3
1532,water bottle,10.66,49.22,0.2446,58.6,29.3
1533,water bottle,10.66,46.83,0.2388,52.7,29.3
1534,water bottle,10.66,55.62,0.2446,57.0,29.3
1535,pill bottle,10.66,50.27,0.2393,54.1,29.3
1536,water bottle,10.66,49.07,0.2484,56.4,29.3
1537,water bottle,10.66,51.68,0.2473,54.7,29.3
1538,pill bottle,10.66,55.04,0.2389,55.0,29.3
1539,water bottle,10.66,50.41,0.2371,56.4,29.3
1540,water bottle,10.66,47.79,0.2522,54.5,29.3
1541,pill bottle,10.66,54.11,0.2452,55.3,29.3
1542,water bottle,10.66,50.48,0.2311,53.9,29.3
1543,water bottle,10.66,55.30,0.2343,54.8,29.3
1544,water bottle,10.66,51.31,0.2431,53.2,29.3
1545,water bottle,10.66,94.73,0.2298,54.3,29.3
1546,pill bottle,10.66,47.74,0.2423,53.2,29.3
1547,water bottle,10.66,50.58,0.2482,55.8,29.3
1548,water bottle,10.66,58.36,0.2489,54.3,29.3
1549,water bottle,10.66,46.70,0.2487,54.6,29.3
1550,pill bottle,10.66,49.29,0.2367,52.4,29.3
1551,water bottle,10.66,59.40,0.2402,57.8,29.3
1552,water bottle,10.66,50.28,0.2333,57.2,29.3
1553,pill bottle,10.66,51.43,0.2378,54.9,29.3
1554,pill bottle,10.66,57.16,0.2400,56.8,29.3
1555,pill bottle,10.66,56.66,0.2520,54.2,29.3
1556,water bottle,10.66,53.61,0.2440,54.9,29.3
1557,water bottle,10.66,52.12,0.2413,52.5,29.3
1558,water bottle,10.66,55.90,0.2381,51.4,29.3
1559,water bottle,10.66,54.64,0.2402,56.9,29.2
1560,water bottle,10.66,56.76,0.2473,56.3,29.3
1561,water bottle,10.66,49.13,0.2527,54.9,29.3
1562,pill bottle,10.66,49.59,0.2272,54.9,29.3
1563,pill bottle,10.66,51.79,0.2017,54.2,29.3
1564,pill bottle,10.66,48.81,0.2519,56.5,29.3
1565,water bottle,10.66,56.02,0.2147,53.8,29.3
1566,water bottle,10.66,101.07,0.1900,54.9,29.3
1567,hair spray,10.66,56.38,0.1555,54.8,29.3
1568,pop bottle,10.66,55.48,0.3119,54.3,29.3
1569,cocktail shaker,10.66,58.45,0.3523,56.3,29.3
1570,ping-pong ball,10.66,53.92,0.5902,52.7,29.3
1571,ping-pong ball,10.66,58.68,0.3502,56.4,29.3
1572,ping-pong ball,10.66,50.73,0.4073,66.9,29.3
1573,ping-pong ball,10.66,58.62,0.5052,56.3,29.3
1574,ping-pong ball,10.66,50.29,0.4207,58.0,29.3
1575,ping-pong ball,10.66,49.91,0.3796,54.2,29.3
1576,ping-pong ball,10.66,49.17,0.4805,54.7,29.3
1577,ping-pong ball,10.66,56.06,0.6089,56.2,29.3
1578,ping-pong ball,10.66,50.51,0.5334,55.1,29.3
1579,ping-pong ball,10.66,50.60,0.5345,58.9,29.3
1580,ping-pong ball,10.66,49.26,0.4836,52.3,29.3
1581,ping-pong ball,10.66,50.05,0.5355,55.5,29.3
1582,ping-pong ball,10.66,50.15,0.6332,54.3,29.3
1583,ping-pong ball,10.66,59.29,0.5303,53.7,29.3
1584,ping-pong ball,10.66,51.18,0.4966,52.3,29.3
1585,ping-pong ball,10.66,49.02,0.4474,56.4,29.3
1586,ping-pong ball,10.66,53.65,0.4918,53.8,29.3
1587,ping-pong ball,10.66,58.92,0.4924,58.4,29.3
1588,ping-pong ball,10.66,46.74,0.4456,55.9,29.3
1589,ping-pong ball,10.66,103.70,0.5225,58.6,29.3
1590,ping-pong ball,10.66,54.91,0.4754,52.9,29.3
1591,ping-pong ball,10.66,55.61,0.4404,52.7,29.3
1592,ping-pong ball,10.66,49.96,0.4680,56.0,29.3
1593,ping-pong ball,10.66,61.03,0.4459,55.2,29.3
1594,ping-pong ball,10.66,50.85,0.4664,54.4,29.3
1595,ping-pong ball,10.66,63.54,0.3943,57.1,29.3
1596,ping-pong ball,10.66,60.04,0.4214,56.3,29.3
1597,ping-pong ball,10.66,59.22,0.3837,56.3,29.3
1598,ping-pong ball,10.66,55.13,0.5233,56.1,29.3
1599,ping-pong ball,10.66,57.09,0.5606,52.4,29.3
1600,ping-pong ball,10.66,49.06,0.5772,55.4,29.3
1601,ping-pong ball,10.66,53.75,0.5154,51.4,29.3
1602,ping-pong ball,10.66,47.64,0.4916,55.5,29.3
1603,ping-pong ball,10.66,50.46,0.4509,57.6,29.3
1604,ping-pong ball,10.66,54.98,0.4486,54.7,29.3
1605,ping-pong ball,10.66,49.00,0.4706,56.1,29.3
1606,ping-pong ball,10.66,49.86,0.4568,54.5,29.3
1607,ping-pong ball,10.66,48.10,0.4554,55.3,29.3
1608,ping-pong ball,10.66,51.25,0.4223,56.1,29.3
1609,ping-pong ball,10.66,103.81,0.4120,56.1,29.3
1610,ping-pong ball,10.66,54.21,0.4637,51.8,29.3
1611,ping-pong ball,10.66,56.06,0.3838,55.9,29.3
1612,ping-pong ball,10.65,48.43,0.4609,53.8,29.3
1613,ping-pong ball,10.65,47.29,0.4150,52.7,29.3
1614,ping-pong ball,10.65,45.30,0.4263,50.5,29.3
1615,ping-pong ball,10.65,44.33,0.4067,52.5,29.3
1616,ping-pong ball,10.65,51.94,0.4093,54.2,29.3
1617,ping-pong ball,10.65,53.18,0.3964,58.8,29.3
1618,ping-pong ball,10.65,49.05,0.3812,55.5,29.3
1619,ping-pong ball,10.65,50.45,0.4265,53.4,29.3
1620,ping-pong ball,10.65,54.27,0.4600,53.8,29.3
1621,ping-pong ball,10.65,45.73,0.4492,53.5,29.3
1622,ping-pong ball,10.65,52.63,0.4725,52.8,29.3
1623,ping-pong ball,10.65,53.28,0.3654,53.5,29.3
1624,ping-pong ball,10.65,59.35,0.4142,54.9,29.3
1625,ping-pong ball,10.65,58.69,0.3742,55.1,29.3
1626,ping-pong ball,10.65,47.77,0.4493,55.2,29.3
1627,ping-pong ball,10.65,52.44,0.4592,55.2,29.3
1628,ping-pong ball,10.64,50.64,0.2887,49.5,29.3
1629,ping-pong ball,10.64,45.57,0.3423,53.1,29.3
1630,ping-pong ball,10.64,52.44,0.4325,54.1,29.3
1631,ping-pong ball,10.64,50.50,0.2980,51.0,29.3
1632,ping-pong ball,10.64,60.70,0.3057,52.5,29.3
1633,safety pin,10.64,53.96,0.1699,53.1,29.3
1634,ping-pong ball,10.63,56.09,0.8911,50.8,29.3
1635,paintbrush,10.63,49.17,0.8402,54.0,29.3
1636,paintbrush,10.63,53.70,0.9383,63.0,29.3
1637,paintbrush,10.63,59.81,0.8953,53.4,29.3
1638,paintbrush,10.63,47.94,0.7718,52.1,29.3
1639,paintbrush,10.63,48.68,0.7742,52.0,29.3
1640,paintbrush,10.63,54.21,0.9485,54.5,29.3
1641,paintbrush,10.63,51.54,0.8702,54.3,29.3
1642,paintbrush,10.63,49.18,0.8936,54.5,29.3
1643,paintbrush,10.63,57.93,0.8010,59.9,29.3
1644,paintbrush,10.63,53.95,0.5027,54.9,29.3
1645,paintbrush,10.63,48.71,0.9551,53.6,29.2
1646,paintbrush,10.63,49.13,0.8565,54.6,29.3
1647,paintbrush,10.63,49.38,0.9636,52.3,29.3
1648,paintbrush,10.63,53.32,0.6978,56.5,29.3
1649,paintbrush,10.63,61.39,0.9191,55.1,29.3
1650,paintbrush,10.63,72.94,0.9599,56.6,29.2
1651,paintbrush,10.63,57.24,0.9797,54.7,29.2
1652,paintbrush,10.63,64.41,0.9787,53.4,29.2
1653,paintbrush,10.63,59.76,0.9595,55.5,29.2
1654,paintbrush,10.63,68.47,0.9623,54.0,29.2
1655,paintbrush,10.62,104.97,0.9918,55.7,29.2
1656,paintbrush,10.62,56.36,0.9915,58.6,29.2
1657,paintbrush,10.62,53.97,0.9927,56.8,29.3
1658,paintbrush,10.62,58.09,0.9901,58.5,29.3
1659,paintbrush,10.62,51.83,0.9901,53.8,29.3
1660,paintbrush,10.62,59.34,0.9895,55.3,29.3
1661,paintbrush,10.62,51.85,0.9794,53.2,29.3
1662,paintbrush,10.62,63.83,0.9889,54.4,29.3
1663,paintbrush,10.62,44.81,0.9899,55.3,29.3
1664,paintbrush,10.62,57.60,0.9895,57.2,29.3
1665,paintbrush,10.62,53.97,0.9879,54.9,29.3
1666,paintbrush,10.62,56.53,0.9843,52.9,29.3
1667,paintbrush,10.62,57.38,0.9571,56.0,29.3
1668,paintbrush,10.62,54.07,0.8879,54.5,29.3
1669,paintbrush,10.62,60.38,0.9757,55.6,29.3
1670,paintbrush,10.62,51.10,0.9762,56.6,29.3
1671,paintbrush,10.62,62.11,0.9437,53.4,29.2
1672,paintbrush,10.62,48.27,0.9266,56.6,29.2
1673,spatula,10.62,57.24,0.2280,54.2,29.2
1674,paintbrush,10.62,52.04,0.3261,54.9,29.3
1675,paintbrush,10.62,55.18,0.6129,52.4,29.3
1676,ladle,10.62,112.83,0.0685,53.1,29.3
1677,ping-pong ball,10.62,56.69,0.2211,54.5,29.3
1678,ping-pong ball,10.62,59.04,0.2717,60.4,29.3
1679,stethoscope,10.62,62.00,0.3484,54.1,29.3
1680,ping-pong ball,10.62,49.49,0.0989,52.3,29.2
1681,ping-pong ball,10.62,54.56,0.2942,57.2,29.2
1682,ping-pong ball,10.62,55.31,0.4595,55.3,29.2
1683,ping-pong ball,10.62,53.79,0.4827,53.5,29.2
1684,ping-pong ball,10.62,48.60,0.5617,57.4,29.2
1685,ping-pong ball,10.62,53.00,0.4468,57.5,29.2
1686,ping-pong ball,10.62,52.99,0.4456,53.5,29.2
1687,syringe,10.62,50.82,0.2550,56.9,29.2
1688,ping-pong ball,10.62,57.38,0.1772,54.1,29.2
1689,ping-pong ball,10.62,49.65,0.4001,53.8,29.2
1690,ping-pong ball,10.62,50.02,0.4998,60.0,29.2
1691,paintbrush,10.62,50.08,0.5755,53.8,29.2
1692,ping-pong ball,10.62,54.28,0.6724,53.6,29.2
1693,ping-pong ball,10.62,49.82,0.3984,56.1,29.2
1694,ping-pong ball,10.62,56.43,0.7110,57.8,29.2
1695,ladle,10.62,97.12,0.2935,52.7,29.2
1696,ping-pong ball,10.62,51.49,0.3653,53.1,29.2
1697,ping-pong ball,10.61,55.72,0.6005,53.5,29.2
1698,ping-pong ball,10.61,52.08,0.6397,51.7,29.2
1699,ping-pong ball,10.61,47.94,0.5334,58.5,29.2
1700,ping-pong ball,10.61,51.17,0.5690,53.1,29.2
1701,ping-pong ball,10.61,47.43,0.5456,54.2,29.2
1702,ping-pong ball,10.60,49.30,0.6366,50.6,29.2
1703,ping-pong ball,10.59,47.06,0.5493,50.5,29.2
1704,ping-pong ball,10.59,51.71,0.5875,51.6,29.2
1705,ping-pong ball,10.59,49.50,0.5509,53.2,29.2
1706,ping-pong ball,10.59,50.53,0.5131,51.3,29.2
1707,ping-pong ball,10.59,46.95,0.4432,53.6,29.2
1708,ping-pong ball,10.59,54.25,0.5055,53.9,29.2
1709,ping-pong ball,10.59,50.55,0.5108,53.0,29.2
1710,ping-pong ball,10.59,50.76,0.5267,52.0,29.2
1711,ping-pong ball,10.59,56.73,0.4978,55.1,29.2
1712,ping-pong ball,10.58,58.04,0.4745,52.6,29.2
1713,ping-pong ball,10.58,53.34,0.5146,53.7,29.2
1714,ping-pong ball,10.58,61.81,0.5601,55.7,29.2
1715,ping-pong ball,10.58,58.49,0.4787,53.4,29.2
1716,ping-pong ball,10.58,51.93,0.4516,61.8,29.3
1717,ping-pong ball,10.58,52.28,0.5406,52.0,29.3
1718,ping-pong ball,10.58,54.35,0.5021,53.9,29.2
1719,ping-pong ball,10.57,51.18,0.4469,50.5,29.2
1720,ping-pong ball,10.57,52.11,0.5056,55.4,29.2
1721,ping-pong ball,10.57,50.95,0.4306,53.6,29.2
1722,ping-pong ball,10.57,55.47,0.3940,50.4,29.2
1723,ping-pong ball,10.56,46.78,0.4688,51.7,29.2
1724,ping-pong ball,10.56,55.92,0.5114,53.5,29.3
1725,ping-pong ball,10.56,57.42,0.5250,51.5,29.3
1726,ping-pong ball,10.56,56.60,0.5471,52.6,29.3
1727,ping-pong ball,10.55,55.06,0.4731,53.4,29.2
1728,ping-pong ball,10.55,48.67,0.4612,52.5,29.2
1729,ping-pong ball,10.55,48.69,0.5735,50.8,29.2
1730,ping-pong ball,10.54,50.85,0.5116,53.6,29.2
1731,ping-pong ball,10.54,49.19,0.5831,52.0,29.2
1732,ping-pong ball,10.54,51.55,0.4679,59.9,29.3
1733,ping-pong ball,10.54,51.69,0.5176,56.0,29.3
1734,ping-pong ball,10.54,51.93,0.5569,52.4,29.3
1735,ping-pong ball,10.54,51.12,0.5081,54.0,29.3
1736,ping-pong ball,10.54,47.20,0.5110,54.6,29.2
1737,ping-pong ball,10.54,55.83,0.4671,56.4,29.2
1738,ping-pong ball,10.54,54.47,0.5410,52.1,29.3
1739,ping-pong ball,10.54,52.83,0.4965,53.1,29.2
1740,ping-pong ball,10.53,57.94,0.5021,53.3,29.2
1741,ladle,10.53,53.49,0.3982,53.8,29.3
1742,ping-pong ball,10.53,52.27,0.3235,54.5,29.3
1743,ping-pong ball,10.53,59.89,0.4407,51.1,29.3
1744,ping-pong ball,10.53,60.05,0.2441,52.9,29.3
1745,ping-pong ball,10.52,61.16,0.1027,53.2,29.3
1746,ping-pong ball,10.52,57.59,0.0588,54.1,29.3
1747,ping-pong ball,10.52,55.96,0.1480,53.0,29.3
1748,washbasin,10.52,69.28,0.1261,52.9,29.3
1749,ping-pong ball,10.52,54.63,0.1913,53.6,29.3
1750,ping-pong ball,10.52,58.71,0.2683,60.0,29.3
1751,ladle,10.51,55.11,0.3211,50.6,29.3
1752,ping-pong ball,10.51,56.13,0.2175,56.0,29.3
1753,ping-pong ball,10.51,54.83,0.6547,54.3,29.3
1754,ping-pong ball,10.51,50.02,0.5335,55.1,29.3
1755,syringe,10.51,50.63,0.2595,51.2,29.3
1756,screwdriver,10.50,58.61,0.2809,53.2,29.3
1757,screwdriver,10.50,52.18,0.3678,54.5,29.3
1758,screwdriver,10.50,53.14,0.2420,55.5,29.3
1759,syringe,10.50,44.90,0.1682,51.7,29.2
1760,screwdriver,10.50,50.47,0.1400,57.1,29.2
1761,paintbrush,10.50,53.66,0.1544,50.5,29.2
1762,syringe,10.50,56.60,0.2092,53.6,29.3
1763,syringe,10.49,56.77,0.1978,50.6,29.3
1764,syringe,10.50,53.34,0.1985,55.5,29.3
1765,syringe,10.49,58.65,0.2737,55.0,29.3
1766,syringe,10.49,56.79,0.1952,50.3,29.3
1767,syringe,10.49,57.60,0.2398,57.3,29.3
1768,syringe,10.49,50.41,0.2843,53.7,29.3
1769,syringe,10.49,45.67,0.3691,53.8,29.3
1770,syringe,10.48,49.02,0.4243,53.0,29.3
1771,syringe,10.48,58.57,0.5038,52.5,29.3
1772,syringe,10.48,60.63,0.4802,51.3,29.3
1773,ping-pong ball,10.47,67.24,0.1097,53.7,29.3
1774,syringe,10.47,55.37,0.1372,52.2,29.3
1775,syringe,10.47,54.15,0.2298,51.7,29.3
1776,syringe,10.47,53.92,0.1147,52.7,29.3
1777,syringe,10.47,56.17,0.1851,56.0,29.3
1778,hammer,10.47,53.76,0.1114,53.7,29.3
1779,hammer,10.47,64.93,0.1334,55.2,29.3
1780,hammer,10.46,65.75,0.0945,51.1,29.3
1781,hammer,10.46,58.57,0.1376,52.6,29.3
1782,hammer,10.46,62.88,0.1074,52.3,29.3
1783,hammer,10.46,53.77,0.2341,55.5,29.3
1784,hammer,10.46,57.18,0.2036,57.6,29.3
1785,hammer,10.46,54.15,0.1356,56.1,29.3
1786,hammer,10.46,62.77,0.1537,52.3,29.3
1787,hammer,10.46,53.46,0.1982,54.1,29.3
1788,hammer,10.45,58.88,0.1580,54.3,29.3
1789,screwdriver,10.45,53.48,0.1073,51.9,29.3
1790,screwdriver,10.45,50.35,0.1536,55.9,29.3
1791,ping-pong ball,10.45,46.98,0.1135,54.6,29.3
1792,screwdriver,10.45,50.66,0.1762,51.9,29.3
1793,screwdriver,10.45,53.78,0.1316,52.7,29.3
1794,screwdriver,10.45,51.46,0.2344,51.9,29.3
1795,screwdriver,10.45,50.87,0.2792,54.1,29.3
1796,screwdriver,10.45,56.14,0.1501,52.3,29.3
1797,screwdriver,10.45,47.63,0.1810,51.0,29.3
1798,screwdriver,10.44,54.75,0.1609,53.4,29.3
1799,screwdriver,10.44,50.89,0.1180,51.1,29.3
1800,ping-pong ball,10.44,58.22,0.0982,52.4,29.3
1801,screwdriver,10.44,54.57,0.1240,52.6,29.3
1802,ladle,10.44,60.42,0.1452,57.0,29.3
1803,screwdriver,10.44,56.61,0.2370,52.1,29.3
1804,screwdriver,10.44,50.91,0.2074,53.6,29.3
1805,swab,10.43,60.44,0.1073,51.1,29.3
1806,swab,10.43,54.68,0.0783,53.8,29.3
1807,hammer,10.43,50.94,0.0541,51.4,29.3
1808,matchstick,10.43,54.33,0.0556,56.6,29.3
1809,matchstick,10.43,53.76,0.0754,54.6,29.3
1810,matchstick,10.43,56.19,0.0878,55.8,29.3
1811,ladle,10.43,59.57,0.1605,56.1,29.3
1812,ladle,10.43,63.86,0.3985,53.1,29.3
1813,ladle,10.42,59.29,0.5068,52.5,29.3
1814,ping-pong ball,10.42,63.72,0.2401,53.1,29.3
1815,ping-pong ball,10.42,62.93,0.5271,52.8,29.3
1816,ping-pong ball,10.42,54.35,0.5480,50.5,29.3
1817,ping-pong ball,10.42,64.03,0.5996,52.6,29.3
1818,ping-pong ball,10.41,52.75,0.6713,51.1,29.3
1819,ping-pong ball,10.41,53.33,0.5852,57.0,29.3
1820,ping-pong ball,10.41,58.43,0.6137,53.3,29.3
1821,ping-pong ball,10.41,53.00,0.6236,52.6,29.3
1822,ping-pong ball,10.41,50.47,0.6351,52.2,29.3
1823,ping-pong ball,10.41,90.60,0.5806,53.8,29.3
1824,ping-pong ball,10.40,55.81,0.5480,54.1,29.3
1825,ping-pong ball,10.40,53.79,0.5835,51.6,29.3
1826,ping-pong ball,10.40,60.03,0.4708,55.9,29.3
1827,ping-pong ball,10.40,53.58,0.5043,50.5,29.3
1828,ping-pong ball,10.40,47.15,0.5154,54.7,29.3
1829,ping-pong ball,10.40,49.73,0.5260,52.5,29.3
1830,ping-pong ball,10.40,47.73,0.5428,53.3,29.3
1831,ping-pong ball,10.40,48.77,0.5184,55.4,29.2
1832,ping-pong ball,10.39,49.66,0.5772,53.4,29.2
1833,ping-pong ball,10.39,52.45,0.5027,52.5,29.2
1834,ping-pong ball,10.39,51.08,0.5864,50.5,29.2
1835,ping-pong ball,10.39,57.05,0.4953,51.9,29.2
1836,ping-pong ball,10.39,58.32,0.5675,56.7,29.3
1837,ping-pong ball,10.38,62.03,0.4092,52.5,29.3
1838,ping-pong ball,10.38,59.84,0.4277,52.9,29.3
1839,ping-pong ball,10.38,56.57,0.5256,54.6,29.3
1840,ping-pong ball,10.38,49.14,0.4309,51.6,29.3
1841,ping-pong ball,10.38,51.79,0.4219,55.1,29.3
1842,ping-pong ball,10.38,59.14,0.3409,53.2,29.3
1843,ping-pong ball,10.38,54.86,0.3913,52.4,29.3
1844,measuring cup,10.38,57.36,0.1208,55.1,29.3
1845,perfume,10.37,54.61,0.1644,51.0,29.3
1846,perfume,10.37,54.86,0.3855,52.7,29.3
1847,perfume,10.37,92.35,0.6723,53.9,29.3
1848,perfume,10.37,56.61,0.5938,53.4,29.3
1849,perfume,10.37,58.03,0.2835,53.1,29.3
1850,perfume,10.37,61.26,0.3571,51.1,29.3
1851,perfume,10.36,54.51,0.3906,52.6,29.3
1852,perfume,10.36,57.55,0.2520,53.4,29.3
1853,perfume,10.36,54.00,0.2813,54.4,29.3
1854,perfume,10.36,51.82,0.2732,57.4,29.3
1855,perfume,10.36,50.54,0.2870,52.3,29.3
1856,perfume,10.36,63.66,0.3277,56.1,29.3
1857,perfume,10.36,55.71,0.2993,53.3,29.3
1858,perfume,10.36,60.76,0.3066,57.1,29.3
1859,perfume,10.36,54.18,0.3414,53.0,29.3
1860,perfume,10.36,63.73,0.3349,53.5,29.3
1861,perfume,10.36,49.43,0.4052,51.6,29.3
1862,perfume,10.36,59.30,0.4538,53.4,29.3
1863,perfume,10.35,58.67,0.5423,54.7,29.3
1864,perfume,10.35,52.48,0.4909,53.2,29.3
1865,perfume,10.35,54.89,0.5431,54.1,29.3
1866,perfume,10.35,51.96,0.5428,53.1,29.3
1867,perfume,10.35,53.73,0.4810,54.4,29.3
1868,perfume,10.35,58.17,0.5471,56.2,29.3
1869,perfume,10.35,64.82,0.5221,54.5,29.3
1870,perfume,10.35,63.19,0.5483,53.2,29.3
1871,perfume,10.35,67.24,0.5824,51.6,29.3
1872,perfume,10.35,54.64,0.5794,56.3,29.2
1873,perfume,10.35,57.18,0.6357,62.7,29.3
1874,perfume,10.35,57.89,0.6569,57.9,29.3
1875,perfume,10.35,111.94,0.4405,54.5,29.3
1876,perfume,10.35,68.09,0.4782,54.7,29.3
1877,perfume,10.35,63.05,0.5051,53.4,29.3
1878,perfume,10.35,65.30,0.5237,55.7,29.3
1879,perfume,10.35,60.13,0.5423,54.4,29.3
1880,perfume,10.35,60.55,0.4939,58.0,29.3
experiment_end,2025-05-28 11:16:29
average,,10.05,49.0,0.425,54.1,29.2
