experiment_start,2025-05-27 02:55:57
frame,label,fps,infer_time_ms,confidence,cpu_percent,ram_percent
1,binder,12.89,47.47,0.0427,8.1,28.7
2,binder,7.33,25.53,0.0427,53.5,29.3
3,binder,9.45,14.01,0.0303,50.7,29.3
4,paper towel,10.67,14.64,0.0410,50.5,29.4
5,paper towel,11.30,10.36,0.0371,50.0,29.4
6,brass,11.75,10.78,0.0297,50.9,29.4
7,brass,11.29,11.20,0.0541,48.9,29.4
8,brass,10.95,12.09,0.0826,48.3,29.2
9,brass,11.53,8.48,0.1040,49.4,29.3
10,brass,11.06,9.40,0.0964,45.6,29.3
11,brass,10.88,8.49,0.0863,47.4,29.3
12,brass,10.80,10.37,0.0931,47.8,29.3
13,brass,10.06,9.27,0.1117,46.4,29.3
14,brass,10.02,11.97,0.1049,49.1,29.3
15,brass,9.54,11.43,0.1125,47.2,29.4
16,brass,9.39,20.99,0.0934,47.6,29.2
17,brass,9.31,12.87,0.0920,49.7,29.3
18,brass,9.45,12.31,0.1099,49.2,29.4
19,brass,9.57,11.39,0.1083,47.7,29.2
20,brass,9.53,12.46,0.0998,48.0,29.6
21,brass,9.19,10.81,0.0917,53.1,31.1
22,brass,8.74,12.26,0.1143,48.7,32.9
23,brass,8.86,11.02,0.1048,51.6,33.4
24,brass,8.95,10.65,0.1006,51.1,33.7
25,brass,8.65,16.26,0.0979,50.0,33.9
26,brass,8.62,15.04,0.1616,49.0,29.6
27,brass,8.71,10.72,0.1210,46.5,29.6
28,brass,8.77,9.67,0.0995,52.1,29.6
29,brass,8.87,9.50,0.0991,53.7,29.7
30,brass,8.97,12.60,0.0781,48.7,29.5
31,brass,9.09,9.97,0.1086,50.0,29.6
32,brass,9.14,10.38,0.1104,48.3,29.6
33,brass,9.05,10.82,0.0992,45.4,29.6
34,brass,9.05,15.24,0.0816,48.0,29.6
35,brass,9.04,9.32,0.0829,52.3,29.6
36,brass,9.08,8.84,0.0821,46.3,29.6
37,brass,9.08,12.96,0.0696,48.3,29.6
38,brass,9.09,21.03,0.0860,50.3,31.1
39,brass,9.15,16.73,0.0910,57.3,29.6
40,brass,9.20,16.28,0.0761,47.4,29.6
41,brass,9.21,12.98,0.0944,49.1,29.6
42,brass,9.29,12.12,0.0966,50.5,29.7
43,brass,9.35,10.00,0.0835,52.7,29.5
44,brass,9.45,10.88,0.0898,50.0,29.6
45,brass,9.41,11.72,0.0795,48.0,29.7
46,brass,9.46,13.00,0.0734,48.4,29.5
47,brass,9.57,16.15,0.0759,48.1,29.6
48,brass,9.60,17.89,0.0685,53.4,29.7
49,brass,9.64,12.92,0.0877,46.1,29.5
50,brass,9.51,10.83,0.0816,46.5,29.6
51,brass,9.41,13.20,0.0934,45.5,29.7
52,brass,9.45,8.96,0.0777,48.4,29.5
53,brass,9.42,9.44,0.0891,45.8,29.5
54,brass,9.47,9.55,0.0945,49.2,29.7
55,brass,9.51,10.28,0.1135,46.9,29.5
56,brass,9.56,8.95,0.1013,51.3,29.6
57,brass,9.62,8.84,0.1111,47.0,29.7
58,brass,9.68,10.04,0.1016,50.0,29.5
59,brass,9.75,8.49,0.0911,47.1,29.5
60,brass,9.81,10.12,0.1046,53.9,29.6
61,brass,9.78,9.91,0.1116,46.1,29.6
62,brass,8.86,10.42,0.1212,48.9,29.6
63,brass,8.89,10.15,0.1016,47.9,29.6
64,brass,8.89,9.69,0.1117,47.3,29.6
65,brass,8.88,9.05,0.1174,45.2,29.7
66,brass,8.92,9.89,0.0732,50.4,29.5
67,brass,8.96,10.97,0.0552,47.6,29.6
68,paper towel,8.90,10.71,0.0918,46.5,29.7
69,paper towel,8.83,12.64,0.0336,46.4,29.5
70,Brittany spaniel,8.83,12.63,0.0565,48.1,29.6
71,remote control,8.84,13.43,0.0596,46.6,29.7
72,remote control,8.84,13.67,0.2474,47.4,29.5
73,remote control,8.89,12.78,0.1694,49.1,29.6
74,remote control,8.92,15.13,0.2876,49.2,29.7
75,remote control,8.95,13.00,0.3410,46.9,29.7
76,remote control,8.97,13.99,0.3831,49.4,29.5
77,remote control,8.95,13.21,0.4380,52.8,29.5
78,remote control,8.91,13.22,0.6453,47.7,29.6
79,remote control,8.93,12.89,0.7542,46.6,29.6
80,remote control,8.94,13.54,0.6828,50.9,29.6
81,remote control,8.93,13.81,0.7317,47.4,29.7
82,remote control,8.94,12.32,0.6973,48.3,29.6
83,remote control,8.97,13.44,0.7168,48.5,29.6
84,remote control,8.99,14.28,0.7876,49.7,29.6
85,remote control,9.00,18.02,0.7952,50.9,29.6
86,remote control,9.05,17.16,0.6933,53.2,29.6
87,remote control,9.08,16.05,0.7256,46.6,29.6
88,remote control,9.10,19.67,0.7283,50.0,29.6
89,remote control,9.12,14.56,0.7351,49.3,29.6
90,remote control,9.15,16.13,0.7137,49.6,29.6
91,remote control,9.18,15.11,0.7230,54.5,29.6
92,remote control,9.17,13.96,0.6987,47.4,29.6
93,remote control,9.18,13.99,0.5574,47.9,29.6
94,remote control,9.19,14.41,0.4249,47.2,29.6
95,remote control,9.22,13.45,0.6516,56.2,29.7
96,remote control,9.25,14.03,0.5493,47.4,29.7
97,remote control,9.30,14.19,0.4987,51.6,29.7
98,remote control,9.30,16.15,0.5190,48.5,29.7
99,remote control,9.32,14.67,0.4695,55.1,29.6
100,remote control,9.35,14.04,0.5325,50.4,29.6
101,remote control,9.38,15.05,0.6751,52.8,29.5
102,remote control,9.41,14.75,0.6887,51.2,29.6
103,remote control,9.45,14.39,0.6744,47.1,29.6
104,remote control,9.49,14.52,0.6358,55.9,29.6
105,remote control,9.52,13.59,0.6451,47.5,29.7
106,remote control,9.55,15.80,0.6415,50.9,29.5
107,remote control,9.59,14.23,0.6406,49.5,29.5
108,remote control,9.62,18.25,0.6515,52.5,29.5
109,remote control,9.66,13.79,0.6500,50.5,29.5
110,remote control,9.65,14.16,0.6521,47.2,29.5
111,remote control,9.68,13.51,0.6472,52.6,29.5
112,remote control,9.72,13.77,0.6442,54.3,29.5
113,remote control,9.75,15.18,0.6279,52.7,29.7
114,remote control,9.80,13.80,0.6328,51.9,29.5
115,remote control,9.83,13.74,0.6565,52.2,29.5
116,remote control,9.87,14.26,0.5397,51.6,29.5
117,remote control,9.90,14.35,0.4617,49.1,29.5
118,remote control,9.92,16.52,0.4402,49.1,29.5
119,remote control,9.93,13.56,0.3655,47.3,29.6
120,remote control,9.94,18.35,0.2847,49.3,29.4
121,remote control,9.98,14.56,0.3018,53.3,29.5
122,remote control,10.02,13.28,0.3757,54.1,29.5
123,remote control,10.05,14.16,0.4153,49.0,29.5
124,remote control,10.07,16.04,0.3690,47.8,29.6
125,remote control,10.09,14.02,0.3308,50.8,29.4
126,remote control,10.11,17.20,0.2887,50.8,29.5
127,remote control,10.13,16.81,0.3347,50.0,29.6
128,remote control,10.15,14.65,0.2490,48.6,29.6
129,remote control,10.18,14.11,0.2536,62.4,29.6
130,remote control,10.20,14.36,0.2879,59.8,29.6
131,remote control,10.21,19.23,0.2392,50.4,29.4
132,remote control,10.24,13.67,0.3252,50.5,29.5
133,remote control,10.24,13.55,0.3403,48.1,29.6
134,remote control,10.25,13.70,0.3218,45.9,29.4
135,cellular telephone,10.22,13.38,0.2516,48.6,29.5
136,cellular telephone,10.21,13.87,0.3154,49.5,29.6
137,cellular telephone,10.19,14.84,0.2136,45.2,29.4
138,remote control,10.19,14.74,0.2996,52.0,29.5
139,paintbrush,10.21,13.61,0.1097,55.2,29.6
140,nail,10.21,18.58,0.0420,48.4,29.5
141,lighter,10.21,17.98,0.0255,47.2,29.5
142,dough,10.23,14.32,0.0454,47.8,29.5
143,sandbar,10.25,18.97,0.0495,52.3,29.5
144,sandbar,10.25,16.02,0.0355,47.6,29.5
145,doormat,10.26,15.47,0.0333,50.4,29.5
146,doormat,10.27,17.60,0.0413,46.5,29.5
147,doormat,10.25,14.42,0.0406,46.6,29.6
148,paper towel,10.27,15.10,0.0479,51.6,29.6
149,brass,10.28,13.06,0.0525,47.0,29.6
150,brass,10.26,12.93,0.0607,48.1,29.6
151,brass,10.27,13.94,0.0804,49.3,29.4
152,brass,10.25,13.81,0.0938,52.3,29.5
153,brass,10.22,16.70,0.0991,47.2,29.6
154,brass,10.21,13.88,0.0996,47.2,29.4
155,brass,10.19,13.78,0.0749,47.1,29.5
156,brass,10.19,16.20,0.0875,48.4,29.6
157,brass,10.21,14.25,0.0831,49.5,29.4
158,brass,10.18,15.36,0.0846,46.3,29.5
159,brass,10.15,15.71,0.1302,46.2,29.6
160,paper towel,10.10,13.76,0.0655,46.4,29.4
161,paper towel,10.10,12.35,0.1103,46.9,29.5
162,saltshaker,10.10,12.83,0.1576,47.2,29.5
163,ocarina,10.11,12.48,0.3009,50.0,29.5
164,piggy bank,10.10,13.16,0.4486,44.8,29.5
165,ocarina,10.06,13.23,0.4798,47.5,29.5
166,ocarina,10.07,12.59,0.4732,49.7,29.5
167,piggy bank,10.07,13.82,0.6168,47.2,29.5
168,piggy bank,10.05,13.06,0.5076,44.6,29.5
169,piggy bank,10.02,16.04,0.6692,51.0,29.5
170,piggy bank,10.00,18.81,0.7947,46.9,29.5
171,piggy bank,10.00,12.12,0.8010,47.5,29.5
172,piggy bank,10.00,14.53,0.8827,46.3,29.6
173,piggy bank,9.98,14.41,0.8524,46.8,29.6
174,piggy bank,9.98,14.91,0.6994,49.1,29.6
175,piggy bank,10.00,17.61,0.7374,47.8,29.6
176,piggy bank,9.98,15.42,0.5972,49.0,29.4
177,piggy bank,9.96,19.56,0.5257,47.1,29.5
178,ocarina,9.93,18.01,0.4722,46.1,29.5
179,piggy bank,9.92,17.75,0.5176,47.4,29.5
180,ocarina,9.89,14.22,0.6225,46.7,29.6
181,ocarina,9.89,17.42,0.6196,47.5,29.6
182,ocarina,9.91,14.38,0.6310,51.2,29.6
183,ocarina,9.89,15.82,0.6889,46.4,29.6
184,ocarina,9.85,17.22,0.6395,47.8,29.4
185,ocarina,9.81,15.33,0.6727,46.8,29.5
186,ocarina,9.80,20.97,0.5011,53.7,29.4
187,ocarina,9.78,23.20,0.4628,48.9,29.5
188,ocarina,9.78,17.03,0.4891,47.4,29.6
189,ocarina,9.74,18.41,0.5123,47.2,29.5
190,ocarina,9.75,16.13,0.5906,49.1,29.6
191,ocarina,9.75,16.37,0.6092,51.9,29.7
192,ocarina,9.76,17.38,0.6482,47.6,29.4
193,ocarina,9.75,16.69,0.5556,49.0,29.5
194,ocarina,9.70,16.51,0.5826,47.9,29.6
195,ocarina,9.68,17.74,0.5292,48.7,29.4
196,ocarina,9.66,15.27,0.6657,47.7,29.6
197,ocarina,9.66,18.10,0.5197,47.7,29.5
198,ocarina,9.64,17.83,0.5316,46.0,29.5
199,ocarina,9.63,25.07,0.5261,53.5,29.5
200,ocarina,9.65,19.28,0.7499,50.4,29.5
201,cup,9.64,23.26,0.8811,49.2,29.5
202,cup,9.66,18.47,0.8812,56.6,29.5
203,cup,9.66,20.91,0.8420,55.4,29.5
204,cup,9.67,17.45,0.9019,53.2,29.5
205,cup,9.67,18.48,0.9057,51.5,29.7
206,cup,9.68,21.15,0.8900,58.5,29.4
207,cup,9.69,25.90,0.8410,54.0,29.5
208,cup,9.70,17.49,0.8848,50.9,29.6
209,cup,9.71,23.52,0.8766,54.8,29.4
210,cup,9.73,20.05,0.8793,52.8,29.5
211,cup,9.74,22.41,0.8943,50.9,29.6
212,cup,9.76,20.26,0.8490,53.7,29.4
213,cup,9.75,20.11,0.8773,48.0,29.5
214,cup,9.75,20.18,0.8931,48.6,29.6
215,cup,9.76,19.72,0.8488,50.3,29.4
216,cup,9.76,20.91,0.8085,54.8,29.5
217,cup,9.76,17.87,0.8563,49.4,29.6
218,cup,9.77,17.06,0.8681,50.0,29.4
219,cup,9.76,17.02,0.8655,48.2,29.5
220,cup,9.77,20.44,0.8502,50.0,29.6
221,cup,9.77,18.55,0.8786,50.9,29.4
222,cup,9.76,18.33,0.8407,51.1,29.4
223,cup,9.77,24.12,0.8672,52.8,29.6
224,cup,9.76,18.38,0.8476,48.4,29.4
225,cup,9.75,21.45,0.8639,49.4,29.4
226,cup,9.75,22.78,0.8618,58.3,29.6
227,cup,9.74,25.02,0.8475,53.9,29.4
228,cup,9.74,21.84,0.7954,50.0,29.5
229,cup,9.73,21.29,0.7046,52.8,29.6
230,cup,9.73,21.02,0.8369,51.0,29.4
231,cup,9.69,19.60,0.8240,46.9,29.5
232,cup,9.68,21.03,0.5953,46.7,29.6
233,cup,9.68,18.36,0.6361,52.5,29.4
234,ocarina,9.67,19.87,0.3560,48.7,29.5
235,ocarina,9.68,20.32,0.5852,49.0,29.6
236,piggy bank,9.68,24.65,0.4024,52.9,29.4
237,piggy bank,9.68,19.26,0.3544,49.1,29.5
238,piggy bank,9.68,19.10,0.3401,50.0,29.6
239,piggy bank,9.67,24.55,0.2781,48.6,29.4
240,piggy bank,9.66,18.34,0.3250,50.7,29.5
241,piggy bank,9.66,20.17,0.7524,49.2,29.5
242,prison,9.66,18.43,0.0377,51.2,29.5
243,cleaver,9.66,19.48,0.0399,49.4,29.5
244,toilet tissue,9.65,21.40,0.0581,52.4,29.6
245,toilet tissue,9.65,22.75,0.0998,54.7,29.5
246,brass,9.63,22.26,0.0356,50.2,29.6
247,brass,9.64,19.22,0.0414,51.4,29.7
248,brass,9.63,26.04,0.0469,50.2,29.4
249,brass,9.63,17.57,0.0516,52.6,29.6
250,brass,9.63,21.86,0.0603,52.6,29.6
251,brass,9.61,20.01,0.0667,47.8,29.6
252,brass,9.59,22.47,0.0567,47.6,29.7
253,brass,9.57,27.05,0.0574,50.3,29.5
254,brass,9.56,21.74,0.0676,50.0,29.5
255,brass,9.54,21.55,0.0530,48.6,29.6
256,brass,9.53,28.93,0.0497,50.7,29.5
257,brass,9.52,29.03,0.0620,50.2,29.5
258,brass,9.51,29.87,0.0530,53.1,29.7
259,brass,9.46,32.91,0.0423,44.3,29.4
260,mouse,9.41,18.57,0.0448,46.1,29.5
261,lipstick,9.41,19.07,0.0922,50.5,29.5
262,dumbbell,9.39,23.95,0.1508,46.9,29.5
263,dumbbell,9.38,17.62,0.4135,48.2,29.6
264,dumbbell,9.36,17.41,0.4144,48.3,29.6
265,dumbbell,9.35,20.23,0.5017,49.2,29.4
266,dumbbell,9.35,16.86,0.3470,47.5,29.5
267,dumbbell,9.35,17.11,0.2328,55.6,29.5
268,dumbbell,9.36,16.92,0.1578,49.7,29.4
269,dumbbell,9.35,17.41,0.1709,49.0,29.4
270,dumbbell,9.34,17.55,0.1355,51.0,29.4
271,mouse,9.35,16.63,0.2127,49.7,29.4
272,mouse,9.35,17.09,0.1425,49.3,29.4
273,pencil sharpener,9.36,19.17,0.0947,50.0,29.4
274,clog,9.36,18.62,0.1205,51.3,29.4
275,mouse,9.35,29.62,0.1194,48.1,29.6
276,mouse,9.36,27.16,0.1566,58.5,29.4
277,mouse,9.37,17.96,0.1647,57.4,29.5
278,mouse,9.37,22.17,0.1728,51.9,29.6
279,mouse,9.37,26.22,0.1549,51.1,29.4
280,mouse,9.39,18.73,0.1566,52.3,29.5
281,mouse,9.38,17.50,0.1685,47.4,29.6
282,mouse,9.38,20.57,0.1684,51.8,29.4
283,mouse,9.39,17.95,0.1423,55.2,29.4
284,mouse,9.39,21.35,0.1758,55.3,29.6
285,mouse,9.40,19.76,0.1634,53.1,29.4
286,mouse,9.40,24.07,0.1696,52.4,29.5
287,mouse,9.40,17.10,0.1682,49.2,29.5
288,mouse,9.39,19.95,0.1457,47.9,29.4
289,mouse,9.38,21.52,0.1592,50.4,29.4
290,mouse,9.38,20.75,0.1562,50.0,29.5
291,mouse,9.37,20.03,0.1634,48.5,29.5
292,mouse,9.38,17.91,0.1504,50.3,29.5
293,mouse,9.37,17.56,0.1383,48.4,29.6
294,mouse,9.36,20.27,0.1429,50.2,29.6
295,mouse,9.36,19.76,0.1566,51.2,29.4
296,mouse,9.36,23.50,0.1761,55.9,29.4
297,mouse,9.35,22.43,0.1667,51.5,29.5
298,mouse,9.35,19.97,0.1600,50.6,29.5
299,mouse,9.34,22.95,0.1477,48.8,29.5
300,mouse,9.35,17.61,0.1373,48.8,29.6
301,mouse,9.35,18.53,0.1508,51.4,29.4
302,mouse,9.35,17.68,0.1557,50.6,29.4
303,mouse,9.35,20.43,0.1687,50.0,29.6
304,mouse,9.35,19.68,0.1631,48.7,29.4
305,mouse,9.35,17.23,0.1397,47.9,29.4
306,mouse,9.35,17.09,0.1513,49.7,29.6
307,mouse,9.35,19.33,0.1567,47.8,29.4
308,mouse,9.35,19.04,0.1388,48.8,29.5
309,mouse,9.36,21.23,0.1448,53.7,29.6
310,mouse,9.36,20.41,0.1336,52.8,29.4
311,mouse,9.36,19.55,0.1428,47.6,29.5
312,mouse,9.36,17.66,0.1349,53.5,29.6
313,mouse,9.35,19.84,0.1507,48.6,29.4
314,mouse,9.35,19.13,0.1487,48.4,29.5
315,mouse,9.35,19.81,0.1401,49.5,29.6
316,mouse,9.34,19.62,0.1085,52.5,29.5
317,mouse,9.33,17.64,0.1522,46.9,29.4
318,mouse,9.33,17.90,0.1394,50.3,29.4
319,mouse,9.33,17.32,0.1543,50.9,29.5
320,mouse,9.34,21.33,0.1624,52.8,29.4
321,mouse,9.34,17.67,0.1531,48.5,29.5
322,mouse,9.34,18.33,0.1257,55.1,29.6
323,mouse,9.35,17.22,0.1268,50.6,29.4
324,mouse,9.34,17.39,0.1775,49.5,29.5
325,mouse,9.34,14.47,0.1566,50.8,29.6
326,mouse,9.33,20.24,0.1496,46.5,29.4
327,mouse,9.32,16.30,0.1372,52.3,29.5
328,mouse,9.31,18.37,0.1369,47.5,29.5
329,mouse,9.32,17.44,0.1515,49.0,29.5
330,lens cap,9.32,18.81,0.1807,49.7,29.5
331,clog,9.27,20.40,0.1428,38.1,29.5
332,dumbbell,9.23,16.04,0.4193,41.8,29.5
333,dumbbell,9.21,15.86,0.2707,46.9,29.5
334,paper towel,9.20,18.08,0.0445,46.7,29.5
335,toilet tissue,9.19,18.44,0.0411,48.8,29.5
336,toilet tissue,9.19,17.22,0.0383,47.3,29.5
337,brass,9.18,17.71,0.0564,47.9,29.5
338,brass,9.15,16.75,0.0612,47.7,29.6
339,brass,9.14,24.69,0.0952,47.6,29.6
340,brass,9.13,19.98,0.1034,48.4,29.6
341,brass,9.11,17.78,0.0899,46.9,29.6
342,brass,9.09,16.63,0.1085,46.1,29.6
343,brass,9.08,17.99,0.0909,49.0,29.6
344,brass,9.07,25.96,0.1118,52.5,29.6
345,brass,9.06,19.26,0.1214,48.6,29.6
346,brass,9.06,18.79,0.1085,47.9,29.4
347,brass,9.05,17.93,0.1013,51.4,29.5
348,brass,9.04,27.70,0.0961,47.3,29.4
349,brass,9.03,15.80,0.1154,48.1,29.5
350,brass,9.01,18.22,0.1028,48.5,29.5
351,brass,9.00,15.49,0.1150,47.6,29.5
352,brass,8.84,15.28,0.0937,47.3,29.5
353,brass,8.84,14.09,0.1008,50.0,29.5
354,brass,8.84,16.91,0.0840,46.3,29.5
355,paper towel,8.85,21.13,0.0389,50.7,29.5
356,space heater,8.86,18.40,0.0940,52.3,29.5
357,screw,8.85,22.62,0.1182,47.4,29.5
358,vacuum,8.86,18.76,0.2536,56.0,29.5
359,vacuum,8.86,17.96,0.1170,46.2,29.5
360,vacuum,8.86,22.69,0.1138,55.0,29.5
361,vacuum,8.86,20.39,0.2856,53.5,29.6
362,vacuum,8.85,21.96,0.3022,48.9,29.4
363,vacuum,8.84,19.55,0.2520,48.9,29.5
364,chime,8.83,14.63,0.2068,46.2,29.6
365,chime,8.83,15.58,0.1270,48.1,29.3
366,chime,8.84,13.85,0.1615,49.6,29.5
367,chime,8.85,13.64,0.1920,50.8,29.5
368,chime,8.86,15.93,0.1785,47.8,29.5
369,chime,8.87,15.79,0.1713,50.9,29.6
370,chime,8.88,16.22,0.1626,50.0,29.4
371,chime,8.88,13.96,0.1673,49.7,29.4
372,chime,8.89,13.65,0.1663,51.8,29.5
373,plate rack,8.90,14.96,0.1195,50.0,29.4
374,chime,8.91,14.33,0.1575,54.9,29.5
375,plate rack,8.92,13.68,0.1190,48.5,29.6
376,plate rack,8.92,15.66,0.1567,52.0,29.4
377,plate rack,8.93,14.86,0.2161,50.0,29.4
378,modem,8.94,14.20,0.1356,50.0,29.6
379,combination lock,8.95,14.80,0.1416,50.0,29.4
380,plate rack,8.95,14.84,0.1258,49.1,29.4
381,plate rack,8.96,18.50,0.1646,47.2,29.6
382,plate rack,8.96,13.65,0.2023,48.6,29.4
383,plate rack,8.96,13.93,0.1558,51.3,29.5
384,plate rack,8.97,13.62,0.1702,53.0,29.6
385,plate rack,8.97,12.98,0.1442,51.3,29.4
386,plate rack,8.96,13.18,0.1260,47.2,29.5
387,plate rack,8.95,18.48,0.1212,47.8,29.5
388,plate rack,8.93,18.56,0.1305,45.6,29.5
389,plate rack,8.92,14.11,0.1254,46.6,29.5
390,chime,8.90,13.46,0.1184,41.8,29.5
391,plate rack,8.89,15.85,0.1375,46.3,29.3
392,chime,8.88,13.77,0.1517,46.9,29.4
393,chime,8.84,20.33,0.1431,35.3,29.6
394,plate rack,8.83,12.44,0.1681,45.5,29.5
395,chime,8.82,15.03,0.1348,46.2,29.4
396,chime,8.80,17.00,0.2246,49.0,29.5
397,chime,8.79,17.45,0.2261,45.5,29.5
398,chime,8.77,14.57,0.3564,45.7,29.5
399,chime,8.75,13.39,0.2442,45.4,29.5
400,chime,8.75,12.54,0.2650,45.7,29.5
401,vacuum,8.74,11.80,0.2980,46.0,29.5
402,space heater,8.75,12.22,0.1368,53.1,29.5
403,Angora,8.74,14.69,0.0818,47.6,29.5
404,paper towel,8.75,12.75,0.0500,47.5,29.5
405,toilet tissue,8.76,12.60,0.0384,49.3,29.5
406,paper towel,8.76,12.64,0.0308,47.6,29.5
407,brass,8.76,11.54,0.0701,47.3,29.6
408,brass,8.76,13.82,0.0701,49.1,29.5
409,brass,8.75,12.37,0.0875,47.9,29.5
410,brass,8.75,11.31,0.0803,45.7,29.5
411,brass,8.74,14.87,0.1064,50.0,29.5
412,brass,8.73,13.35,0.1277,47.2,29.5
413,brass,8.72,12.59,0.0887,46.9,29.5
414,brass,8.72,12.66,0.1072,46.4,29.5
415,brass,8.70,17.44,0.1103,45.0,29.5
416,brass,8.69,11.26,0.0987,46.5,29.5
417,brass,8.67,12.34,0.1249,44.6,29.5
418,brass,8.67,12.67,0.1167,47.2,29.5
419,brass,8.66,12.54,0.1165,47.1,29.5
420,brass,8.65,14.43,0.1317,45.0,29.5
421,brass,8.63,14.85,0.1010,47.7,29.5
422,Band Aid,8.63,17.41,0.0674,47.9,29.5
423,sandal,8.63,16.81,0.0831,55.8,29.5
424,mailbag,8.63,14.68,0.1230,47.8,29.5
425,hand-held computer,8.63,14.43,0.2449,50.5,29.6
426,hand-held computer,8.62,11.92,0.1471,47.6,29.6
427,sunscreen,8.61,11.92,0.1850,45.0,29.6
428,sunscreen,8.61,12.87,0.1504,48.5,29.7
429,hand-held computer,8.59,12.89,0.1603,44.9,29.4
430,sunscreen,8.58,12.98,0.2233,46.7,29.5
431,sunscreen,8.57,10.77,0.2150,46.0,29.6
432,sunscreen,8.57,13.57,0.1014,50.9,29.4
433,can opener,8.56,12.64,0.1320,46.2,29.5
434,can opener,8.56,12.33,0.1352,51.3,29.6
435,can opener,8.56,12.86,0.1470,51.0,29.4
436,can opener,8.56,14.89,0.1327,48.3,29.5
437,can opener,8.56,16.16,0.1308,47.4,29.5
438,sunscreen,8.56,14.95,0.1225,54.1,29.4
439,sunscreen,8.55,11.79,0.1612,47.0,29.4
440,sunscreen,8.54,12.35,0.1530,44.8,29.4
441,sunscreen,8.53,10.97,0.1681,48.0,29.4
442,sunscreen,8.52,11.22,0.1595,45.6,29.6
443,sunscreen,8.51,12.29,0.1681,48.8,29.4
444,sunscreen,8.51,10.99,0.1748,46.5,29.4
445,sunscreen,8.50,10.87,0.1896,46.3,29.6
446,can opener,8.50,14.84,0.1339,48.3,29.4
447,can opener,8.50,14.73,0.1484,46.2,29.4
448,can opener,8.50,12.82,0.1477,50.3,29.5
449,can opener,8.50,12.57,0.1344,48.9,29.4
450,can opener,8.49,16.11,0.1431,46.2,29.4
451,can opener,8.48,13.46,0.1611,49.5,29.6
452,can opener,8.49,14.32,0.1624,49.7,29.4
453,water jug,8.49,13.22,0.1560,49.5,29.5
454,water jug,8.48,11.40,0.1764,47.1,29.6
455,can opener,8.48,11.81,0.1364,49.7,29.6
456,can opener,8.46,14.96,0.1437,41.2,29.4
457,can opener,8.45,11.46,0.1208,40.3,29.4
458,can opener,8.41,8.80,0.1504,28.6,29.5
459,water jug,8.40,9.43,0.1428,45.7,29.5
460,water jug,8.40,10.49,0.1487,47.0,29.6
461,water jug,8.40,10.99,0.1360,47.3,29.5
462,sunscreen,8.40,12.23,0.1594,47.7,29.4
463,hand-held computer,8.41,11.92,0.5371,48.2,29.4
464,hand-held computer,8.41,12.44,0.2022,51.1,29.4
465,hand-held computer,8.41,13.14,0.1161,52.8,29.6
466,safety pin,8.42,15.26,0.1083,47.8,29.4
467,hatchet,8.42,14.12,0.0981,51.5,29.5
468,ladle,8.43,11.89,0.0394,48.5,29.6
469,sunglass,8.43,13.49,0.0569,49.7,29.4
470,scabbard,8.44,12.37,0.0973,50.8,29.5
471,cleaver,8.44,12.23,0.1422,51.7,29.6
472,cleaver,8.45,13.29,0.1092,50.0,29.4
473,scabbard,8.46,14.61,0.1216,52.8,29.5
474,hard disc,8.46,11.94,0.2267,46.9,29.6
475,hard disc,8.47,13.27,0.3820,50.5,29.4
476,hard disc,8.48,15.80,0.4081,49.3,29.5
477,hard disc,8.48,15.53,0.3198,45.1,29.6
478,hard disc,8.49,14.84,0.2878,51.5,29.4
479,hard disc,8.50,12.89,0.3339,51.4,29.5
480,hard disc,8.50,14.07,0.2412,48.7,29.6
481,hard disc,8.51,15.65,0.4093,52.7,29.4
482,hard disc,8.52,13.83,0.3505,50.4,29.4
483,hard disc,8.53,13.67,0.2671,51.9,29.6
484,hard disc,8.53,14.52,0.2542,47.2,29.4
485,hard disc,8.53,12.98,0.1891,56.6,29.5
486,cleaver,8.54,13.37,0.1819,51.6,29.6
487,cleaver,8.55,15.71,0.1682,50.6,29.3
488,hard disc,8.56,15.87,0.2828,51.9,29.4
489,hard disc,8.56,13.51,0.2253,52.4,29.5
490,cleaver,8.57,15.16,0.1996,48.7,29.3
491,hard disc,8.58,12.55,0.1597,54.6,29.4
492,cleaver,8.59,14.57,0.2483,53.7,29.6
493,hard disc,8.60,18.43,0.1347,60.8,29.3
494,spatula,8.60,17.20,0.1495,51.9,29.4
495,microphone,8.61,14.78,0.3321,55.7,29.4
496,microphone,8.62,15.13,0.5529,52.6,29.4
497,microphone,8.63,14.15,0.5580,57.1,29.4
498,microphone,8.64,13.18,0.5675,49.0,29.4
499,microphone,8.65,13.95,0.7415,51.9,29.4
500,microphone,8.66,12.57,0.7245,52.5,29.4
501,microphone,8.67,14.20,0.4930,53.3,29.5
502,microphone,8.68,14.06,0.6434,54.5,29.4
503,microphone,8.68,13.56,0.8028,47.4,29.5
504,microphone,8.69,13.54,0.8027,50.0,29.6
505,microphone,8.70,17.72,0.6850,54.0,29.3
506,microphone,8.70,15.37,0.7984,49.2,29.5
507,microphone,8.70,14.60,0.7439,47.6,29.5
508,microphone,8.71,12.58,0.7655,54.0,29.5
509,microphone,8.72,12.20,0.7556,50.4,29.5
510,microphone,8.73,11.84,0.8176,49.4,29.5
511,microphone,8.73,13.45,0.8218,47.2,29.5
512,microphone,8.73,11.33,0.8363,48.4,29.5
513,microphone,8.73,11.69,0.8294,48.2,29.5
514,microphone,8.74,10.78,0.8547,48.8,29.6
515,microphone,8.74,11.20,0.7892,52.5,29.4
516,microphone,8.75,12.04,0.1501,47.4,29.5
517,can opener,8.75,13.71,0.1237,48.2,29.6
518,ladle,8.75,11.57,0.0663,50.0,29.4
519,bath towel,8.76,11.81,0.0269,48.4,29.4
520,dugong,8.77,12.74,0.0393,59.1,29.5
521,nematode,8.77,16.06,0.0336,53.2,29.4
522,envelope,8.78,10.92,0.0273,54.7,29.4
523,envelope,8.79,13.05,0.0692,51.0,29.6
524,envelope,8.79,12.36,0.0704,51.4,29.4
525,envelope,8.79,12.58,0.0467,48.9,29.5
526,stingray,8.79,15.39,0.0615,46.0,29.6
527,radiator,8.79,12.70,0.0460,47.6,29.4
528,brass,8.79,13.67,0.0383,49.0,29.5
529,brass,8.79,11.69,0.0483,47.5,29.5
530,brass,8.79,14.96,0.0456,46.0,29.5
531,brass,8.79,11.87,0.0552,48.9,29.5
532,brass,8.78,11.24,0.0709,48.6,29.5
533,brass,8.78,14.60,0.0554,47.1,29.5
534,brass,8.78,12.78,0.0616,47.2,29.5
535,brass,8.78,15.38,0.0679,49.1,29.5
536,brass,8.79,12.14,0.0924,47.3,29.5
537,brass,8.79,16.73,0.0587,48.8,29.5
538,brass,8.79,12.54,0.0646,47.5,29.6
539,brass,8.80,11.87,0.0673,46.2,29.5
540,brass,8.80,11.77,0.0682,53.8,29.5
541,brass,8.80,13.93,0.0679,48.8,29.6
542,brass,8.81,13.92,0.0770,55.6,29.5
543,brass,8.81,11.57,0.0774,45.6,29.5
544,brass,8.80,10.23,0.0623,48.5,29.5
545,brass,8.80,11.28,0.0712,48.3,29.5
546,brass,8.79,10.49,0.0642,42.8,29.5
547,brass,8.79,13.98,0.0675,46.8,29.5
548,brass,8.79,10.73,0.0586,44.9,29.6
549,brass,8.79,10.99,0.0696,47.9,29.6
550,brass,8.79,10.40,0.0611,50.5,29.6
551,broom,8.79,10.76,0.0696,44.3,29.6
552,paintbrush,8.78,10.53,0.0745,47.1,29.6
553,lighter,8.78,29.55,0.0546,50.4,29.4
554,power drill,8.78,10.86,0.0355,47.6,29.6
555,cash machine,8.78,10.72,0.0763,48.4,29.6
556,water bottle,8.79,12.42,0.0765,55.6,29.6
557,screen,8.79,13.01,0.1387,48.7,29.6
558,ashcan,8.80,12.08,0.1513,49.1,29.6
559,screen,8.80,12.65,0.1899,48.8,29.6
560,ashcan,8.81,13.52,0.1404,53.3,29.6
561,ashcan,8.81,11.82,0.1668,46.1,29.4
562,ashcan,8.82,11.99,0.1462,52.8,29.4
563,ashcan,8.82,13.70,0.1634,47.7,29.5
564,ashcan,8.83,11.88,0.1487,46.5,29.5
565,ashcan,8.83,10.22,0.1517,52.9,29.5
566,ashcan,8.84,11.03,0.1438,50.0,29.5
567,ashcan,8.85,11.92,0.1371,51.6,29.5
568,ashcan,8.85,18.78,0.1582,50.0,29.5
569,ashcan,8.86,13.61,0.1803,47.8,29.5
570,ashcan,8.87,13.44,0.1596,51.9,29.5
571,screen,8.87,11.99,0.1865,47.1,29.5
572,screen,8.88,11.95,0.1788,49.5,29.5
573,screen,8.88,11.59,0.1712,48.3,29.5
574,screen,8.88,13.97,0.1674,48.4,29.5
575,screen,8.89,12.11,0.1610,48.6,29.5
576,screen,8.89,10.92,0.1460,49.3,29.5
577,screen,8.89,14.90,0.1593,48.6,29.5
578,screen,8.89,12.62,0.1762,46.6,29.5
579,screen,8.89,11.11,0.1732,48.6,29.5
580,screen,8.89,10.41,0.1730,48.4,29.5
581,screen,8.89,10.12,0.1884,48.2,29.5
582,screen,8.90,10.64,0.2015,49.6,29.5
583,screen,8.89,11.19,0.2152,47.4,29.5
584,screen,8.89,10.51,0.2371,52.5,29.5
585,screen,8.89,10.52,0.1242,48.3,29.5
586,oil filter,8.89,11.13,0.1142,47.2,29.5
587,screen,8.89,11.71,0.1039,47.5,29.5
588,lighter,8.87,10.29,0.1562,42.9,29.5
589,lighter,8.87,9.85,0.0917,44.6,29.5
590,lighter,8.87,9.61,0.2126,46.7,29.5
591,sunscreen,8.87,10.39,0.4773,49.5,29.5
592,sunscreen,8.86,9.60,0.2650,45.5,29.5
593,sunscreen,8.86,10.26,0.3059,46.2,29.5
594,sunscreen,8.86,9.80,0.3565,49.0,29.5
595,oil filter,8.86,10.67,0.4897,46.2,29.5
596,oil filter,8.87,10.75,0.3082,50.5,29.5
597,sunscreen,8.87,10.27,0.2899,45.8,29.5
598,oil filter,8.87,9.40,0.3398,54.9,29.5
599,oil filter,8.88,10.88,0.3662,46.9,29.7
600,oil filter,8.89,10.91,0.3807,51.9,29.5
601,oil filter,8.89,10.30,0.3745,50.0,29.5
602,oil filter,8.89,11.16,0.3953,54.0,29.6
603,oil filter,8.90,11.08,0.3839,48.1,29.6
604,oil filter,8.91,11.58,0.3772,50.4,29.6
605,oil filter,8.91,10.44,0.3596,49.4,29.6
606,oil filter,8.91,10.38,0.3825,49.6,29.6
607,oil filter,8.91,9.94,0.4022,48.9,29.7
608,oil filter,8.92,10.70,0.3617,47.2,29.5
609,oil filter,8.92,13.01,0.3520,46.9,29.5
610,oil filter,8.92,9.49,0.3875,47.5,29.5
611,oil filter,8.92,11.13,0.3910,46.0,29.6
612,oil filter,8.91,10.77,0.3926,46.7,29.7
613,oil filter,8.91,13.41,0.3375,49.1,29.5
614,oil filter,8.89,12.74,0.3982,46.9,29.6
615,oil filter,8.89,11.82,0.3009,45.5,29.6
616,sunscreen,8.89,9.37,0.3143,49.5,29.6
617,sunscreen,8.88,10.36,0.2603,46.1,29.6
618,sunscreen,8.88,9.71,0.3005,45.5,29.6
619,sunscreen,8.87,11.71,0.2377,48.6,29.6
620,sunscreen,8.87,10.35,0.2166,48.4,29.6
621,sunscreen,8.86,10.21,0.3899,46.8,29.4
622,sunscreen,8.86,10.49,0.4268,50.3,29.6
623,sunscreen,8.85,10.07,0.2394,45.7,29.6
624,sunscreen,8.86,9.90,0.3079,46.2,29.4
625,sunscreen,8.86,10.42,0.2807,48.5,29.5
626,sunscreen,8.86,9.22,0.2827,44.2,29.6
627,sunscreen,8.86,12.26,0.2826,47.8,29.4
628,oil filter,8.86,9.58,0.2715,49.4,29.4
629,oil filter,8.86,10.83,0.2813,52.6,29.4
630,oil filter,8.87,10.31,0.2859,48.1,29.4
631,oil filter,8.87,10.49,0.2904,48.4,29.4
632,oil filter,8.86,12.95,0.2961,45.7,29.4
633,oil filter,8.86,9.84,0.3054,46.8,29.4
634,oil filter,8.86,9.39,0.2842,45.8,29.4
635,oil filter,8.86,11.48,0.3090,48.9,29.4
636,oil filter,8.86,9.94,0.2801,48.3,29.4
637,oil filter,8.87,9.34,0.3077,54.7,29.4
638,oil filter,8.87,11.29,0.3071,48.5,29.4
639,oil filter,8.79,12.16,0.3065,49.0,29.4
640,oil filter,8.79,10.39,0.2899,47.1,29.4
641,oil filter,8.79,9.59,0.2899,48.1,29.4
642,oil filter,8.80,11.04,0.2235,48.0,29.4
643,sunscreen,8.80,9.93,0.4475,50.5,29.4
644,sunscreen,8.80,11.37,0.2397,48.0,29.4
645,sunscreen,8.81,12.45,0.2522,46.2,29.4
646,sunscreen,8.80,10.76,0.5336,47.2,29.5
647,lotion,8.80,11.57,0.4626,48.7,29.4
648,lotion,8.81,9.55,0.5371,47.4,29.4
649,lotion,8.81,10.01,0.5640,52.7,29.5
650,lotion,8.82,17.20,0.4668,47.8,29.3
651,lotion,8.82,10.02,0.5706,49.0,29.4
652,lotion,8.83,9.82,0.5885,51.7,29.5
653,lotion,8.83,11.17,0.5530,46.5,29.3
654,lotion,8.83,9.33,0.5563,48.3,29.4
655,lotion,8.83,9.83,0.5605,45.1,29.5
656,lotion,8.82,9.48,0.5100,46.5,29.3
657,lotion,8.82,9.87,0.4982,48.5,29.4
658,lotion,8.82,9.46,0.5405,47.8,29.4
659,lotion,8.82,8.85,0.5442,45.4,29.4
660,lotion,8.81,8.63,0.5739,47.1,29.4
661,lotion,8.81,8.94,0.5920,51.6,29.4
662,lotion,8.81,11.41,0.5640,45.4,29.4
663,lotion,8.80,9.45,0.5232,45.5,29.4
664,lotion,8.80,9.29,0.6709,45.7,29.5
665,lotion,8.79,9.28,0.6339,45.3,29.3
666,lotion,8.77,9.63,0.5269,32.4,29.4
667,lotion,8.76,8.50,0.5012,45.7,29.5
668,sunscreen,8.76,9.88,0.5188,47.1,29.3
669,sunscreen,8.76,9.08,0.6316,44.9,29.4
670,sunscreen,8.76,11.10,0.7159,49.0,29.5
671,sunscreen,8.76,11.14,0.7229,49.8,29.3
672,sunscreen,8.76,10.55,0.6010,47.5,29.4
673,lotion,8.74,11.14,0.5757,40.1,29.5
674,lotion,8.74,11.64,0.5212,45.8,29.3
675,sunscreen,8.74,10.58,0.2929,47.4,29.4
676,sunscreen,8.74,9.89,0.2873,47.2,29.4
677,sunscreen,8.73,12.38,0.2819,47.2,29.4
678,sunscreen,8.73,11.70,0.3167,45.5,29.4
679,sunscreen,8.73,9.99,0.2644,47.5,29.4
680,sunscreen,8.72,9.01,0.2500,45.6,29.4
681,sunscreen,8.72,10.15,0.1929,46.1,29.4
682,sunscreen,8.72,9.47,0.2283,45.6,29.4
683,sunscreen,8.71,8.73,0.2295,45.0,29.4
684,lotion,8.70,9.03,0.4700,47.6,29.4
685,sunscreen,8.70,8.29,0.4799,47.3,29.4
686,sunscreen,8.70,10.04,0.5211,46.2,29.4
687,sunscreen,8.70,9.00,0.5290,45.9,29.4
688,sunscreen,8.70,9.28,0.5545,46.6,29.4
689,sunscreen,8.70,9.21,0.5256,45.8,29.4
690,sunscreen,8.70,9.61,0.5136,49.6,29.5
691,sunscreen,8.70,9.33,0.5140,45.3,29.3
692,sunscreen,8.70,8.51,0.5279,51.1,29.4
693,sunscreen,8.71,9.94,0.5054,46.0,29.4
694,sunscreen,8.71,10.62,0.5409,52.6,29.4
695,sunscreen,8.71,9.47,0.5206,46.4,29.4
696,sunscreen,8.71,8.04,0.5248,52.3,29.4
697,sunscreen,8.72,9.29,0.5292,47.2,29.4
698,sunscreen,8.71,8.89,0.5385,45.5,29.4
699,sunscreen,8.71,12.48,0.5623,46.9,29.4
700,sunscreen,8.71,12.34,0.5114,47.1,29.4
701,sunscreen,8.71,10.45,0.5118,46.2,29.4
702,sunscreen,8.71,10.04,0.5222,50.6,29.4
703,sunscreen,8.72,11.63,0.5441,52.6,29.5
704,sunscreen,8.72,10.52,0.4642,50.7,29.3
705,lotion,8.72,13.61,0.5702,50.0,29.4
706,lotion,8.72,10.94,0.5015,48.1,29.5
707,lotion,8.73,11.22,0.5168,49.1,29.3
708,lotion,8.73,10.50,0.4853,49.6,29.4
709,sunscreen,8.73,9.21,0.3643,46.3,29.4
710,sunscreen,8.73,11.63,0.4048,47.4,29.4
711,sunscreen,8.72,9.12,0.3189,46.5,29.4
712,sunscreen,8.72,8.95,0.2658,47.1,29.4
713,sunscreen,8.73,8.28,0.2809,46.3,29.4
714,sunscreen,8.73,10.24,0.2852,50.3,29.4
715,sunscreen,8.73,9.00,0.2777,53.5,29.4
716,sunscreen,8.73,9.47,0.2536,45.0,29.4
717,sunscreen,8.73,9.31,0.2391,46.9,29.4
718,sunscreen,8.74,10.30,0.2490,48.9,29.4
719,sunscreen,8.73,9.03,0.2476,45.8,29.4
720,sunscreen,8.73,9.27,0.2407,46.4,29.4
721,sunscreen,8.73,8.48,0.2329,47.5,29.4
722,sunscreen,8.73,10.01,0.2583,47.9,29.4
723,sunscreen,8.74,9.65,0.2611,49.4,29.4
724,sunscreen,8.73,7.97,0.2736,46.3,29.4
725,sunscreen,8.72,8.72,0.1806,46.3,29.4
726,sunscreen,8.72,7.98,0.5562,49.7,29.4
727,sunscreen,8.71,9.41,0.1940,43.8,29.4
728,bucket,8.71,9.14,0.0550,46.7,29.5
729,toilet tissue,8.71,8.26,0.0456,45.1,29.5
730,brass,8.70,8.94,0.0302,46.4,29.5
731,brass,8.70,11.56,0.0413,45.4,29.5
732,brass,8.69,9.48,0.0503,45.4,29.5
733,brass,8.69,12.26,0.0643,46.8,29.3
734,brass,8.68,11.44,0.0584,44.2,29.4
735,brass,8.68,10.78,0.0649,48.1,29.4
736,brass,8.68,9.27,0.0691,46.9,29.4
737,brass,8.68,9.05,0.0635,48.1,29.4
738,brass,8.67,9.62,0.0772,44.8,29.4
739,brass,8.68,9.25,0.0668,51.0,29.4
740,brass,8.68,10.18,0.0664,47.7,29.4
741,brass,8.68,8.90,0.0917,47.9,29.4
742,brass,8.68,9.65,0.0754,46.3,29.4
743,brass,8.67,8.92,0.0622,46.2,29.4
744,brass,8.67,12.19,0.0707,45.7,29.4
745,brass,8.67,10.60,0.0771,45.3,29.4
746,brass,8.66,9.53,0.0646,46.2,29.4
747,brass,8.66,9.31,0.0708,47.3,29.4
748,brass,8.65,9.78,0.0638,44.6,29.4
749,brass,8.65,8.88,0.0864,46.6,29.4
750,brass,8.65,11.05,0.0742,44.5,29.4
751,brass,8.64,8.88,0.0763,48.8,29.4
752,brass,8.64,10.84,0.0686,46.0,29.5
753,brass,8.64,9.17,0.0690,47.9,29.5
754,brass,8.64,8.89,0.0595,46.0,29.5
755,brass,8.64,7.59,0.0732,47.9,29.5
756,brass,8.64,8.82,0.0812,47.6,29.5
757,brass,8.64,9.36,0.0709,48.2,29.5
758,brass,8.64,10.12,0.0666,45.7,29.5
759,brass,8.64,11.45,0.0603,47.5,29.3
760,brass,8.64,9.67,0.0740,45.6,29.4
761,brass,8.63,11.22,0.0768,46.2,29.4
762,brass,8.63,10.16,0.0689,47.1,29.4
763,brass,8.63,8.74,0.0756,44.8,29.4
764,brass,8.63,9.56,0.0753,48.5,29.4
765,brass,8.63,9.81,0.0645,44.6,29.4
766,brass,8.63,8.53,0.0670,45.6,29.4
767,brass,8.62,8.90,0.0555,50.2,29.4
768,brass,8.62,8.48,0.0642,47.7,29.4
769,brass,8.60,9.28,0.0733,25.0,29.4
770,brass,8.59,7.88,0.0905,46.1,29.4
771,brass,8.59,8.85,0.0506,45.0,29.4
772,brass,8.58,8.46,0.0425,45.8,29.4
773,brass,8.58,8.81,0.0447,45.9,29.4
774,brass,8.58,8.10,0.0513,44.6,29.4
775,brass,8.58,8.97,0.0457,50.0,29.4
776,brass,8.58,9.02,0.0541,49.0,29.4
777,brass,8.59,9.85,0.0361,46.9,29.4
778,brass,8.59,9.16,0.0435,48.6,29.5
779,brass,8.59,8.99,0.0464,46.6,29.5
780,brass,8.60,9.21,0.0519,49.0,29.5
781,brass,8.60,9.84,0.0374,49.0,29.3
782,brass,8.60,9.34,0.0457,49.2,29.4
783,brass,8.60,9.15,0.0437,50.8,29.4
784,brass,8.61,9.65,0.0405,46.2,29.4
785,brass,8.61,10.33,0.0465,53.1,29.4
786,brass,8.61,9.43,0.0447,47.3,29.4
787,brass,8.61,9.55,0.0420,46.5,29.4
788,brass,8.61,9.90,0.0411,46.5,29.4
789,brass,8.61,10.82,0.0465,46.2,29.4
790,brass,8.60,12.16,0.0525,45.8,29.4
791,brass,8.61,9.20,0.0521,48.8,29.4
792,brass,8.61,11.12,0.0468,49.7,29.4
793,brass,8.61,9.92,0.0470,48.0,29.4
794,brass,8.61,9.90,0.0534,47.2,29.4
795,brass,8.61,9.09,0.0642,46.4,29.5
796,toilet tissue,8.61,8.83,0.0411,47.7,29.5
797,quill,8.61,8.81,0.1478,46.9,29.5
798,quill,8.61,8.73,0.0871,48.4,29.5
799,ballpoint,8.62,8.69,0.3146,47.6,29.5
800,ballpoint,8.62,11.52,0.2144,47.0,29.3
801,ballpoint,8.62,8.79,0.2111,50.0,29.5
802,ballpoint,8.63,10.19,0.1556,53.6,29.5
803,quill,8.63,10.20,0.0947,52.2,29.4
804,screwdriver,8.64,11.46,0.1160,50.0,29.5
805,syringe,8.64,11.74,0.1867,45.5,29.5
806,syringe,8.65,10.19,0.1281,53.1,29.5
807,projectile,8.66,9.15,0.1679,54.0,29.6
808,projectile,8.66,10.77,0.2198,51.3,29.3
809,screwdriver,8.67,11.00,0.1153,51.6,29.4
810,screwdriver,8.67,11.29,0.0818,52.9,29.5
811,quill,8.67,10.25,0.1025,52.2,29.3
812,quill,8.67,10.60,0.1343,47.2,29.4
813,syringe,8.67,8.56,0.1433,45.9,29.5
814,screwdriver,8.67,8.98,0.1190,46.2,29.3
815,syringe,8.67,8.31,0.2705,48.5,29.4
816,screwdriver,8.68,9.04,0.1975,48.9,29.5
817,screwdriver,8.68,9.63,0.3041,48.2,29.3
818,screwdriver,8.69,9.58,0.2618,47.0,29.4
819,screwdriver,8.69,9.69,0.2690,50.0,29.4
820,screwdriver,8.70,8.74,0.2832,49.5,29.4
821,screwdriver,8.70,9.12,0.2674,45.9,29.5
822,screwdriver,8.71,9.16,0.2121,53.3,29.3
823,screwdriver,8.71,8.28,0.1749,52.1,29.4
824,screwdriver,8.71,9.54,0.1686,50.0,29.5
825,screwdriver,8.72,8.84,0.1457,45.1,29.3
826,screwdriver,8.72,9.71,0.1526,56.4,29.3
827,syringe,8.73,11.19,0.1427,48.1,29.3
828,syringe,8.73,9.60,0.1595,51.8,29.4
829,syringe,8.74,9.81,0.1475,49.3,29.4
830,screwdriver,8.74,9.13,0.1616,48.4,29.4
831,screwdriver,8.74,9.06,0.1822,52.9,29.4
832,screwdriver,8.75,8.43,0.1935,49.3,29.4
833,screwdriver,8.75,9.43,0.1918,55.6,29.4
834,screwdriver,8.75,9.27,0.1881,53.6,29.4
835,screwdriver,8.76,9.55,0.1812,49.0,29.5
836,syringe,8.76,9.98,0.1981,50.5,29.5
837,syringe,8.77,10.49,0.1874,51.7,29.3
838,syringe,8.77,12.62,0.2055,51.1,29.4
839,syringe,8.77,10.43,0.1938,47.9,29.4
840,syringe,8.78,10.27,0.2070,50.6,29.4
841,screwdriver,8.78,9.89,0.1796,50.0,29.4
842,syringe,8.79,10.46,0.1573,57.1,29.4
843,screwdriver,8.80,11.39,0.2469,52.8,29.2
844,screwdriver,8.80,9.73,0.2557,48.8,29.4
845,syringe,8.80,11.24,0.2573,48.8,29.4
846,syringe,8.81,10.17,0.1887,54.0,29.4
847,syringe,8.81,9.86,0.2736,46.9,29.4
848,rubber eraser,8.81,10.70,0.3059,46.5,29.4
849,rubber eraser,8.82,8.84,0.2238,48.2,29.3
850,rubber eraser,8.82,7.91,0.2240,50.0,29.4
851,syringe,8.82,8.79,0.1934,46.2,29.4
852,rubber eraser,8.82,8.57,0.1837,50.3,29.4
853,rubber eraser,8.82,8.54,0.1597,48.0,29.4
854,screwdriver,8.81,10.97,0.1551,46.0,29.4
855,quill,8.80,11.04,0.1269,40.6,29.4
856,fountain,8.80,8.61,0.1547,45.1,29.4
857,radiator,8.80,18.77,0.0357,47.8,29.2
858,brass,8.80,9.10,0.0398,50.4,29.4
859,radiator,8.80,9.48,0.0310,49.7,29.5
860,brass,8.80,9.87,0.0315,45.4,29.3
861,brass,8.80,9.08,0.0378,49.3,29.4
862,brass,8.81,9.55,0.0389,45.4,29.4
863,brass,8.81,10.18,0.0387,48.1,29.4
864,brass,8.81,9.04,0.0347,46.1,29.4
865,brass,8.81,8.53,0.0396,49.7,29.4
866,brass,8.81,8.47,0.0445,46.1,29.4
867,brass,8.81,9.15,0.0505,50.7,29.4
868,brass,8.82,9.99,0.0463,55.0,29.4
869,brass,8.82,10.14,0.0434,54.7,29.4
870,brass,8.82,8.55,0.0405,48.5,29.4
871,brass,8.83,8.16,0.0429,48.6,29.4
872,brass,8.83,9.19,0.0428,55.0,29.4
873,brass,8.83,9.11,0.0386,47.6,29.4
874,brass,8.83,9.06,0.0442,48.6,29.4
875,brass,8.84,8.96,0.0388,54.4,29.4
876,brass,8.84,11.21,0.0423,51.8,29.4
877,brass,8.84,9.31,0.0389,51.9,29.4
878,brass,8.85,9.57,0.0444,46.6,29.4
879,brass,8.85,9.40,0.0408,51.8,29.4
880,brass,8.85,10.58,0.0431,52.2,29.4
881,brass,8.86,10.11,0.0383,49.6,29.4
882,brass,8.86,9.90,0.0424,46.3,29.4
883,brass,8.86,10.40,0.0369,51.1,29.4
884,brass,8.87,9.25,0.0404,52.5,29.4
885,brass,8.87,9.36,0.0401,47.7,29.4
886,brass,8.87,10.56,0.0448,50.4,29.4
887,brass,8.88,9.24,0.0399,46.4,29.4
888,brass,8.87,9.95,0.0446,48.4,29.4
889,brass,8.87,8.58,0.0481,45.4,29.4
890,brass,8.86,8.29,0.0490,46.8,29.4
891,mortar,8.85,8.21,0.0557,46.7,29.4
892,Band Aid,8.85,8.24,0.0768,46.5,29.4
893,screwdriver,8.85,8.72,0.0566,47.5,29.4
894,screwdriver,8.86,8.90,0.1583,47.8,29.4
895,screwdriver,8.86,8.46,0.1485,49.2,29.4
896,screwdriver,8.86,8.50,0.1524,47.3,29.5
897,screwdriver,8.87,9.90,0.1743,56.4,29.4
898,fountain pen,8.87,8.16,0.1748,47.9,29.4
899,screwdriver,8.88,9.52,0.2303,47.6,29.4
900,screwdriver,8.88,10.55,0.2933,50.8,29.3
901,screwdriver,8.88,8.66,0.2346,48.2,29.4
902,screwdriver,8.89,8.44,0.2570,50.6,29.4
903,fountain pen,8.89,10.41,0.2902,47.9,29.4
904,fountain pen,8.90,9.77,0.2683,48.8,29.4
905,fountain pen,8.90,9.22,0.2241,49.5,29.4
906,fountain pen,8.91,9.17,0.2966,50.0,29.4
907,fountain pen,8.91,10.15,0.4162,47.8,29.4
908,fountain pen,8.91,9.15,0.4148,44.8,29.4
909,fountain pen,8.91,9.27,0.3885,48.2,29.4
910,fountain pen,8.91,8.43,0.4655,46.3,29.4
911,fountain pen,8.91,9.59,0.4048,48.0,29.4
912,fountain pen,8.92,8.97,0.4924,46.1,29.3
913,fountain pen,8.92,9.38,0.4254,46.3,29.3
914,fountain pen,8.92,8.67,0.4035,45.6,29.3
915,fountain pen,8.92,10.25,0.2976,48.6,29.3
916,fountain pen,8.91,9.06,0.1891,45.2,29.3
917,quill,8.90,11.98,0.1091,47.1,29.3
918,toilet tissue,8.90,9.24,0.0343,47.2,29.3
919,toilet tissue,8.91,10.22,0.0374,45.9,29.3
920,radiator,8.91,10.20,0.0331,53.3,29.3
921,radiator,8.91,10.48,0.0354,50.0,29.3
922,radiator,8.91,9.76,0.0337,50.3,29.4
923,brass,8.92,8.97,0.0353,47.2,29.3
924,brass,8.92,8.93,0.0383,49.1,29.3
925,brass,8.92,8.63,0.0381,48.0,29.3
926,brass,8.92,8.39,0.0482,53.3,29.3
927,brass,8.93,8.68,0.0374,51.9,29.3
928,brass,8.93,9.41,0.0426,50.0,29.3
929,brass,8.93,8.91,0.0444,48.3,29.3
930,brass,8.94,9.16,0.0343,51.5,29.3
931,brass,8.94,8.99,0.0487,49.1,29.3
932,brass,8.94,9.23,0.0445,52.5,29.3
933,brass,8.95,9.00,0.0393,46.0,29.3
934,brass,8.95,10.38,0.0448,50.0,29.3
935,brass,8.95,9.15,0.0425,47.8,29.3
936,brass,8.95,8.51,0.0479,45.6,29.3
937,brass,8.96,10.96,0.0479,52.3,29.3
938,brass,8.96,9.68,0.0463,49.6,29.3
939,brass,8.97,8.87,0.0525,49.6,29.4
940,brass,8.97,9.22,0.0434,46.0,29.4
941,brass,8.97,8.77,0.0497,47.8,29.4
942,brass,8.92,9.32,0.0435,49.0,29.3
943,brass,8.92,8.26,0.0376,47.8,29.4
944,brass,8.92,8.95,0.0423,49.0,29.4
945,brass,8.92,9.79,0.0370,47.7,29.3
946,brass,8.92,8.85,0.0371,47.1,29.3
947,brass,8.92,10.16,0.0444,48.9,29.3
948,brass,8.93,9.88,0.0477,46.6,29.3
949,brass,8.93,9.32,0.0464,48.1,29.3
950,brass,8.93,8.20,0.0470,46.9,29.3
951,brass,8.93,8.70,0.0371,49.7,29.3
952,brass,8.93,8.69,0.0463,48.2,29.3
953,brass,8.93,9.13,0.0455,51.1,29.3
954,brass,8.94,8.80,0.0401,50.8,29.3
955,brass,8.94,8.94,0.0399,45.8,29.3
956,brass,8.94,9.38,0.0406,46.8,29.3
957,brass,8.94,25.23,0.0494,51.1,29.3
958,brass,8.94,9.82,0.0555,44.4,29.3
959,brass,8.95,9.44,0.0445,52.4,29.4
960,brass,8.95,10.52,0.0461,47.7,29.2
961,brass,8.95,9.77,0.0477,46.8,29.3
962,brass,8.94,9.61,0.0335,46.6,29.4
963,brass,8.94,9.37,0.0407,44.5,29.4
964,brass,8.94,8.10,0.0417,46.5,29.4
965,brass,8.94,8.68,0.0356,52.0,29.4
966,brass,8.95,9.46,0.0373,51.2,29.4
967,brass,8.95,8.43,0.0527,47.5,29.4
968,toilet tissue,8.93,8.07,0.0382,27.3,29.4
969,hammer,8.92,8.29,0.0790,48.1,29.4
970,hammer,8.92,7.23,0.0950,46.3,29.3
971,rubber eraser,8.93,9.95,0.0835,48.7,29.3
972,rubber eraser,8.93,8.82,0.2688,47.8,29.3
973,rubber eraser,8.93,8.24,0.5421,47.7,29.4
974,rubber eraser,8.93,9.25,0.7201,46.5,29.3
975,rubber eraser,8.94,8.84,0.2773,46.5,29.3
976,rubber eraser,8.94,7.96,0.3252,46.9,29.3
977,rubber eraser,8.94,7.87,0.2561,46.2,29.3
978,hammer,8.94,8.53,0.2063,46.9,29.4
979,rubber eraser,8.94,9.73,0.1730,46.8,29.4
980,rubber eraser,8.94,7.89,0.2401,45.2,29.4
981,rubber eraser,8.94,8.74,0.2205,47.6,29.4
982,rubber eraser,8.94,7.96,0.1756,46.9,29.4
983,rubber eraser,8.94,7.29,0.1635,45.7,29.4
984,rubber eraser,8.95,9.30,0.1736,53.2,29.4
985,rubber eraser,8.95,8.24,0.1691,49.7,29.5
986,rubber eraser,8.95,10.53,0.1862,46.9,29.2
987,paintbrush,8.95,8.67,0.1424,50.4,29.3
988,rubber eraser,8.95,8.55,0.2051,45.9,29.4
989,rubber eraser,8.95,9.56,0.2120,48.0,29.2
990,rubber eraser,8.96,8.57,0.2051,51.2,29.3
991,rubber eraser,8.95,8.25,0.1967,45.9,29.3
992,rubber eraser,8.96,8.93,0.2323,48.0,29.3
993,rubber eraser,8.96,8.25,0.2270,50.5,29.4
994,rubber eraser,8.97,10.07,0.2053,50.5,29.2
995,rubber eraser,8.97,9.46,0.1779,48.7,29.2
996,rubber eraser,8.97,9.56,0.1924,48.6,29.4
997,rubber eraser,8.97,9.02,0.3252,48.0,29.4
998,rubber eraser,8.97,11.78,0.4218,45.8,29.1
999,rubber eraser,8.97,9.03,0.1895,48.0,29.2
1000,toilet tissue,8.97,8.77,0.0392,45.8,29.2
1001,radiator,8.97,9.59,0.0334,50.0,29.2
1002,radiator,8.97,10.58,0.0309,48.3,29.3
1003,brass,8.97,8.68,0.0349,48.6,29.4
1004,brass,8.97,10.24,0.0378,46.5,29.3
1005,brass,8.97,8.21,0.0337,50.4,29.4
1006,brass,8.98,10.88,0.0412,50.0,29.4
1007,brass,8.98,8.63,0.0462,49.6,29.4
1008,brass,8.98,9.32,0.0369,50.0,29.4
1009,brass,8.98,7.47,0.0363,48.5,29.3
1010,brass,8.99,8.00,0.0410,52.5,29.3
1011,brass,8.99,8.62,0.0413,46.8,29.3
1012,brass,8.99,9.17,0.0385,49.0,29.3
1013,brass,8.99,9.73,0.0365,48.0,29.4
1014,brass,8.99,8.63,0.0321,45.4,29.4
1015,brass,8.99,8.96,0.0354,47.8,29.4
1016,brass,8.99,8.94,0.0416,49.2,29.4
1017,brass,8.99,9.12,0.0418,46.7,29.5
1018,brass,9.00,10.17,0.0403,49.6,29.2
1019,brass,9.00,8.46,0.0353,50.0,29.3
1020,brass,8.99,8.90,0.0465,46.1,29.3
1021,brass,9.00,10.46,0.0464,46.9,29.3
1022,brass,9.00,8.52,0.0550,54.4,29.3
1023,brass,9.00,8.09,0.0610,49.4,29.3
1024,brass,9.00,8.58,0.0559,47.4,29.3
1025,brass,9.00,8.80,0.0527,45.5,29.3
1026,brass,9.00,8.94,0.0437,47.7,29.3
1027,brass,9.00,9.29,0.0535,49.8,29.3
1028,brass,9.00,9.57,0.0427,48.8,29.3
1029,brass,9.00,9.85,0.0468,45.8,29.4
1030,brass,9.00,10.07,0.0451,52.7,29.4
1031,brass,9.00,9.35,0.0364,46.6,29.4
1032,brass,8.99,8.91,0.0424,45.8,29.4
1033,brass,8.99,9.39,0.0389,45.1,29.4
1034,brass,8.99,9.70,0.0378,46.6,29.2
1035,brass,8.99,9.59,0.0389,47.5,29.4
1036,brass,8.99,9.34,0.0430,50.0,29.4
1037,brass,8.99,9.21,0.0490,47.7,29.4
1038,brass,8.99,10.65,0.0443,47.2,29.4
1039,brass,8.99,10.20,0.0417,47.7,29.4
1040,brass,8.99,10.90,0.0595,48.1,29.3
1041,brass,8.99,11.08,0.0574,47.3,29.3
1042,brass,8.99,8.16,0.0593,45.7,29.4
1043,brass,8.99,10.90,0.0588,49.0,29.4
1044,brass,8.99,10.13,0.0527,49.7,29.4
1045,brass,8.99,8.71,0.0554,48.3,29.4
1046,brass,8.99,9.62,0.0645,45.7,29.4
1047,brass,8.99,8.65,0.0583,47.7,29.4
1048,brass,8.99,8.89,0.0646,51.9,29.3
1049,brass,8.99,8.82,0.0526,48.8,29.4
1050,brass,8.99,9.03,0.0589,48.6,29.4
1051,brass,9.00,9.59,0.0659,48.9,29.4
1052,brass,9.00,7.98,0.0557,47.4,29.4
1053,brass,9.00,10.55,0.0647,47.2,29.4
1054,brass,8.99,9.48,0.0705,46.4,29.4
1055,brass,8.99,11.23,0.0616,46.4,29.4
1056,brass,8.99,8.04,0.0655,44.2,29.4
1057,brass,8.99,7.84,0.0601,48.6,29.4
1058,brass,8.99,10.29,0.0666,47.2,29.4
1059,brass,8.99,12.68,0.0681,46.8,29.4
1060,brass,8.99,9.24,0.0697,46.2,29.4
1061,brass,8.98,10.11,0.0716,47.2,29.4
1062,brass,8.98,10.48,0.0671,46.7,29.4
1063,brass,8.97,8.96,0.0763,48.0,29.4
1064,brass,8.97,9.79,0.0578,45.4,29.4
1065,brass,8.97,10.46,0.0632,47.9,29.4
1066,brass,8.98,11.63,0.0719,46.3,29.4
1067,brass,8.98,9.55,0.0729,48.7,29.4
1068,brass,8.98,10.92,0.0729,45.9,29.4
1069,brass,8.98,10.57,0.0670,48.4,29.4
1070,brass,8.98,9.14,0.0521,52.3,29.4
1071,brass,8.98,9.22,0.0499,47.5,29.4
1072,brass,8.98,8.90,0.0580,50.0,29.4
1073,brass,8.98,8.86,0.0561,48.3,29.4
1074,brass,8.98,7.53,0.0629,45.5,29.4
1075,brass,8.99,8.54,0.0671,45.6,29.4
1076,brass,8.99,8.69,0.0648,48.9,29.4
1077,brass,8.98,8.82,0.0699,45.8,29.4
1078,brass,8.98,9.09,0.0636,44.2,29.4
1079,brass,8.99,10.54,0.0614,50.6,29.5
1080,brass,8.99,10.15,0.0564,45.4,29.2
1081,brass,8.99,10.91,0.0645,55.9,29.5
1082,brass,8.99,9.78,0.0828,50.0,29.3
1083,brass,8.99,8.74,0.0549,46.3,29.4
1084,brass,8.99,8.73,0.0731,45.1,29.4
1085,brass,8.99,8.21,0.0641,52.0,29.4
1086,brass,8.99,10.27,0.0554,45.2,29.4
1087,brass,8.98,8.21,0.0560,47.9,29.4
1088,brass,8.98,8.65,0.0598,44.9,29.3
1089,brass,8.98,8.75,0.0461,46.3,29.3
1090,brass,8.97,7.86,0.0551,45.8,29.3
1091,brass,8.97,9.04,0.0519,47.2,29.3
1092,brass,8.97,9.15,0.0457,45.7,29.3
1093,brass,8.97,9.33,0.0455,48.8,29.3
1094,brass,8.97,9.42,0.0550,47.4,29.3
1095,brass,8.96,9.54,0.0452,45.7,29.3
1096,brass,8.96,9.30,0.0398,50.0,29.3
1097,brass,8.96,10.50,0.0438,50.5,29.4
1098,brass,8.96,13.00,0.0420,46.3,29.2
1099,brass,8.97,9.69,0.0442,48.8,29.4
1100,brass,8.97,8.15,0.0510,47.0,29.4
1101,brass,8.97,8.26,0.0477,47.0,29.4
1102,brass,8.97,8.23,0.0497,45.6,29.4
1103,brass,8.96,10.09,0.0509,45.8,29.4
1104,brass,8.97,8.72,0.0673,47.6,29.4
1105,brass,8.97,9.54,0.0509,45.5,29.4
1106,brass,8.96,14.63,0.0517,45.6,29.3
1107,brass,8.96,9.27,0.0527,48.9,29.3
1108,brass,8.96,8.85,0.0507,48.7,29.3
1109,brass,8.96,7.39,0.0742,46.1,29.3
1110,brass,8.96,7.80,0.0707,47.1,29.3
1111,brass,8.96,8.82,0.0630,46.6,29.3
1112,brass,8.96,9.92,0.0602,48.2,29.3
1113,brass,8.96,7.97,0.0643,44.2,29.3
1114,brass,8.96,9.48,0.0784,49.5,29.3
1115,brass,8.96,9.66,0.0759,52.5,29.4
1116,toilet tissue,8.96,8.69,0.0572,48.3,29.4
1117,toilet tissue,8.96,9.88,0.0420,45.6,29.4
1118,fur coat,8.96,8.20,0.1002,46.5,29.4
1119,fur coat,8.97,9.09,0.0778,50.0,29.4
1120,paper towel,8.97,10.09,0.1270,49.5,29.2
1121,cowboy boot,8.97,9.46,0.0851,45.8,29.3
1122,cowboy boot,8.98,10.06,0.1298,53.6,29.3
1123,cowboy boot,8.98,9.09,0.1663,47.2,29.3
1124,cowboy boot,8.98,8.21,0.0620,47.6,29.3
1125,beer glass,8.98,8.76,0.0945,45.7,29.3
1126,cowboy boot,8.98,8.24,0.0736,48.4,29.3
1127,beer glass,8.98,8.30,0.1134,47.2,29.3
1128,pop bottle,8.98,11.33,0.0767,47.5,29.3
1129,beer bottle,8.98,10.67,0.0747,45.6,29.3
1130,pop bottle,8.98,9.22,0.0988,49.7,29.3
1131,beer bottle,8.98,8.95,0.0572,44.6,29.3
1132,paper towel,8.98,9.00,0.1096,50.0,29.3
1133,pop bottle,8.99,9.25,0.1146,45.1,29.3
1134,pop bottle,8.98,9.61,0.1369,47.9,29.3
1135,pop bottle,8.98,10.78,0.1039,47.5,29.3
1136,pop bottle,8.98,9.87,0.1364,52.1,29.3
1137,saltshaker,8.98,8.10,0.1360,46.0,29.3
1138,maillot,8.97,9.98,0.0463,50.2,29.3
1139,dough,8.97,8.71,0.0410,47.0,29.3
1140,conch,8.97,9.13,0.1700,47.2,29.3
1141,conch,8.97,8.45,0.1824,46.6,29.3
1142,conch,8.96,7.84,0.5892,40.6,29.3
1143,conch,8.96,10.41,0.0921,45.4,29.3
1144,conch,8.95,9.99,0.2740,45.7,29.3
1145,dough,8.95,8.48,0.1839,45.3,29.3
1146,swimming trunks,8.94,8.52,0.1009,47.0,29.3
1147,tub,8.94,10.07,0.0795,43.1,29.3
1148,freight car,8.94,10.05,0.0606,51.0,29.3
1149,tub,8.94,8.63,0.1465,52.0,29.3
1150,tub,8.94,9.39,0.0975,47.2,29.3
1151,beach wagon,8.94,9.86,0.0928,48.3,29.3
1152,red wine,8.94,8.98,0.0941,45.4,29.3
1153,trifle,8.94,12.24,0.0969,48.3,29.3
1154,tub,8.94,8.83,0.1104,45.8,29.3
1155,tub,8.94,9.00,0.1558,47.4,29.3
1156,tub,8.94,10.74,0.0927,49.2,29.3
1157,tub,8.95,9.59,0.1524,53.5,29.3
1158,tub,8.95,9.82,0.1158,51.3,29.3
1159,syringe,8.95,11.93,0.0776,49.0,29.3
1160,tub,8.95,10.11,0.1143,50.0,29.3
1161,tub,8.95,9.49,0.1065,46.9,29.3
1162,tub,8.95,9.67,0.1200,45.3,29.3
1163,tub,8.94,10.00,0.1933,46.7,29.3
1164,tub,8.94,9.08,0.1504,47.4,29.3
1165,tub,8.94,10.49,0.0963,45.2,29.3
1166,tub,8.93,9.25,0.0923,49.5,29.3
1167,tub,8.93,8.95,0.1155,48.7,29.4
1168,tub,8.93,8.52,0.0899,47.9,29.4
1169,tub,8.93,11.07,0.1393,44.8,29.3
1170,tub,8.93,11.05,0.1302,46.6,29.3
1171,tub,8.93,8.62,0.1264,48.6,29.4
1172,syringe,8.93,8.40,0.1101,47.1,29.4
1173,syringe,8.93,8.78,0.1143,44.9,29.4
1174,tub,8.92,8.15,0.0983,45.4,29.4
1175,tub,8.92,10.27,0.0911,48.1,29.5
1176,tub,8.93,12.11,0.0947,48.2,29.2
1177,tub,8.92,8.84,0.0923,44.8,29.4
1178,tub,8.92,8.67,0.0847,47.5,29.4
1179,syringe,8.92,9.08,0.1076,48.3,29.4
1180,tub,8.92,8.90,0.0967,50.4,29.4
1181,tub,8.92,8.73,0.1181,49.6,29.4
1182,tub,8.92,8.27,0.1017,45.4,29.4
1183,tub,8.92,10.14,0.1222,54.4,29.4
1184,syringe,8.93,9.61,0.1083,48.8,29.4
1185,tub,8.92,9.21,0.1094,45.6,29.4
1186,syringe,8.93,9.26,0.0991,53.7,29.4
1187,tub,8.93,9.52,0.0994,47.8,29.4
1188,tub,8.93,9.25,0.1011,46.6,29.4
1189,tub,8.93,9.49,0.1013,50.0,29.4
1190,tub,8.94,9.91,0.1073,49.6,29.4
1191,tub,8.94,10.11,0.1044,47.9,29.4
1192,tub,8.94,9.74,0.1038,46.9,29.4
1193,tub,8.94,8.96,0.1102,48.8,29.4
1194,tub,8.94,10.59,0.1093,48.1,29.4
1195,tub,8.94,11.92,0.1171,49.4,29.4
1196,tub,8.94,9.94,0.1018,46.1,29.4
1197,tub,8.95,11.37,0.1115,49.3,29.4
1198,tub,8.95,10.28,0.1065,48.4,29.4
1199,tub,8.95,9.77,0.1364,50.0,29.4
1200,tub,8.95,9.73,0.0916,47.6,29.4
1201,tub,8.96,10.06,0.0983,48.7,29.4
1202,tub,8.96,9.78,0.1306,51.8,29.4
1203,syringe,8.96,12.69,0.0890,51.6,29.4
1204,tub,8.96,9.17,0.0964,47.9,29.4
1205,tub,8.97,9.75,0.0880,47.4,29.4
1206,tub,8.97,9.60,0.1117,48.2,29.4
1207,tub,8.97,9.47,0.1012,48.3,29.5
1208,tub,8.97,13.06,0.0982,50.0,29.2
1209,tub,8.98,10.87,0.1257,52.0,29.3
1210,tub,8.98,10.32,0.0905,46.6,29.4
1211,tub,8.98,9.65,0.0986,46.5,29.2
1212,tub,8.98,10.00,0.1064,53.1,29.3
1213,tub,8.98,9.24,0.1103,46.5,29.3
1214,tub,8.99,10.38,0.1114,46.0,29.3
1215,tub,8.99,8.40,0.0972,47.9,29.3
1216,tub,8.99,10.25,0.1017,51.6,29.3
1217,tub,8.99,10.00,0.1267,48.1,29.3
1218,tub,8.99,10.39,0.1279,47.2,29.3
1219,tub,9.00,9.64,0.1291,52.2,29.3
1220,tub,9.00,9.74,0.1156,48.2,29.3
1221,tub,9.00,8.84,0.1062,46.2,29.3
1222,syringe,9.00,8.70,0.0955,45.2,29.3
1223,tub,9.00,9.43,0.0989,47.6,29.3
1224,tub,9.00,8.68,0.1092,46.0,29.3
1225,tub,9.00,9.92,0.0900,46.8,29.3
1226,tub,9.01,9.00,0.0968,50.3,29.3
1227,tub,9.01,9.36,0.0934,47.2,29.3
1228,tub,9.01,9.02,0.1232,48.4,29.3
1229,tub,9.01,9.75,0.1287,46.5,29.3
1230,tub,9.01,12.09,0.1113,50.9,29.3
1231,tub,9.02,9.08,0.1089,45.0,29.3
1232,tub,9.02,10.27,0.1089,47.5,29.3
1233,tub,9.02,11.50,0.1098,51.5,29.3
1234,tub,9.02,9.75,0.1027,50.9,29.3
1235,tub,9.02,12.82,0.0970,46.6,29.3
1236,tub,9.02,11.13,0.1145,49.2,29.3
1237,tub,9.02,9.96,0.1190,45.4,29.3
1238,tub,9.02,9.42,0.2315,47.5,29.3
1239,tub,9.02,10.10,0.1675,45.8,29.3
1240,conch,9.01,10.90,0.3040,46.4,29.3
1241,swimming trunks,9.01,9.09,0.1190,46.7,29.3
1242,bikini,8.97,9.42,0.1004,48.1,29.3
1243,conch,8.97,8.91,0.5697,45.8,29.3
1244,bikini,8.97,9.60,0.1636,46.4,29.3
1245,piggy bank,8.97,8.80,0.0372,46.9,29.3
1246,conch,8.97,8.76,0.1683,48.1,29.3
1247,saltshaker,8.97,9.29,0.0662,48.4,29.3
1248,saltshaker,8.97,9.18,0.1294,47.1,29.4
1249,miniskirt,8.97,10.91,0.0744,48.7,29.2
1250,coffeepot,8.97,9.31,0.0778,46.5,29.3
1251,pop bottle,8.98,9.58,0.1322,54.1,29.3
1252,water jug,8.98,11.03,0.1353,46.6,29.3
1253,coffeepot,8.98,10.48,0.1767,52.3,29.3
1254,coffeepot,8.98,9.80,0.1234,48.0,29.3
1255,coffeepot,8.98,9.12,0.2109,48.1,29.3
1256,coffeepot,8.99,9.49,0.1506,49.6,29.3
1257,coffeepot,8.99,9.75,0.1476,46.5,29.3
1258,coffeepot,8.99,9.94,0.1351,50.8,29.3
1259,coffeepot,8.99,9.65,0.1176,48.3,29.3
1260,coffeepot,8.99,9.17,0.1036,45.8,29.3
1261,coffeepot,8.99,9.27,0.1210,48.4,29.3
1262,coffeepot,8.99,9.76,0.1010,48.8,29.3
1263,coffeepot,8.99,9.07,0.1170,47.8,29.4
1264,coffeepot,8.99,10.40,0.1326,45.8,29.2
1265,coffeepot,8.99,7.80,0.1203,48.2,29.3
1266,coffeepot,8.99,9.64,0.1170,46.1,29.3
1267,coffeepot,8.99,9.78,0.1432,48.0,29.3
1268,coffeepot,9.00,10.16,0.1113,46.5,29.4
1269,coffeepot,8.99,9.79,0.1383,47.6,29.2
1270,coffeepot,9.00,9.90,0.1070,48.7,29.3
1271,coffeepot,9.00,9.65,0.1091,48.3,29.3
1272,coffeepot,9.00,11.30,0.1261,44.5,29.3
1273,coffeepot,9.00,10.34,0.1045,48.5,29.3
1274,coffeepot,9.00,9.59,0.1369,47.3,29.3
1275,coffeepot,9.00,11.85,0.1118,46.8,29.3
1276,coffeepot,9.00,11.97,0.1209,48.2,29.3
1277,goblet,9.00,10.30,0.1104,48.8,29.3
1278,coffeepot,9.00,11.02,0.1033,49.1,29.3
1279,coffeepot,9.00,11.08,0.1099,47.2,29.3
1280,goblet,9.00,9.47,0.1020,46.4,29.3
1281,coffeepot,9.00,9.00,0.1064,44.6,29.3
1282,goblet,9.00,9.02,0.1063,47.4,29.3
1283,coffeepot,9.00,9.94,0.1097,45.0,29.3
1284,coffeepot,9.01,9.65,0.1199,49.2,29.3
1285,coffeepot,9.01,9.56,0.1099,49.2,29.3
1286,coffeepot,9.01,9.29,0.1140,45.3,29.3
1287,coffeepot,9.01,9.52,0.1025,46.9,29.3
1288,coffeepot,9.01,10.03,0.1066,49.2,29.3
1289,goblet,9.01,10.25,0.1068,47.3,29.3
1290,coffeepot,9.01,9.55,0.1126,45.2,29.3
1291,coffeepot,9.02,9.97,0.1295,48.2,29.3
1292,coffeepot,9.02,8.95,0.1186,46.5,29.3
1293,coffeepot,9.02,9.27,0.1208,46.0,29.3
1294,goblet,9.02,10.33,0.1201,50.8,29.3
1295,coffeepot,9.02,8.86,0.1273,49.3,29.3
1296,coffeepot,9.02,9.48,0.1328,48.9,29.3
1297,coffeepot,9.02,9.45,0.1378,50.0,29.3
1298,coffeepot,9.03,10.04,0.1296,45.8,29.3
1299,coffeepot,9.03,10.16,0.1235,51.1,29.3
1300,coffeepot,9.03,9.67,0.1160,46.6,29.3
1301,coffeepot,9.03,9.71,0.1371,48.7,29.3
1302,coffeepot,9.03,10.71,0.1241,46.3,29.3
1303,coffeepot,9.03,9.86,0.1194,50.2,29.3
1304,ashcan,9.03,9.04,0.0973,46.8,29.3
1305,ashcan,9.03,11.19,0.1555,45.2,29.3
1306,forklift,9.03,8.88,0.1674,50.3,29.3
1307,lighter,9.03,8.80,0.1486,45.6,29.3
1308,piggy bank,9.03,8.43,0.0294,50.9,29.4
1309,barrow,9.03,9.93,0.4350,46.4,29.4
1310,axolotl,9.03,8.80,0.0972,53.3,29.3
1311,mantis,9.04,9.66,0.1188,49.6,29.3
1312,axolotl,9.04,9.47,0.0708,50.5,29.3
1313,laptop,9.04,9.66,0.3365,47.0,29.2
1314,notebook,9.04,12.54,0.2509,49.3,29.2
1315,screen,9.04,11.70,0.2500,45.9,29.2
1316,screen,9.04,13.49,0.1444,52.4,29.3
1317,Pembroke,9.05,11.42,0.1448,51.2,29.3
1318,Pembroke,9.05,11.30,0.1269,49.6,29.3
1319,Pembroke,9.05,9.84,0.1666,50.0,29.3
1320,Pembroke,9.05,10.17,0.1404,49.6,29.3
1321,golden retriever,9.05,10.09,0.1636,46.4,29.3
1322,golden retriever,9.05,10.70,0.1955,46.9,29.3
1323,golden retriever,9.06,10.53,0.1961,48.8,29.3
1324,golden retriever,9.06,11.73,0.2520,53.0,29.3
1325,golden retriever,9.06,10.56,0.2214,49.0,29.3
1326,golden retriever,9.06,9.76,0.2175,48.1,29.4
1327,golden retriever,9.07,10.51,0.2372,51.9,29.2
1328,golden retriever,9.07,9.42,0.1945,45.6,29.3
1329,golden retriever,9.07,10.92,0.2214,50.0,29.3
1330,golden retriever,9.07,12.08,0.2286,48.8,29.3
1331,golden retriever,9.07,11.14,0.2367,49.4,29.3
1332,golden retriever,9.08,10.73,0.2795,50.8,29.3
1333,golden retriever,9.08,10.55,0.2169,48.9,29.3
1334,golden retriever,9.08,10.14,0.4235,46.5,29.3
1335,golden retriever,9.09,9.91,0.4250,50.9,29.4
1336,golden retriever,9.09,13.45,0.2120,50.5,29.2
1337,golden retriever,9.09,9.95,0.2368,49.6,29.3
1338,golden retriever,9.09,12.28,0.2396,45.7,29.3
1339,golden retriever,9.09,10.07,0.2393,47.0,29.3
1340,golden retriever,9.09,9.22,0.2172,47.2,29.3
1341,golden retriever,9.09,9.12,0.2463,49.4,29.3
1342,golden retriever,9.09,10.34,0.3388,51.0,29.3
1343,golden retriever,9.10,9.36,0.4629,47.0,29.3
1344,golden retriever,9.10,10.17,0.4670,51.5,29.3
1345,golden retriever,9.10,8.74,0.4553,45.2,29.3
1346,golden retriever,9.10,13.99,0.4647,49.5,29.3
1347,golden retriever,9.10,10.07,0.4589,46.5,29.3
1348,golden retriever,9.10,9.53,0.4416,46.8,29.3
1349,golden retriever,9.10,9.18,0.4741,49.4,29.3
1350,golden retriever,9.11,9.64,0.3947,46.9,29.3
1351,golden retriever,9.11,11.07,0.2992,48.2,29.3
1352,golden retriever,9.11,10.15,0.3298,47.0,29.3
1353,golden retriever,9.11,10.15,0.3060,48.9,29.3
1354,golden retriever,9.11,10.68,0.3140,46.5,29.3
1355,golden retriever,9.11,9.69,0.3541,47.7,29.3
1356,golden retriever,9.11,11.07,0.3138,48.2,29.4
1357,golden retriever,9.11,10.96,0.4220,46.6,29.1
1358,golden retriever,9.12,11.25,0.3081,48.0,29.3
1359,golden retriever,9.12,10.33,0.3511,45.5,29.3
1360,golden retriever,9.12,13.15,0.6221,49.4,29.3
1361,golden retriever,9.12,9.97,0.3277,50.8,29.3
1362,golden retriever,9.13,11.07,0.2859,48.9,29.3
1363,golden retriever,9.13,12.32,0.3651,49.6,29.3
1364,golden retriever,9.13,11.17,0.4463,48.1,29.3
1365,golden retriever,9.13,11.86,0.4871,51.6,29.3
1366,golden retriever,9.13,13.08,0.4299,46.0,29.4
1367,golden retriever,9.14,14.05,0.4043,55.3,29.2
1368,golden retriever,9.14,11.39,0.3476,54.0,29.3
1369,golden retriever,9.14,11.07,0.3763,49.5,29.4
1370,golden retriever,9.14,10.95,0.3513,52.1,29.2
1371,golden retriever,9.15,10.93,0.3779,50.0,29.3
1372,golden retriever,9.15,10.27,0.3404,48.4,29.4
1373,golden retriever,9.15,12.89,0.3925,48.3,29.2
1374,golden retriever,9.15,10.83,0.4023,49.3,29.3
1375,golden retriever,9.15,11.85,0.3655,45.3,29.3
1376,golden retriever,9.16,11.34,0.3628,51.1,29.3
1377,golden retriever,9.16,10.25,0.3622,47.9,29.3
1378,golden retriever,9.16,10.53,0.4296,48.4,29.3
1379,golden retriever,9.16,9.75,0.4528,45.0,29.3
1380,golden retriever,9.17,10.62,0.5453,50.5,29.3
1381,golden retriever,9.17,10.47,0.5063,51.6,29.3
1382,golden retriever,9.17,10.95,0.4566,51.1,29.3
1383,golden retriever,9.17,9.92,0.3396,49.5,29.3
1384,golden retriever,9.18,10.21,0.3871,51.5,29.3
1385,golden retriever,9.18,9.68,0.3444,46.3,29.3
1386,golden retriever,9.18,10.00,0.2701,52.2,29.3
1387,golden retriever,9.19,11.18,0.2896,51.4,29.3
1388,golden retriever,9.19,9.61,0.2263,47.8,29.3
1389,golden retriever,9.19,12.05,0.2307,48.7,29.3
1390,golden retriever,9.19,10.78,0.3772,54.4,29.3
1391,golden retriever,9.19,10.97,0.3861,45.0,29.3
1392,golden retriever,9.20,10.08,0.2824,49.6,29.3
1393,golden retriever,9.20,12.68,0.3868,50.0,29.3
1394,golden retriever,9.20,12.28,0.4725,47.4,29.3
1395,golden retriever,9.20,9.98,0.5119,47.8,29.3
1396,golden retriever,9.20,10.40,0.5390,48.3,29.3
1397,golden retriever,9.20,9.55,0.5071,48.3,29.3
1398,golden retriever,9.20,9.91,0.5285,48.7,29.3
1399,golden retriever,9.20,9.84,0.5216,45.9,29.3
1400,golden retriever,9.20,9.79,0.5140,47.3,29.3
1401,golden retriever,9.20,9.11,0.4738,50.0,29.3
1402,golden retriever,9.21,10.94,0.5040,44.7,29.3
1403,golden retriever,9.21,10.33,0.5835,49.3,29.2
1404,golden retriever,9.21,10.63,0.5193,46.5,29.3
1405,golden retriever,9.21,14.33,0.5451,49.2,29.2
1406,golden retriever,9.21,10.55,0.5612,45.9,29.3
1407,golden retriever,9.22,11.66,0.5264,55.6,29.3
1408,golden retriever,9.22,10.97,0.5539,46.5,29.3
1409,golden retriever,9.22,11.99,0.5719,49.7,29.3
1410,golden retriever,9.22,10.96,0.5798,47.8,29.3
1411,golden retriever,9.22,16.89,0.5473,47.0,29.3
1412,golden retriever,9.22,11.36,0.5471,50.3,29.3
1413,golden retriever,9.22,10.43,0.5271,47.6,29.5
1414,golden retriever,9.22,11.20,0.5097,49.7,29.2
1415,golden retriever,9.23,9.88,0.5201,52.4,29.3
1416,golden retriever,9.23,10.90,0.4796,48.8,29.3
1417,golden retriever,9.23,10.69,0.5097,50.5,29.3
1418,golden retriever,9.24,10.86,0.4633,47.5,29.3
1419,golden retriever,9.24,10.19,0.4502,50.8,29.3
1420,golden retriever,9.24,12.30,0.5059,46.4,29.3
1421,golden retriever,9.24,12.03,0.4655,54.5,29.3
1422,golden retriever,9.25,10.36,0.5032,52.4,29.3
1423,golden retriever,9.25,11.40,0.4965,58.2,29.3
1424,golden retriever,9.25,13.85,0.4834,45.5,29.3
1425,golden retriever,9.25,9.94,0.4588,50.3,29.3
1426,golden retriever,9.25,9.71,0.3845,45.8,29.3
1427,golden retriever,9.26,10.35,0.5226,48.4,29.3
1428,golden retriever,9.26,13.47,0.3150,51.9,29.3
1429,golden retriever,9.26,9.15,0.4824,46.9,29.3
1430,golden retriever,9.26,11.45,0.4159,46.9,29.2
1431,golden retriever,9.26,9.41,0.4869,47.8,29.3
1432,golden retriever,9.26,9.04,0.2101,48.1,29.3
1433,golden retriever,9.26,11.06,0.2415,47.3,29.4
1434,golden retriever,9.27,11.92,0.1576,48.8,29.4
1435,golden retriever,9.27,10.98,0.0900,48.6,29.3
1436,titi,9.27,9.71,0.0712,46.9,29.3
1437,golden retriever,9.27,10.33,0.1249,48.4,29.3
1438,golden retriever,9.28,10.96,0.1340,52.2,29.3
1439,golden retriever,9.28,11.11,0.1301,53.0,29.3
1440,golden retriever,9.28,10.67,0.1259,46.9,29.3
1441,golden retriever,9.29,10.34,0.1544,50.5,29.3
1442,golden retriever,9.29,10.93,0.1303,50.5,29.3
1443,golden retriever,9.29,11.79,0.1456,60.8,29.3
1444,golden retriever,9.30,12.29,0.1254,49.2,29.3
1445,golden retriever,9.30,12.80,0.1502,53.9,29.3
1446,golden retriever,9.30,10.83,0.1497,47.3,29.3
1447,golden retriever,9.31,11.14,0.1648,51.2,29.3
1448,golden retriever,9.31,10.70,0.1205,53.9,29.3
1449,golden retriever,9.31,10.71,0.1193,51.1,29.3
1450,golden retriever,9.32,13.27,0.1082,49.4,29.3
1451,golden retriever,9.32,12.19,0.1098,47.2,29.3
1452,golden retriever,9.32,13.57,0.1676,57.4,29.3
1453,golden retriever,9.32,10.70,0.1480,52.5,29.4
1454,golden retriever,9.33,12.82,0.1491,52.5,29.2
1455,golden retriever,9.33,11.10,0.1273,50.5,29.3
1456,golden retriever,9.33,11.23,0.1000,49.4,29.3
1457,Saluki,9.33,10.49,0.1242,51.1,29.3
1458,Saluki,9.34,14.01,0.1245,45.3,29.3
1459,golden retriever,9.34,12.99,0.0944,54.1,29.3
1460,Saluki,9.34,10.38,0.1101,47.3,29.3
1461,golden retriever,9.34,13.96,0.1347,49.6,29.3
1462,jacamar,9.35,11.01,0.1625,49.4,29.3
1463,banana,9.35,10.63,0.0747,51.3,29.3
1464,can opener,9.35,11.47,0.0376,47.5,29.3
1465,beaker,9.35,10.78,0.1218,49.1,29.3
1466,beaker,9.35,11.91,0.0878,48.5,29.3
1467,beaker,9.35,11.61,0.1208,48.6,29.3
1468,beaker,9.36,13.05,0.0990,48.8,29.3
1469,coffeepot,9.36,11.86,0.1431,50.5,29.3
1470,coffeepot,9.36,11.69,0.2022,50.0,29.3
1471,coffeepot,9.36,11.74,0.1880,58.6,29.3
1472,coffeepot,9.36,13.04,0.2015,46.3,29.3
1473,coffeepot,9.37,11.81,0.1980,51.3,29.3
1474,coffeepot,9.37,11.26,0.1519,48.3,29.3
1475,coffeepot,9.37,11.41,0.1421,46.5,29.3
1476,coffeepot,9.37,13.75,0.1384,51.7,29.3
1477,coffeepot,9.37,11.15,0.1505,45.1,29.3
1478,coffeepot,9.38,11.53,0.1168,52.0,29.3
1479,coffeepot,9.38,10.75,0.1247,47.6,29.3
1480,coffeepot,9.38,12.11,0.1201,48.2,29.3
1481,coffeepot,9.38,11.36,0.1104,54.1,29.3
1482,coffeepot,9.38,11.27,0.1207,49.3,29.5
1483,coffeepot,9.38,11.71,0.1190,50.6,29.3
1484,coffeepot,9.38,10.95,0.1245,48.7,29.3
1485,coffeepot,9.39,10.41,0.1164,48.8,29.5
1486,coffeepot,9.39,10.95,0.1280,46.3,29.3
1487,coffeepot,9.39,11.53,0.1122,48.4,29.3
1488,coffeepot,9.39,10.27,0.1245,46.7,29.4
1489,coffeepot,9.39,10.71,0.1238,46.6,29.2
1490,coffeepot,9.39,11.25,0.1195,50.0,29.3
1491,coffeepot,9.39,9.95,0.1211,49.5,29.4
1492,coffeepot,9.39,12.33,0.1177,50.0,29.2
1493,coffeepot,9.40,11.05,0.1142,49.5,29.3
1494,coffeepot,9.40,10.12,0.1204,48.0,29.4
1495,coffeepot,9.40,10.85,0.1108,47.2,29.2
1496,coffeepot,9.40,12.60,0.1106,47.2,29.3
1497,coffeepot,9.40,9.98,0.1088,45.3,29.3
1498,coffeepot,9.40,10.43,0.0991,46.9,29.3
1499,coffeepot,9.40,12.31,0.1120,46.2,29.3
1500,coffeepot,9.41,9.94,0.0931,50.0,29.3
1501,coffeepot,9.41,10.30,0.1002,51.6,29.4
1502,coffeepot,9.41,12.78,0.1071,47.1,29.2
1503,coffeepot,9.41,14.55,0.1151,46.5,29.4
1504,coffeepot,9.41,12.81,0.1213,47.7,29.5
1505,coffeepot,9.41,14.80,0.1131,54.3,29.3
1506,coffeepot,9.41,13.92,0.1190,50.0,29.3
1507,coffeepot,9.41,14.57,0.1230,50.4,29.3
1508,coffeepot,9.42,10.82,0.1176,50.0,29.4
1509,coffeepot,9.42,11.49,0.1237,46.8,29.4
1510,coffeepot,9.42,9.94,0.1157,50.0,29.4
1511,coffeepot,9.42,12.09,0.1182,49.0,29.4
1512,coffeepot,9.42,11.62,0.1166,46.3,29.4
1513,coffeepot,9.42,11.58,0.1301,46.9,29.4
1514,coffeepot,9.43,10.96,0.1279,50.0,29.4
1515,coffeepot,9.43,10.67,0.1161,47.3,29.3
1516,coffeepot,9.43,11.45,0.1271,46.6,29.3
1517,coffeepot,9.43,13.01,0.1380,50.9,29.3
1518,coffeepot,9.43,17.06,0.1325,49.5,29.3
1519,coffeepot,9.43,14.04,0.1277,46.5,29.3
1520,coffeepot,9.43,10.78,0.1240,47.3,29.3
1521,coffeepot,9.44,11.14,0.1301,46.9,29.3
1522,coffeepot,9.44,11.21,0.1343,51.4,29.3
1523,coffeepot,9.44,10.51,0.1253,43.7,29.3
1524,coffeepot,9.44,12.59,0.1302,50.0,29.3
1525,coffeepot,9.44,15.01,0.1333,50.8,29.3
1526,coffeepot,9.44,11.73,0.1221,45.6,29.3
1527,coffeepot,9.44,10.34,0.1489,50.0,29.3
1528,coffeepot,9.44,11.98,0.1431,45.7,29.3
1529,coffeepot,9.44,11.42,0.1426,50.4,29.3
1530,coffeepot,9.44,10.22,0.1339,53.2,29.3
1531,coffeepot,9.44,10.12,0.1195,50.0,29.3
1532,coffeepot,9.44,11.39,0.1239,46.6,29.4
1533,coffeepot,9.45,11.84,0.1244,50.5,29.3
1534,coffeepot,9.45,9.99,0.1311,49.7,29.4
1535,coffeepot,9.45,10.25,0.1349,46.4,29.3
1536,coffeepot,9.45,11.08,0.1396,47.4,29.3
1537,coffeepot,9.45,11.51,0.1272,48.5,29.3
1538,coffeepot,9.45,12.50,0.1187,46.6,29.3
1539,coffeepot,9.45,12.64,0.1167,47.7,29.3
1540,coffeepot,9.45,10.24,0.1188,50.4,29.3
1541,coffeepot,9.45,14.47,0.1377,46.6,29.3
1542,coffeepot,9.45,10.44,0.1307,50.8,29.3
1543,coffeepot,9.45,10.86,0.1101,49.0,29.3
1544,coffeepot,9.45,10.78,0.1276,46.0,29.3
1545,coffeepot,9.45,11.46,0.1246,47.7,29.4
1546,coffeepot,9.45,9.84,0.1256,46.8,29.4
1547,coffeepot,9.45,9.87,0.1347,46.0,29.4
1548,coffeepot,9.45,9.96,0.1337,46.9,29.4
1549,coffeepot,9.45,10.02,0.1441,46.9,29.4
1550,coffeepot,9.45,13.94,0.1385,47.5,29.4
1551,coffeepot,9.46,13.80,0.1388,54.1,29.3
1552,coffeepot,9.46,10.58,0.1347,50.0,29.4
1553,coffeepot,9.45,15.23,0.1310,47.9,29.4
1554,coffeepot,9.45,12.15,0.1233,47.1,29.4
1555,coffeepot,9.45,16.63,0.1304,47.9,29.4
1556,coffeepot,9.45,14.92,0.1219,46.7,29.4
1557,coffeepot,9.45,14.10,0.1335,46.0,29.4
1558,coffeepot,9.45,10.90,0.1201,49.5,29.4
1559,coffeepot,9.45,10.84,0.1180,46.5,29.4
1560,coffeepot,9.45,12.40,0.1177,48.2,29.4
1561,coffeepot,9.46,12.10,0.1223,47.4,29.4
1562,coffeepot,9.46,10.15,0.1190,50.5,29.4
1563,coffeepot,9.46,10.58,0.1170,48.4,29.4
1564,coffeepot,9.46,13.61,0.1166,46.9,29.4
1565,coffeepot,9.46,11.01,0.1196,47.2,29.4
1566,coffeepot,9.47,10.30,0.1202,46.9,29.4
1567,coffeepot,9.47,12.57,0.1239,48.1,29.4
1568,coffeepot,9.47,10.86,0.1187,49.0,29.4
1569,coffeepot,9.46,12.68,0.1195,45.2,29.4
1570,coffeepot,9.47,10.38,0.1191,46.9,29.4
1571,coffeepot,9.47,11.15,0.1090,47.7,29.4
1572,coffeepot,9.46,13.62,0.1366,47.8,29.4
1573,coffeepot,9.46,10.26,0.1191,49.8,29.4
1574,coffeepot,9.46,12.03,0.1398,46.6,29.4
1575,coffeepot,9.46,9.89,0.1355,51.0,29.4
1576,coffeepot,9.46,10.32,0.1375,45.0,29.4
1577,coffeepot,9.46,13.55,0.1261,48.5,29.4
1578,coffeepot,9.46,10.21,0.1292,50.0,29.4
1579,coffeepot,9.46,16.29,0.1251,45.6,29.4
1580,coffeepot,9.47,10.19,0.1269,47.6,29.4
1581,coffeepot,9.47,10.33,0.1346,48.8,29.4
1582,coffeepot,9.47,11.19,0.1372,46.3,29.4
1583,coffeepot,9.47,13.65,0.1366,46.0,29.5
1584,beer glass,9.47,11.27,0.1154,51.4,29.3
1585,ashcan,9.47,12.31,0.1718,47.6,29.4
1586,coffeepot,9.47,10.53,0.1366,44.7,29.4
1587,coffeepot,9.47,10.85,0.1182,47.5,29.4
1588,soap dispenser,9.47,11.01,0.0505,48.8,29.4
1589,soap dispenser,9.47,10.10,0.0793,50.5,29.4
1590,soap dispenser,9.47,10.54,0.0542,47.3,29.4
1591,motor scooter,9.47,10.46,0.1004,45.7,29.4
1592,pop bottle,9.47,15.11,0.0428,49.5,29.4
1593,forklift,9.47,11.71,0.0609,53.1,29.4
1594,beer glass,9.47,10.93,0.1406,50.0,29.4
1595,pop bottle,9.48,13.76,0.1116,50.8,29.4
1596,pop bottle,9.48,11.30,0.0720,50.4,29.4
1597,perfume,9.48,12.07,0.0986,47.9,29.4
1598,gasmask,9.48,12.05,0.0641,49.6,29.4
1599,pop bottle,9.48,10.85,0.0831,45.5,29.4
1600,pop bottle,9.48,24.31,0.0971,48.6,29.4
1601,pop bottle,9.48,10.26,0.0877,46.2,29.4
1602,pop bottle,9.48,9.10,0.1124,47.4,29.4
1603,pop bottle,9.48,8.37,0.1062,45.4,29.4
1604,pop bottle,9.48,9.57,0.1120,45.6,29.4
1605,pop bottle,9.48,9.62,0.1060,48.0,29.4
1606,snowplow,9.48,9.04,0.0707,47.7,29.4
1607,pop bottle,9.48,8.50,0.1077,45.4,29.4
1608,pop bottle,9.48,9.69,0.1153,48.2,29.4
1609,pop bottle,9.48,9.94,0.0943,46.5,29.4
1610,pop bottle,9.48,10.09,0.1149,47.6,29.4
1611,pop bottle,9.49,9.80,0.1063,49.5,29.4
1612,pop bottle,9.49,10.17,0.1059,53.9,29.4
1613,pop bottle,9.49,10.72,0.1114,46.2,29.4
1614,pop bottle,9.49,10.02,0.1161,51.0,29.4
1615,pop bottle,9.49,11.34,0.1174,45.6,29.4
1616,pop bottle,9.50,10.28,0.1454,50.0,29.4
1617,pop bottle,9.50,10.38,0.1397,55.7,29.4
1618,pop bottle,9.50,9.71,0.1086,48.8,29.4
1619,pop bottle,9.50,11.28,0.1129,45.8,29.4
1620,pop bottle,9.50,8.80,0.1066,50.8,29.4
1621,pop bottle,9.51,8.94,0.1220,47.3,29.4
1622,pop bottle,9.51,10.87,0.1231,46.9,29.4
1623,pop bottle,9.47,9.67,0.1128,50.4,29.4
1624,pop bottle,9.48,10.61,0.1177,50.6,29.4
1625,pop bottle,9.48,10.23,0.1013,50.4,29.4
1626,pop bottle,9.48,9.99,0.1085,48.0,29.4
1627,pop bottle,9.48,10.15,0.1119,46.0,29.4
1628,pop bottle,9.48,9.65,0.1250,51.5,29.4
1629,pop bottle,9.48,9.94,0.0927,46.9,29.4
1630,pop bottle,9.48,10.55,0.1083,46.8,29.4
1631,pop bottle,9.48,8.70,0.0894,46.7,29.4
1632,pop bottle,9.48,9.19,0.1031,47.2,29.4
1633,pop bottle,9.48,9.53,0.1102,47.1,29.5
1634,pop bottle,9.48,10.74,0.0900,45.2,29.5
1635,pop bottle,9.48,11.39,0.0931,48.6,29.5
1636,pop bottle,9.48,9.66,0.1073,50.0,29.5
1637,pop bottle,9.48,9.14,0.1113,50.0,29.5
1638,pop bottle,9.49,11.75,0.1118,48.8,29.5
1639,pop bottle,9.49,10.68,0.1191,46.1,29.5
1640,pop bottle,9.49,10.43,0.0819,46.3,29.5
1641,pop bottle,9.49,10.44,0.1085,53.6,29.5
1642,pop bottle,9.49,10.10,0.1038,48.0,29.5
1643,pop bottle,9.49,10.30,0.1064,45.6,29.5
1644,pop bottle,9.49,11.58,0.1014,49.1,29.5
1645,pop bottle,9.49,11.37,0.1115,50.8,29.5
1646,pop bottle,9.49,10.50,0.1100,49.5,29.5
1647,pop bottle,9.49,11.34,0.1023,46.5,29.5
1648,pop bottle,9.50,10.68,0.0948,50.9,29.5
1649,pop bottle,9.49,10.61,0.0977,47.1,29.5
1650,pop bottle,9.50,10.32,0.1090,44.7,29.5
1651,pop bottle,9.50,9.88,0.0896,55.7,29.5
1652,pop bottle,9.50,9.50,0.1084,45.5,29.5
1653,pop bottle,9.50,10.55,0.0953,50.0,29.4
1654,pop bottle,9.50,9.54,0.1082,46.9,29.5
1655,pop bottle,9.50,9.55,0.1075,48.2,29.5
1656,pop bottle,9.51,11.33,0.0941,48.5,29.5
1657,pop bottle,9.51,8.98,0.0912,46.2,29.5
1658,pop bottle,9.51,10.69,0.0977,48.6,29.5
1659,pop bottle,9.51,11.47,0.1206,47.2,29.5
1660,pop bottle,9.51,11.13,0.1251,46.9,29.5
1661,pop bottle,9.51,10.72,0.1178,46.8,29.5
1662,pop bottle,9.50,13.10,0.1099,45.8,29.4
1663,pop bottle,9.50,11.07,0.1291,50.0,29.5
1664,forklift,9.50,10.67,0.0937,48.4,29.3
1665,forklift,9.50,10.11,0.1141,46.9,29.4
1666,pop bottle,9.50,10.15,0.0964,50.8,29.4
1667,pop bottle,9.51,9.55,0.0902,46.2,29.4
1668,pop bottle,9.51,10.42,0.1209,49.5,29.4
1669,pop bottle,9.51,8.98,0.0924,50.0,29.4
1670,pop bottle,9.51,11.97,0.1067,49.1,29.4
1671,cowboy boot,9.51,11.00,0.1024,47.6,29.4
1672,coffeepot,9.52,8.34,0.0656,47.3,29.4
1673,coffeepot,9.52,10.07,0.0476,51.7,29.4
1674,cowboy boot,9.52,11.52,0.0816,47.0,29.4
1675,cowboy boot,9.52,10.04,0.0563,46.9,29.5
1676,pop bottle,9.52,10.81,0.0607,49.1,29.5
1677,coffeepot,9.52,13.24,0.0613,47.7,29.5
1678,cowboy boot,9.52,11.85,0.0817,47.4,29.5
1679,pop bottle,9.52,10.48,0.0992,44.9,29.5
1680,pop bottle,9.52,12.36,0.0959,50.8,29.3
1681,pop bottle,9.52,10.28,0.1164,47.0,29.4
1682,pop bottle,9.52,8.81,0.0813,49.5,29.4
1683,pop bottle,9.52,9.36,0.0799,46.3,29.4
1684,pop bottle,9.53,10.04,0.2003,47.4,29.4
1685,pop bottle,9.53,11.80,0.1077,50.0,29.4
1686,pop bottle,9.53,9.76,0.1407,44.4,29.4
1687,pop bottle,9.53,13.43,0.1796,53.6,29.4
1688,pop bottle,9.53,10.60,0.2121,51.6,29.4
1689,cowboy boot,9.53,10.04,0.1572,46.0,29.4
1690,cowboy boot,9.53,11.43,0.1790,47.1,29.4
1691,forklift,9.53,10.28,0.1073,45.8,29.4
1692,fur coat,9.52,9.74,0.1390,47.7,29.4
1693,lipstick,9.52,11.03,0.0366,46.1,29.4
1694,toilet tissue,9.50,7.61,0.0563,21.0,29.4
1695,toilet tissue,9.50,8.63,0.0585,45.9,29.4
1696,brass,9.50,10.55,0.0368,46.9,29.4
1697,brass,9.50,10.49,0.0505,45.4,29.4
1698,brass,9.50,9.06,0.0476,49.0,29.4
1699,brass,9.50,10.52,0.0520,49.5,29.4
1700,brass,9.50,9.32,0.0480,47.4,29.4
1701,brass,9.50,9.97,0.0489,44.2,29.4
1702,brass,9.50,9.98,0.0460,55.2,29.4
1703,brass,9.50,11.19,0.0565,47.1,29.4
1704,brass,9.50,8.56,0.0666,47.8,29.4
1705,brass,9.50,10.61,0.0553,49.0,29.4
1706,brass,9.50,11.64,0.0527,47.1,29.4
1707,brass,9.50,12.20,0.0563,46.9,29.4
1708,brass,9.50,12.32,0.0581,44.5,29.4
1709,brass,9.50,9.57,0.0578,46.8,29.4
1710,brass,9.50,10.38,0.0548,47.1,29.4
1711,brass,9.50,10.93,0.0601,47.5,29.4
1712,brass,9.50,10.49,0.0650,48.4,29.4
1713,brass,9.50,11.28,0.0543,46.8,29.4
1714,brass,9.50,10.35,0.0554,46.2,29.4
1715,brass,9.50,10.10,0.0538,46.3,29.4
1716,brass,9.50,11.79,0.0628,48.5,29.4
1717,brass,9.50,8.80,0.0551,45.3,29.4
1718,brass,9.50,9.89,0.0588,50.3,29.4
1719,brass,9.50,11.87,0.0628,47.8,29.4
1720,brass,9.50,10.15,0.0530,47.9,29.4
1721,brass,9.50,9.88,0.0557,50.4,29.4
1722,brass,9.50,9.46,0.0544,47.4,29.4
1723,brass,9.50,10.62,0.0540,47.5,29.4
1724,brass,9.50,10.98,0.0489,47.2,29.4
1725,brass,9.49,9.77,0.0607,44.3,29.4
1726,brass,9.49,9.06,0.0505,47.5,29.4
1727,brass,9.49,11.71,0.0548,45.7,29.4
1728,brass,9.49,10.39,0.0573,48.6,29.4
1729,brass,9.49,8.38,0.0522,45.9,29.4
experiment_end,2025-05-27 02:59:01
average,,9.11,12.0,0.205,48.6,29.4
